[debug] [2026-07-03T10:14:00.711Z] ----------------------------------------------------------------------
[debug] [2026-07-03T10:14:00.712Z] Command:       /opt/homebrew/Cellar/node/25.6.1/bin/node /opt/homebrew/bin/firebase emulators:start --only auth,firestore --project demo-astroai-e2e --debug
[debug] [2026-07-03T10:14:00.713Z] CLI Version:   14.11.0
[debug] [2026-07-03T10:14:00.713Z] Platform:      darwin
[debug] [2026-07-03T10:14:00.713Z] Node Version:  v25.6.1
[debug] [2026-07-03T10:14:00.713Z] Time:          Fri Jul 03 2026 13:14:00 GMT+0300 (Eastern European Summer Time)
[debug] [2026-07-03T10:14:00.713Z] ----------------------------------------------------------------------
[debug] 
[debug] [2026-07-03T10:14:00.954Z] openjdk version "17.0.17" 2025-10-21

[debug] [2026-07-03T10:14:00.955Z] OpenJDK Runtime Environment Temurin-17.0.17+10 (build 17.0.17+10)
OpenJDK 64-Bit Server VM Temurin-17.0.17+10 (build 17.0.17+10, mixed mode, sharing)

[debug] [2026-07-03T10:14:00.962Z] Parsed Java major version: 17
[info] i  emulators: Starting emulators: auth, firestore {"metadata":{"emulator":{"name":"hub"},"message":"Starting emulators: auth, firestore"}}
[info] i  emulators: Detected demo project ID "demo-astroai-e2e", emulated services will use a demo configuration and attempts to access non-emulated services for this project will fail. {"metadata":{"emulator":{"name":"hub"},"message":"Detected demo project ID \"demo-astroai-e2e\", emulated services will use a demo configuration and attempts to access non-emulated services for this project will fail."}}
[debug] [2026-07-03T10:14:01.197Z] [logging] Logging Emulator only supports listening on one address (127.0.0.1). Not listening on ::1
[debug] [2026-07-03T10:14:01.197Z] [auth] Authentication Emulator only supports listening on one address (127.0.0.1). Not listening on ::1
[debug] [2026-07-03T10:14:01.198Z] [firestore] Firestore Emulator only supports listening on one address (127.0.0.1). Not listening on ::1
[debug] [2026-07-03T10:14:01.198Z] [firestore.websocket] websocket server for firestore only supports listening on one address (127.0.0.1). Not listening on ::1
[debug] [2026-07-03T10:14:01.198Z] assigned listening specs for emulators {"user":{"hub":[{"address":"127.0.0.1","family":"IPv4","port":4400},{"address":"::1","family":"IPv6","port":4400}],"logging":[{"address":"127.0.0.1","family":"IPv4","port":4500}],"auth":[{"address":"127.0.0.1","family":"IPv4","port":9099}],"firestore":[{"address":"127.0.0.1","family":"IPv4","port":8080}],"firestore.websocket":[{"address":"127.0.0.1","family":"IPv4","port":9150}]},"metadata":{"message":"assigned listening specs for emulators"}}
[debug] [2026-07-03T10:14:01.209Z] [hub] writing locator at /var/folders/57/w83hfs491_b5k_d4sw7tq1jh0000gn/T/hub-demo-astroai-e2e.json
[warn] ⚠  firestore: Cloud Firestore Emulator does not support multiple databases yet. {"metadata":{"emulator":{"name":"firestore"},"message":"Cloud Firestore Emulator does not support multiple databases yet."}}
[warn] ⚠  firestore: Did not find a Cloud Firestore rules file specified in a firebase.json config file. {"metadata":{"emulator":{"name":"firestore"},"message":"Did not find a Cloud Firestore rules file specified in a firebase.json config file."}}
[warn] ⚠  firestore: The emulator will default to allowing all reads and writes. Learn more about this option: https://firebase.google.com/docs/emulator-suite/install_and_configure#security_rules_configuration. {"metadata":{"emulator":{"name":"firestore"},"message":"The emulator will default to allowing all reads and writes. Learn more about this option: https://firebase.google.com/docs/emulator-suite/install_and_configure#security_rules_configuration."}}
[info] i  firestore: downloading cloud-firestore-emulator-v1.19.8.jar... {"metadata":{"emulator":{"name":"firestore"},"message":"downloading cloud-firestore-emulator-v1.19.8.jar..."}}
[debug] [2026-07-03T10:14:01.216Z] Could not find VSCode notification endpoint: FetchError: request to http://localhost:40001/vscode/notify failed, reason: . If you are not running the Firebase Data Connect VSCode extension, this is expected and not an issue.
[info] i  emulators: Shutting down emulators. {"metadata":{"emulator":{"name":"hub"},"message":"Shutting down emulators."}}
[info] i  firestore: Stopping Firestore Emulator {"metadata":{"emulator":{"name":"firestore"},"message":"Stopping Firestore Emulator"}}
[info] i  hub: Stopping emulator hub {"metadata":{"emulator":{"name":"hub"},"message":"Stopping emulator hub"}}
[debug] [2026-07-03T10:14:01.217Z] Could not find VSCode notification endpoint: FetchError: request to http://localhost:40001/vscode/notify failed, reason: . If you are not running the Firebase Data Connect VSCode extension, this is expected and not an issue.
[debug] [2026-07-03T10:14:01.413Z] Error: EACCES: permission denied, mkdir '/Users/code-with-a/.cache/firebase/emulators'
    at Object.mkdirSync (node:fs:1333:26)
    at module.exports.makeDirSync (/opt/homebrew/Cellar/firebase-cli/14.11.0/libexec/lib/node_modules/firebase-tools/node_modules/fs-extra/lib/mkdirs/make-dir.js:23:13)
    at downloadEmulator (/opt/homebrew/Cellar/firebase-cli/14.11.0/libexec/lib/node_modules/firebase-tools/lib/emulator/download.js:21:8)
    at Object.start (/opt/homebrew/Cellar/firebase-cli/14.11.0/libexec/lib/node_modules/firebase-tools/lib/emulator/downloadableEmulators.js:384:51)
    at FirestoreEmulator.start (/opt/homebrew/Cellar/firebase-cli/14.11.0/libexec/lib/node_modules/firebase-tools/lib/emulator/firestoreEmulator.js:42:38)
    at EmulatorRegistry.start (/opt/homebrew/Cellar/firebase-cli/14.11.0/libexec/lib/node_modules/firebase-tools/lib/emulator/registry.js:19:24)
    at startEmulator (/opt/homebrew/Cellar/firebase-cli/14.11.0/libexec/lib/node_modules/firebase-tools/lib/emulator/controller.js:294:44)
    at Object.startAll (/opt/homebrew/Cellar/firebase-cli/14.11.0/libexec/lib/node_modules/firebase-tools/lib/emulator/controller.js:469:15)
    at process.processTicksAndRejections (node:internal/process/task_queues:104:5)
    at async /opt/homebrew/Cellar/firebase-cli/14.11.0/libexec/lib/node_modules/firebase-tools/lib/commands/emulators-start.js:34:43
[error] 
[error] Error: An unexpected error has occurred.
[debug] [2026-07-03T10:14:22.448Z] ----------------------------------------------------------------------
[debug] [2026-07-03T10:14:22.449Z] Command:       /opt/homebrew/Cellar/node/25.6.1/bin/node /opt/homebrew/bin/firebase emulators:start --only auth,firestore --project demo-astroai-e2e
[debug] [2026-07-03T10:14:22.449Z] CLI Version:   14.11.0
[debug] [2026-07-03T10:14:22.449Z] Platform:      darwin
[debug] [2026-07-03T10:14:22.449Z] Node Version:  v25.6.1
[debug] [2026-07-03T10:14:22.449Z] Time:          Fri Jul 03 2026 13:14:22 GMT+0300 (Eastern European Summer Time)
[debug] [2026-07-03T10:14:22.449Z] ----------------------------------------------------------------------
[debug] 
[debug] [2026-07-03T10:14:22.707Z] openjdk version "17.0.17" 2025-10-21

[debug] [2026-07-03T10:14:22.707Z] OpenJDK Runtime Environment Temurin-17.0.17+10 (build 17.0.17+10)
OpenJDK 64-Bit Server VM Temurin-17.0.17+10 (build 17.0.17+10, mixed mode, sharing)

[debug] [2026-07-03T10:14:22.714Z] Parsed Java major version: 17
[info] i  emulators: Starting emulators: auth, firestore {"metadata":{"emulator":{"name":"hub"},"message":"Starting emulators: auth, firestore"}}
[info] i  emulators: Detected demo project ID "demo-astroai-e2e", emulated services will use a demo configuration and attempts to access non-emulated services for this project will fail. {"metadata":{"emulator":{"name":"hub"},"message":"Detected demo project ID \"demo-astroai-e2e\", emulated services will use a demo configuration and attempts to access non-emulated services for this project will fail."}}
[debug] [2026-07-03T10:14:22.908Z] [logging] Logging Emulator only supports listening on one address (127.0.0.1). Not listening on ::1
[debug] [2026-07-03T10:14:22.908Z] [auth] Authentication Emulator only supports listening on one address (127.0.0.1). Not listening on ::1
[debug] [2026-07-03T10:14:22.908Z] [firestore] Firestore Emulator only supports listening on one address (127.0.0.1). Not listening on ::1
[debug] [2026-07-03T10:14:22.908Z] [firestore.websocket] websocket server for firestore only supports listening on one address (127.0.0.1). Not listening on ::1
[debug] [2026-07-03T10:14:22.909Z] assigned listening specs for emulators {"user":{"hub":[{"address":"127.0.0.1","family":"IPv4","port":4400},{"address":"::1","family":"IPv6","port":4400}],"logging":[{"address":"127.0.0.1","family":"IPv4","port":4500}],"auth":[{"address":"127.0.0.1","family":"IPv4","port":9099}],"firestore":[{"address":"127.0.0.1","family":"IPv4","port":8080}],"firestore.websocket":[{"address":"127.0.0.1","family":"IPv4","port":9150}]},"metadata":{"message":"assigned listening specs for emulators"}}
[debug] [2026-07-03T10:14:22.912Z] [hub] writing locator at /var/folders/57/w83hfs491_b5k_d4sw7tq1jh0000gn/T/hub-demo-astroai-e2e.json
[warn] ⚠  firestore: Cloud Firestore Emulator does not support multiple databases yet. {"metadata":{"emulator":{"name":"firestore"},"message":"Cloud Firestore Emulator does not support multiple databases yet."}}
[warn] ⚠  firestore: Did not find a Cloud Firestore rules file specified in a firebase.json config file. {"metadata":{"emulator":{"name":"firestore"},"message":"Did not find a Cloud Firestore rules file specified in a firebase.json config file."}}
[warn] ⚠  firestore: The emulator will default to allowing all reads and writes. Learn more about this option: https://firebase.google.com/docs/emulator-suite/install_and_configure#security_rules_configuration. {"metadata":{"emulator":{"name":"firestore"},"message":"The emulator will default to allowing all reads and writes. Learn more about this option: https://firebase.google.com/docs/emulator-suite/install_and_configure#security_rules_configuration."}}
[info] i  firestore: downloading cloud-firestore-emulator-v1.19.8.jar... {"metadata":{"emulator":{"name":"firestore"},"message":"downloading cloud-firestore-emulator-v1.19.8.jar..."}}
[debug] [2026-07-03T10:14:22.918Z] Could not find VSCode notification endpoint: FetchError: request to http://localhost:40001/vscode/notify failed, reason: . If you are not running the Firebase Data Connect VSCode extension, this is expected and not an issue.
[info] i  emulators: Shutting down emulators. {"metadata":{"emulator":{"name":"hub"},"message":"Shutting down emulators."}}
[info] i  firestore: Stopping Firestore Emulator {"metadata":{"emulator":{"name":"firestore"},"message":"Stopping Firestore Emulator"}}
[info] i  hub: Stopping emulator hub {"metadata":{"emulator":{"name":"hub"},"message":"Stopping emulator hub"}}
[debug] [2026-07-03T10:14:22.920Z] Could not find VSCode notification endpoint: FetchError: request to http://localhost:40001/vscode/notify failed, reason: . If you are not running the Firebase Data Connect VSCode extension, this is expected and not an issue.
[debug] [2026-07-03T10:14:23.194Z] Error: EACCES: permission denied, mkdir '/Users/code-with-a/.cache/firebase/emulators'
    at Object.mkdirSync (node:fs:1333:26)
    at module.exports.makeDirSync (/opt/homebrew/Cellar/firebase-cli/14.11.0/libexec/lib/node_modules/firebase-tools/node_modules/fs-extra/lib/mkdirs/make-dir.js:23:13)
    at downloadEmulator (/opt/homebrew/Cellar/firebase-cli/14.11.0/libexec/lib/node_modules/firebase-tools/lib/emulator/download.js:21:8)
    at Object.start (/opt/homebrew/Cellar/firebase-cli/14.11.0/libexec/lib/node_modules/firebase-tools/lib/emulator/downloadableEmulators.js:384:51)
    at FirestoreEmulator.start (/opt/homebrew/Cellar/firebase-cli/14.11.0/libexec/lib/node_modules/firebase-tools/lib/emulator/firestoreEmulator.js:42:38)
    at EmulatorRegistry.start (/opt/homebrew/Cellar/firebase-cli/14.11.0/libexec/lib/node_modules/firebase-tools/lib/emulator/registry.js:19:24)
    at startEmulator (/opt/homebrew/Cellar/firebase-cli/14.11.0/libexec/lib/node_modules/firebase-tools/lib/emulator/controller.js:294:44)
    at Object.startAll (/opt/homebrew/Cellar/firebase-cli/14.11.0/libexec/lib/node_modules/firebase-tools/lib/emulator/controller.js:469:15)
    at process.processTicksAndRejections (node:internal/process/task_queues:104:5)
    at async /opt/homebrew/Cellar/firebase-cli/14.11.0/libexec/lib/node_modules/firebase-tools/lib/commands/emulators-start.js:34:43
[error] 
[error] Error: An unexpected error has occurred.
[debug] [2026-07-03T10:14:37.729Z] ----------------------------------------------------------------------
[debug] [2026-07-03T10:14:37.730Z] Command:       /opt/homebrew/Cellar/node/25.6.1/bin/node /opt/homebrew/bin/firebase emulators:start --only auth,firestore --project demo-astroai-e2e
[debug] [2026-07-03T10:14:37.730Z] CLI Version:   14.11.0
[debug] [2026-07-03T10:14:37.730Z] Platform:      darwin
[debug] [2026-07-03T10:14:37.730Z] Node Version:  v25.6.1
[debug] [2026-07-03T10:14:37.731Z] Time:          Fri Jul 03 2026 13:14:37 GMT+0300 (Eastern European Summer Time)
[debug] [2026-07-03T10:14:37.731Z] ----------------------------------------------------------------------
[debug] 
[debug] [2026-07-03T10:14:37.731Z] >>> [apiv2][query] GET https://firebase-public.firebaseio.com/cli.json [none]
[debug] [2026-07-03T10:14:37.974Z] openjdk version "17.0.17" 2025-10-21

[debug] [2026-07-03T10:14:37.974Z] OpenJDK Runtime Environment Temurin-17.0.17+10 (build 17.0.17+10)
OpenJDK 64-Bit Server VM Temurin-17.0.17+10 (build 17.0.17+10, mixed mode, sharing)

[debug] [2026-07-03T10:14:37.982Z] Parsed Java major version: 17
[info] i  emulators: Starting emulators: auth, firestore {"metadata":{"emulator":{"name":"hub"},"message":"Starting emulators: auth, firestore"}}
[info] i  emulators: Detected demo project ID "demo-astroai-e2e", emulated services will use a demo configuration and attempts to access non-emulated services for this project will fail. {"metadata":{"emulator":{"name":"hub"},"message":"Detected demo project ID \"demo-astroai-e2e\", emulated services will use a demo configuration and attempts to access non-emulated services for this project will fail."}}
[debug] [2026-07-03T10:14:38.142Z] [logging] Logging Emulator only supports listening on one address (127.0.0.1). Not listening on ::1
[debug] [2026-07-03T10:14:38.142Z] [auth] Authentication Emulator only supports listening on one address (127.0.0.1). Not listening on ::1
[debug] [2026-07-03T10:14:38.142Z] [firestore] Firestore Emulator only supports listening on one address (127.0.0.1). Not listening on ::1
[debug] [2026-07-03T10:14:38.142Z] [firestore.websocket] websocket server for firestore only supports listening on one address (127.0.0.1). Not listening on ::1
[debug] [2026-07-03T10:14:38.142Z] assigned listening specs for emulators {"user":{"hub":[{"address":"127.0.0.1","family":"IPv4","port":4400},{"address":"::1","family":"IPv6","port":4400}],"logging":[{"address":"127.0.0.1","family":"IPv4","port":4500}],"auth":[{"address":"127.0.0.1","family":"IPv4","port":9099}],"firestore":[{"address":"127.0.0.1","family":"IPv4","port":8080}],"firestore.websocket":[{"address":"127.0.0.1","family":"IPv4","port":9150}]},"metadata":{"message":"assigned listening specs for emulators"}}
[debug] [2026-07-03T10:14:38.144Z] [hub] writing locator at /var/folders/57/w83hfs491_b5k_d4sw7tq1jh0000gn/T/hub-demo-astroai-e2e.json
[warn] ⚠  firestore: Cloud Firestore Emulator does not support multiple databases yet. {"metadata":{"emulator":{"name":"firestore"},"message":"Cloud Firestore Emulator does not support multiple databases yet."}}
[warn] ⚠  firestore: Did not find a Cloud Firestore rules file specified in a firebase.json config file. {"metadata":{"emulator":{"name":"firestore"},"message":"Did not find a Cloud Firestore rules file specified in a firebase.json config file."}}
[warn] ⚠  firestore: The emulator will default to allowing all reads and writes. Learn more about this option: https://firebase.google.com/docs/emulator-suite/install_and_configure#security_rules_configuration. {"metadata":{"emulator":{"name":"firestore"},"message":"The emulator will default to allowing all reads and writes. Learn more about this option: https://firebase.google.com/docs/emulator-suite/install_and_configure#security_rules_configuration."}}
[info] i  firestore: downloading cloud-firestore-emulator-v1.19.8.jar... {"metadata":{"emulator":{"name":"firestore"},"message":"downloading cloud-firestore-emulator-v1.19.8.jar..."}}
[debug] [2026-07-03T10:14:38.148Z] >>> [apiv2][query] GET https://storage.googleapis.com/firebase-preview-drop/emulator/cloud-firestore-emulator-v1.19.8.jar 
[debug] [2026-07-03T10:14:38.331Z] <<< [apiv2][status] GET https://firebase-public.firebaseio.com/cli.json 200
[debug] [2026-07-03T10:14:38.331Z] <<< [apiv2][body] GET https://firebase-public.firebaseio.com/cli.json {"cloudBuildErrorAfter":1594252800000,"cloudBuildWarnAfter":1590019200000,"defaultNode10After":1594252800000,"minVersion":"3.0.5","node8DeploysDisabledAfter":1613390400000,"node8RuntimeDisabledAfter":1615809600000,"node8WarnAfter":1600128000000}
[debug] [2026-07-03T10:14:38.559Z] <<< [apiv2][status] GET https://storage.googleapis.com/firebase-preview-drop/emulator/cloud-firestore-emulator-v1.19.8.jar 200
[debug] [2026-07-03T10:14:38.560Z] <<< [apiv2][body] GET https://storage.googleapis.com/firebase-preview-drop/emulator/cloud-firestore-emulator-v1.19.8.jar [stream]
[debug] [2026-07-03T10:14:46.077Z] Ignoring unsupported arg: auto_download {"metadata":{"emulator":{"name":"firestore"},"message":"Ignoring unsupported arg: auto_download"}}
[debug] [2026-07-03T10:14:46.077Z] Ignoring unsupported arg: single_project_mode_error {"metadata":{"emulator":{"name":"firestore"},"message":"Ignoring unsupported arg: single_project_mode_error"}}
[debug] [2026-07-03T10:14:46.077Z] Starting Firestore Emulator with command {"binary":"java","args":["-Dgoogle.cloud_firestore.debug_log_level=FINE","-Duser.language=en","-jar","/Users/code-with-a/Dev/COSMIC-AI/.firebase-home/.cache/firebase/emulators/cloud-firestore-emulator-v1.19.8.jar","--host","127.0.0.1","--port",8080,"--websocket_port",9150,"--project_id","demo-astroai-e2e","--single_project_mode",true],"optionalArgs":["port","webchannel_port","host","rules","websocket_port","functions_emulator","seed_from_export","project_id","single_project_mode"],"joinArgs":false,"shell":false,"port":8080} {"metadata":{"emulator":{"name":"firestore"},"message":"Starting Firestore Emulator with command {\"binary\":\"java\",\"args\":[\"-Dgoogle.cloud_firestore.debug_log_level=FINE\",\"-Duser.language=en\",\"-jar\",\"/Users/code-with-a/Dev/COSMIC-AI/.firebase-home/.cache/firebase/emulators/cloud-firestore-emulator-v1.19.8.jar\",\"--host\",\"127.0.0.1\",\"--port\",8080,\"--websocket_port\",9150,\"--project_id\",\"demo-astroai-e2e\",\"--single_project_mode\",true],\"optionalArgs\":[\"port\",\"webchannel_port\",\"host\",\"rules\",\"websocket_port\",\"functions_emulator\",\"seed_from_export\",\"project_id\",\"single_project_mode\"],\"joinArgs\":false,\"shell\":false,\"port\":8080}"}}
[info] i  firestore: Firestore Emulator logging to firestore-debug.log {"metadata":{"emulator":{"name":"firestore"},"message":"Firestore Emulator logging to firestore-debug.log"}}
[debug] [2026-07-03T10:14:46.613Z] Jul 03, 2026 1:14:46 PM com.google.cloud.datastore.emulator.firestore.websocket.WebSocketServer start
INFO: Started WebSocket server on ws://127.0.0.1:9150
 {"metadata":{"emulator":{"name":"firestore"},"message":"Jul 03, 2026 1:14:46 PM com.google.cloud.datastore.emulator.firestore.websocket.WebSocketServer start\nINFO: Started WebSocket server on ws://127.0.0.1:9150\n"}}
[debug] [2026-07-03T10:14:46.624Z] API endpoint: http:// {"metadata":{"emulator":{"name":"firestore"},"message":"API endpoint: http://"}}
[debug] [2026-07-03T10:14:46.624Z] 127.0.0.1:8080
If you are using a library that supports the FIRESTORE_EMULATOR_HOST environment variable, run:

   export FIRESTORE_EMULATOR_HOST=127.0.0.1:8080

If you are running a Firestore in Datastore Mode project, run:

   export DATASTORE_EMULATOR_HOST=127.0.0.1:8080

Note: Support for Datastore Mode is in preview. If you encounter any bugs please file at https://github.com/firebase/firebase-tools/issues.
Dev App Server is now running.

 {"metadata":{"emulator":{"name":"firestore"},"message":"127.0.0.1:8080\nIf you are using a library that supports the FIRESTORE_EMULATOR_HOST environment variable, run:\n\n   export FIRESTORE_EMULATOR_HOST=127.0.0.1:8080\n\nIf you are running a Firestore in Datastore Mode project, run:\n\n   export DATASTORE_EMULATOR_HOST=127.0.0.1:8080\n\nNote: Support for Datastore Mode is in preview. If you encounter any bugs please file at https://github.com/firebase/firebase-tools/issues.\nDev App Server is now running.\n\n"}}
[info] ✔  firestore: Firestore Emulator UI websocket is running on 9150. {"metadata":{"emulator":{"name":"firestore"},"message":"Firestore Emulator UI websocket is running on 9150."}}
[warn] ⚠  emulators: The Emulator UI is not starting, either because none of the running emulators have a UI component or the Emulator UI cannot determine the Project ID. Pass the --project flag to specify a project. {"metadata":{"emulator":{"name":"hub"},"message":"The Emulator UI is not starting, either because none of the running emulators have a UI component or the Emulator UI cannot determine the Project ID. Pass the --project flag to specify a project."}}
[debug] [2026-07-03T10:14:49.114Z] Could not find VSCode notification endpoint: FetchError: request to http://localhost:40001/vscode/notify failed, reason: . If you are not running the Firebase Data Connect VSCode extension, this is expected and not an issue.
[info] 
┌─────────────────────────────────────────────────────────────┐
│ ✔  All emulators ready! It is now safe to connect your app. │
└─────────────────────────────────────────────────────────────┘

┌────────────────┬────────────────┐
│ Emulator       │ Host:Port      │
├────────────────┼────────────────┤
│ Authentication │ 127.0.0.1:9099 │
├────────────────┼────────────────┤
│ Firestore      │ 127.0.0.1:8080 │
└────────────────┴────────────────┘
  Emulator Hub host: 127.0.0.1 port: 4400
  Other reserved ports: 4500, 9150

Issues? Report them at https://github.com/firebase/firebase-tools/issues and attach the *-debug.log files.
 
[debug] [2026-07-03T10:18:46.118Z] Jul 03, 2026 1:18:46 PM io.gapi.emulators.netty.HttpVersionRoutingHandler channelRead
INFO: Detected non-HTTP/2 connection.
 {"metadata":{"emulator":{"name":"firestore"},"message":"Jul 03, 2026 1:18:46 PM io.gapi.emulators.netty.HttpVersionRoutingHandler channelRead\nINFO: Detected non-HTTP/2 connection.\n"}}
[debug] [2026-07-03T10:18:51.806Z] Jul 03, 2026 1:18:51 PM io.gapi.emulators.netty.HttpVersionRoutingHandler channelRead
INFO: Detected non-HTTP/2 connection.
 {"metadata":{"emulator":{"name":"firestore"},"message":"Jul 03, 2026 1:18:51 PM io.gapi.emulators.netty.HttpVersionRoutingHandler channelRead\nINFO: Detected non-HTTP/2 connection.\n"}}
[debug] [2026-07-03T10:18:52.283Z] Jul 03, 2026 1:18:52 PM io.gapi.emulators.netty.HttpVersionRoutingHandler channelRead
INFO: Detected HTTP/2 connection.
 {"metadata":{"emulator":{"name":"firestore"},"message":"Jul 03, 2026 1:18:52 PM io.gapi.emulators.netty.HttpVersionRoutingHandler channelRead\nINFO: Detected HTTP/2 connection.\n"}}
[debug] [2026-07-03T10:20:03.520Z] Jul 03, 2026 1:20:03 PM io.gapi.emulators.netty.HttpVersionRoutingHandler channelRead
INFO: Detected non-HTTP/2 connection.
 {"metadata":{"emulator":{"name":"firestore"},"message":"Jul 03, 2026 1:20:03 PM io.gapi.emulators.netty.HttpVersionRoutingHandler channelRead\nINFO: Detected non-HTTP/2 connection.\n"}}
[debug] [2026-07-03T10:20:03.874Z] Jul 03, 2026 1:20:03 PM io.gapi.emulators.netty.HttpVersionRoutingHandler channelRead
INFO: Detected HTTP/2 connection.
 {"metadata":{"emulator":{"name":"firestore"},"message":"Jul 03, 2026 1:20:03 PM io.gapi.emulators.netty.HttpVersionRoutingHandler channelRead\nINFO: Detected HTTP/2 connection.\n"}}
[debug] [2026-07-03T10:44:02.883Z] Received signal SIGTERM 1
[info]  
[info] i  emulators: Received SIGTERM for the first time. Starting a clean shutdown. 
[info] i  emulators: Please wait for a clean shutdown or send the SIGTERM signal again to stop right now. 
[debug] [2026-07-03T10:44:03.059Z] Error: write EPIPE
    at afterWriteDispatched (node:internal/stream_base_commons:159:15)
    at writeGeneric (node:internal/stream_base_commons:150:3)
    at Socket._writeGeneric (node:net:1025:11)
    at Socket._write (node:net:1037:8)
    at writeOrBuffer (node:internal/streams/writable:570:12)
    at _write (node:internal/streams/writable:499:10)
    at Writable.write (node:internal/streams/writable:508:10)
    at Console.log (/opt/homebrew/Cellar/firebase-cli/14.11.0/libexec/lib/node_modules/firebase-tools/node_modules/winston/lib/winston/transports/console.js:87:23)
    at Console._write (/opt/homebrew/Cellar/firebase-cli/14.11.0/libexec/lib/node_modules/firebase-tools/node_modules/winston-transport/modern.js:103:17)
    at doWrite (/opt/homebrew/Cellar/firebase-cli/14.11.0/libexec/lib/node_modules/firebase-tools/node_modules/winston-transport/node_modules/readable-stream/lib/_stream_writable.js:390:139)
[error] 
[error] Error: An unexpected error has occurred.
[debug] [2026-07-03T10:44:03.065Z] Error: write EPIPE
    at afterWriteDispatched (node:internal/stream_base_commons:159:15)
    at writeGeneric (node:internal/stream_base_commons:150:3)
    at Socket._writeGeneric (node:net:1025:11)
    at Socket._write (node:net:1037:8)
    at writeOrBuffer (node:internal/streams/writable:570:12)
    at _write (node:internal/streams/writable:499:10)
    at Writable.write (node:internal/streams/writable:508:10)
    at Console.log (/opt/homebrew/Cellar/firebase-cli/14.11.0/libexec/lib/node_modules/firebase-tools/node_modules/winston/lib/winston/transports/console.js:87:23)
    at Console._write (/opt/homebrew/Cellar/firebase-cli/14.11.0/libexec/lib/node_modules/firebase-tools/node_modules/winston-transport/modern.js:103:17)
    at doWrite (/opt/homebrew/Cellar/firebase-cli/14.11.0/libexec/lib/node_modules/firebase-tools/node_modules/winston-transport/node_modules/readable-stream/lib/_stream_writable.js:390:139)
[error] 
[error] Error: An unexpected error has occurred.
[debug] [2026-07-03T10:44:03.069Z] Error: write EPIPE
    at afterWriteDispatched (node:internal/stream_base_commons:159:15)
    at writeGeneric (node:internal/stream_base_commons:150:3)
    at Socket._writeGeneric (node:net:1025:11)
    at Socket._write (node:net:1037:8)
    at writeOrBuffer (node:internal/streams/writable:570:12)
    at _write (node:internal/streams/writable:499:10)
    at Writable.write (node:internal/streams/writable:508:10)
    at Console.log (/opt/homebrew/Cellar/firebase-cli/14.11.0/libexec/lib/node_modules/firebase-tools/node_modules/winston/lib/winston/transports/console.js:87:23)
    at Console._write (/opt/homebrew/Cellar/firebase-cli/14.11.0/libexec/lib/node_modules/firebase-tools/node_modules/winston-transport/modern.js:103:17)
    at doWrite (/opt/homebrew/Cellar/firebase-cli/14.11.0/libexec/lib/node_modules/firebase-tools/node_modules/winston-transport/node_modules/readable-stream/lib/_stream_writable.js:390:139)
[error] 
[error] Error: An unexpected error has occurred.
[debug] [2026-07-03T10:44:03.070Z] Error: write EPIPE
    at afterWriteDispatched (node:internal/stream_base_commons:159:15)
    at writeGeneric (node:internal/stream_base_commons:150:3)
    at Socket._writeGeneric (node:net:1025:11)
    at Socket._write (node:net:1037:8)
    at writeOrBuffer (node:internal/streams/writable:570:12)
    at _write (node:internal/streams/writable:499:10)
    at Writable.write (node:internal/streams/writable:508:10)
    at Console.log (/opt/homebrew/Cellar/firebase-cli/14.11.0/libexec/lib/node_modules/firebase-tools/node_modules/winston/lib/winston/transports/console.js:87:23)
    at Console._write (/opt/homebrew/Cellar/firebase-cli/14.11.0/libexec/lib/node_modules/firebase-tools/node_modules/winston-transport/modern.js:103:17)
    at doWrite (/opt/homebrew/Cellar/firebase-cli/14.11.0/libexec/lib/node_modules/firebase-tools/node_modules/winston-transport/node_modules/readable-stream/lib/_stream_writable.js:390:139)
[error] 
[error] Error: An unexpected error has occurred.
[debug] [2026-07-03T10:44:03.070Z] Error: write EPIPE
    at afterWriteDispatched (node:internal/stream_base_commons:159:15)
    at writeGeneric (node:internal/stream_base_commons:150:3)
    at Socket._writeGeneric (node:net:1025:11)
    at Socket._write (node:net:1037:8)
    at writeOrBuffer (node:internal/streams/writable:570:12)
    at _write (node:internal/streams/writable:499:10)
    at Writable.write (node:internal/streams/writable:508:10)
    at Console.log (/opt/homebrew/Cellar/firebase-cli/14.11.0/libexec/lib/node_modules/firebase-tools/node_modules/winston/lib/winston/transports/console.js:87:23)
    at Console._write (/opt/homebrew/Cellar/firebase-cli/14.11.0/libexec/lib/node_modules/firebase-tools/node_modules/winston-transport/modern.js:103:17)
    at doWrite (/opt/homebrew/Cellar/firebase-cli/14.11.0/libexec/lib/node_modules/firebase-tools/node_modules/winston-transport/node_modules/readable-stream/lib/_stream_writable.js:390:139)
[error] 
[error] Error: An unexpected error has occurred.
[debug] [2026-07-03T10:44:03.071Z] Error: write EPIPE
    at afterWriteDispatched (node:internal/stream_base_commons:159:15)
    at writeGeneric (node:internal/stream_base_commons:150:3)
    at Socket._writeGeneric (node:net:1025:11)
    at Socket._write (node:net:1037:8)
    at writeOrBuffer (node:internal/streams/writable:570:12)
    at _write (node:internal/streams/writable:499:10)
    at Writable.write (node:internal/streams/writable:508:10)
    at Console.log (/opt/homebrew/Cellar/firebase-cli/14.11.0/libexec/lib/node_modules/firebase-tools/node_modules/winston/lib/winston/transports/console.js:87:23)
    at Console._write (/opt/homebrew/Cellar/firebase-cli/14.11.0/libexec/lib/node_modules/firebase-tools/node_modules/winston-transport/modern.js:103:17)
    at doWrite (/opt/homebrew/Cellar/firebase-cli/14.11.0/libexec/lib/node_modules/firebase-tools/node_modules/winston-transport/node_modules/readable-stream/lib/_stream_writable.js:390:139)
[error] 
[error] Error: An unexpected error has occurred.
[debug] [2026-07-03T10:44:03.071Z] Error: write EPIPE
    at afterWriteDispatched (node:internal/stream_base_commons:159:15)
    at writeGeneric (node:internal/stream_base_commons:150:3)
    at Socket._writeGeneric (node:net:1025:11)
    at Socket._write (node:net:1037:8)
    at writeOrBuffer (node:internal/streams/writable:570:12)
    at _write (node:internal/streams/writable:499:10)
    at Writable.write (node:internal/streams/writable:508:10)
    at Console.log (/opt/homebrew/Cellar/firebase-cli/14.11.0/libexec/lib/node_modules/firebase-tools/node_modules/winston/lib/winston/transports/console.js:87:23)
    at Console._write (/opt/homebrew/Cellar/firebase-cli/14.11.0/libexec/lib/node_modules/firebase-tools/node_modules/winston-transport/modern.js:103:17)
    at doWrite (/opt/homebrew/Cellar/firebase-cli/14.11.0/libexec/lib/node_modules/firebase-tools/node_modules/winston-transport/node_modules/readable-stream/lib/_stream_writable.js:390:139)
[error] 
[error] Error: An unexpected error has occurred.
[debug] [2026-07-03T10:44:03.071Z] Error: write EPIPE
    at afterWriteDispatched (node:internal/stream_base_commons:159:15)
    at writeGeneric (node:internal/stream_base_commons:150:3)
    at Socket._writeGeneric (node:net:1025:11)
    at Socket._write (node:net:1037:8)
    at writeOrBuffer (node:internal/streams/writable:570:12)
    at _write (node:internal/streams/writable:499:10)
    at Writable.write (node:internal/streams/writable:508:10)
    at Console.log (/opt/homebrew/Cellar/firebase-cli/14.11.0/libexec/lib/node_modules/firebase-tools/node_modules/winston/lib/winston/transports/console.js:87:23)
    at Console._write (/opt/homebrew/Cellar/firebase-cli/14.11.0/libexec/lib/node_modules/firebase-tools/node_modules/winston-transport/modern.js:103:17)
    at doWrite (/opt/homebrew/Cellar/firebase-cli/14.11.0/libexec/lib/node_modules/firebase-tools/node_modules/winston-transport/node_modules/readable-stream/lib/_stream_writable.js:390:139)
[error] 
[error] Error: An unexpected error has occurred.
[debug] [2026-07-03T10:44:03.071Z] Error: write EPIPE
    at afterWriteDispatched (node:internal/stream_base_commons:159:15)
    at writeGeneric (node:internal/stream_base_commons:150:3)
    at Socket._writeGeneric (node:net:1025:11)
    at Socket._write (node:net:1037:8)
    at writeOrBuffer (node:internal/streams/writable:570:12)
    at _write (node:internal/streams/writable:499:10)
    at Writable.write (node:internal/streams/writable:508:10)
    at Console.log (/opt/homebrew/Cellar/firebase-cli/14.11.0/libexec/lib/node_modules/firebase-tools/node_modules/winston/lib/winston/transports/console.js:87:23)
    at Console._write (/opt/homebrew/Cellar/firebase-cli/14.11.0/libexec/lib/node_modules/firebase-tools/node_modules/winston-transport/modern.js:103:17)
    at doWrite (/opt/homebrew/Cellar/firebase-cli/14.11.0/libexec/lib/node_modules/firebase-tools/node_modules/winston-transport/node_modules/readable-stream/lib/_stream_writable.js:390:139)
[error] 
[error] Error: An unexpected error has occurred.
[debug] [2026-07-03T10:44:03.112Z] Error: write EPIPE
    at afterWriteDispatched (node:internal/stream_base_commons:159:15)
    at writeGeneric (node:internal/stream_base_commons:150:3)
    at Socket._writeGeneric (node:net:1025:11)
    at Socket._write (node:net:1037:8)
    at writeOrBuffer (node:internal/streams/writable:570:12)
    at _write (node:internal/streams/writable:499:10)
    at Writable.write (node:internal/streams/writable:508:10)
    at Console.log (/opt/homebrew/Cellar/firebase-cli/14.11.0/libexec/lib/node_modules/firebase-tools/node_modules/winston/lib/winston/transports/console.js:87:23)
    at Console._write (/opt/homebrew/Cellar/firebase-cli/14.11.0/libexec/lib/node_modules/firebase-tools/node_modules/winston-transport/modern.js:103:17)
    at doWrite (/opt/homebrew/Cellar/firebase-cli/14.11.0/libexec/lib/node_modules/firebase-tools/node_modules/winston-transport/node_modules/readable-stream/lib/_stream_writable.js:390:139)
[error] 
[error] Error: An unexpected error has occurred.
[debug] [2026-07-03T10:44:03.112Z] Error: write EPIPE
    at afterWriteDispatched (node:internal/stream_base_commons:159:15)
    at writeGeneric (node:internal/stream_base_commons:150:3)
    at Socket._writeGeneric (node:net:1025:11)
    at Socket._write (node:net:1037:8)
    at writeOrBuffer (node:internal/streams/writable:570:12)
    at _write (node:internal/streams/writable:499:10)
    at Writable.write (node:internal/streams/writable:508:10)
    at Console.log (/opt/homebrew/Cellar/firebase-cli/14.11.0/libexec/lib/node_modules/firebase-tools/node_modules/winston/lib/winston/transports/console.js:87:23)
    at Console._write (/opt/homebrew/Cellar/firebase-cli/14.11.0/libexec/lib/node_modules/firebase-tools/node_modules/winston-transport/modern.js:103:17)
    at doWrite (/opt/homebrew/Cellar/firebase-cli/14.11.0/libexec/lib/node_modules/firebase-tools/node_modules/winston-transport/node_modules/readable-stream/lib/_stream_writable.js:390:139)
[error] 
[error] Error: An unexpected error has occurred.
[debug] [2026-07-03T10:44:03.112Z] Error: write EPIPE
    at afterWriteDispatched (node:internal/stream_base_commons:159:15)
    at writeGeneric (node:internal/stream_base_commons:150:3)
    at Socket._writeGeneric (node:net:1025:11)
    at Socket._write (node:net:1037:8)
    at writeOrBuffer (node:internal/streams/writable:570:12)
    at _write (node:internal/streams/writable:499:10)
    at Writable.write (node:internal/streams/writable:508:10)
    at Console.log (/opt/homebrew/Cellar/firebase-cli/14.11.0/libexec/lib/node_modules/firebase-tools/node_modules/winston/lib/winston/transports/console.js:87:23)
    at Console._write (/opt/homebrew/Cellar/firebase-cli/14.11.0/libexec/lib/node_modules/firebase-tools/node_modules/winston-transport/modern.js:103:17)
    at doWrite (/opt/homebrew/Cellar/firebase-cli/14.11.0/libexec/lib/node_modules/firebase-tools/node_modules/winston-transport/node_modules/readable-stream/lib/_stream_writable.js:390:139)
[error] 
[error] Error: An unexpected error has occurred.
[debug] [2026-07-03T10:44:03.112Z] Error: write EPIPE
    at afterWriteDispatched (node:internal/stream_base_commons:159:15)
    at writeGeneric (node:internal/stream_base_commons:150:3)
    at Socket._writeGeneric (node:net:1025:11)
    at Socket._write (node:net:1037:8)
    at writeOrBuffer (node:internal/streams/writable:570:12)
    at _write (node:internal/streams/writable:499:10)
    at Writable.write (node:internal/streams/writable:508:10)
    at Console.log (/opt/homebrew/Cellar/firebase-cli/14.11.0/libexec/lib/node_modules/firebase-tools/node_modules/winston/lib/winston/transports/console.js:87:23)
    at Console._write (/opt/homebrew/Cellar/firebase-cli/14.11.0/libexec/lib/node_modules/firebase-tools/node_modules/winston-transport/modern.js:103:17)
    at doWrite (/opt/homebrew/Cellar/firebase-cli/14.11.0/libexec/lib/node_modules/firebase-tools/node_modules/winston-transport/node_modules/readable-stream/lib/_stream_writable.js:390:139)
[error] 
[error] Error: An unexpected error has occurred.
[debug] [2026-07-03T10:44:03.113Z] Error: write EPIPE
    at afterWriteDispatched (node:internal/stream_base_commons:159:15)
    at writeGeneric (node:internal/stream_base_commons:150:3)
    at Socket._writeGeneric (node:net:1025:11)
    at Socket._write (node:net:1037:8)
    at writeOrBuffer (node:internal/streams/writable:570:12)
    at _write (node:internal/streams/writable:499:10)
    at Writable.write (node:internal/streams/writable:508:10)
    at Console.log (/opt/homebrew/Cellar/firebase-cli/14.11.0/libexec/lib/node_modules/firebase-tools/node_modules/winston/lib/winston/transports/console.js:87:23)
    at Console._write (/opt/homebrew/Cellar/firebase-cli/14.11.0/libexec/lib/node_modules/firebase-tools/node_modules/winston-transport/modern.js:103:17)
    at doWrite (/opt/homebrew/Cellar/firebase-cli/14.11.0/libexec/lib/node_modules/firebase-tools/node_modules/winston-transport/node_modules/readable-stream/lib/_stream_writable.js:390:139)
[error] 
[error] Error: An unexpected error has occurred.
[debug] [2026-07-03T10:44:03.113Z] Error: write EPIPE
    at afterWriteDispatched (node:internal/stream_base_commons:159:15)
    at writeGeneric (node:internal/stream_base_commons:150:3)
    at Socket._writeGeneric (node:net:1025:11)
    at Socket._write (node:net:1037:8)
    at writeOrBuffer (node:internal/streams/writable:570:12)
    at _write (node:internal/streams/writable:499:10)
    at Writable.write (node:internal/streams/writable:508:10)
    at Console.log (/opt/homebrew/Cellar/firebase-cli/14.11.0/libexec/lib/node_modules/firebase-tools/node_modules/winston/lib/winston/transports/console.js:87:23)
    at Console._write (/opt/homebrew/Cellar/firebase-cli/14.11.0/libexec/lib/node_modules/firebase-tools/node_modules/winston-transport/modern.js:103:17)
    at doWrite (/opt/homebrew/Cellar/firebase-cli/14.11.0/libexec/lib/node_modules/firebase-tools/node_modules/winston-transport/node_modules/readable-stream/lib/_stream_writable.js:390:139)
[error] 
[error] Error: An unexpected error has occurred.
[debug] [2026-07-03T10:44:03.113Z] Error: write EPIPE
    at afterWriteDispatched (node:internal/stream_base_commons:159:15)
    at writeGeneric (node:internal/stream_base_commons:150:3)
    at Socket._writeGeneric (node:net:1025:11)
    at Socket._write (node:net:1037:8)
    at writeOrBuffer (node:internal/streams/writable:570:12)
    at _write (node:internal/streams/writable:499:10)
    at Writable.write (node:internal/streams/writable:508:10)
    at Console.log (/opt/homebrew/Cellar/firebase-cli/14.11.0/libexec/lib/node_modules/firebase-tools/node_modules/winston/lib/winston/transports/console.js:87:23)
    at Console._write (/opt/homebrew/Cellar/firebase-cli/14.11.0/libexec/lib/node_modules/firebase-tools/node_modules/winston-transport/modern.js:103:17)
    at doWrite (/opt/homebrew/Cellar/firebase-cli/14.11.0/libexec/lib/node_modules/firebase-tools/node_modules/winston-transport/node_modules/readable-stream/lib/_stream_writable.js:390:139)
[error] 
[error] Error: An unexpected error has occurred.
[debug] [2026-07-03T10:44:03.113Z] Error: write EPIPE
    at afterWriteDispatched (node:internal/stream_base_commons:159:15)
    at writeGeneric (node:internal/stream_base_commons:150:3)
    at Socket._writeGeneric (node:net:1025:11)
    at Socket._write (node:net:1037:8)
    at writeOrBuffer (node:internal/streams/writable:570:12)
    at _write (node:internal/streams/writable:499:10)
    at Writable.write (node:internal/streams/writable:508:10)
    at Console.log (/opt/homebrew/Cellar/firebase-cli/14.11.0/libexec/lib/node_modules/firebase-tools/node_modules/winston/lib/winston/transports/console.js:87:23)
    at Console._write (/opt/homebrew/Cellar/firebase-cli/14.11.0/libexec/lib/node_modules/firebase-tools/node_modules/winston-transport/modern.js:103:17)
    at doWrite (/opt/homebrew/Cellar/firebase-cli/14.11.0/libexec/lib/node_modules/firebase-tools/node_modules/winston-transport/node_modules/readable-stream/lib/_stream_writable.js:390:139)
[error] 
[error] Error: An unexpected error has occurred.
[debug] [2026-07-03T10:44:03.113Z] Error: write EPIPE
    at afterWriteDispatched (node:internal/stream_base_commons:159:15)
    at writeGeneric (node:internal/stream_base_commons:150:3)
    at Socket._writeGeneric (node:net:1025:11)
    at Socket._write (node:net:1037:8)
    at writeOrBuffer (node:internal/streams/writable:570:12)
    at _write (node:internal/streams/writable:499:10)
    at Writable.write (node:internal/streams/writable:508:10)
    at Console.log (/opt/homebrew/Cellar/firebase-cli/14.11.0/libexec/lib/node_modules/firebase-tools/node_modules/winston/lib/winston/transports/console.js:87:23)
    at Console._write (/opt/homebrew/Cellar/firebase-cli/14.11.0/libexec/lib/node_modules/firebase-tools/node_modules/winston-transport/modern.js:103:17)
    at doWrite (/opt/homebrew/Cellar/firebase-cli/14.11.0/libexec/lib/node_modules/firebase-tools/node_modules/winston-transport/node_modules/readable-stream/lib/_stream_writable.js:390:139)
[error] 
[error] Error: An unexpected error has occurred.
[debug] [2026-07-03T10:44:03.115Z] Error: write EPIPE
    at afterWriteDispatched (node:internal/stream_base_commons:159:15)
    at writeGeneric (node:internal/stream_base_commons:150:3)
    at Socket._writeGeneric (node:net:1025:11)
    at Socket._write (node:net:1037:8)
    at writeOrBuffer (node:internal/streams/writable:570:12)
    at _write (node:internal/streams/writable:499:10)
    at Writable.write (node:internal/streams/writable:508:10)
    at Console.log (/opt/homebrew/Cellar/firebase-cli/14.11.0/libexec/lib/node_modules/firebase-tools/node_modules/winston/lib/winston/transports/console.js:87:23)
    at Console._write (/opt/homebrew/Cellar/firebase-cli/14.11.0/libexec/lib/node_modules/firebase-tools/node_modules/winston-transport/modern.js:103:17)
    at doWrite (/opt/homebrew/Cellar/firebase-cli/14.11.0/libexec/lib/node_modules/firebase-tools/node_modules/winston-transport/node_modules/readable-stream/lib/_stream_writable.js:390:139)
[error] 
[error] Error: An unexpected error has occurred.
[debug] [2026-07-03T10:44:03.115Z] Error: write EPIPE
    at afterWriteDispatched (node:internal/stream_base_commons:159:15)
    at writeGeneric (node:internal/stream_base_commons:150:3)
    at Socket._writeGeneric (node:net:1025:11)
    at Socket._write (node:net:1037:8)
    at writeOrBuffer (node:internal/streams/writable:570:12)
    at _write (node:internal/streams/writable:499:10)
    at Writable.write (node:internal/streams/writable:508:10)
    at Console.log (/opt/homebrew/Cellar/firebase-cli/14.11.0/libexec/lib/node_modules/firebase-tools/node_modules/winston/lib/winston/transports/console.js:87:23)
    at Console._write (/opt/homebrew/Cellar/firebase-cli/14.11.0/libexec/lib/node_modules/firebase-tools/node_modules/winston-transport/modern.js:103:17)
    at doWrite (/opt/homebrew/Cellar/firebase-cli/14.11.0/libexec/lib/node_modules/firebase-tools/node_modules/winston-transport/node_modules/readable-stream/lib/_stream_writable.js:390:139)
[error] 
[error] Error: An unexpected error has occurred.
[debug] [2026-07-03T10:44:03.115Z] Error: write EPIPE
    at afterWriteDispatched (node:internal/stream_base_commons:159:15)
    at writeGeneric (node:internal/stream_base_commons:150:3)
    at Socket._writeGeneric (node:net:1025:11)
    at Socket._write (node:net:1037:8)
    at writeOrBuffer (node:internal/streams/writable:570:12)
    at _write (node:internal/streams/writable:499:10)
    at Writable.write (node:internal/streams/writable:508:10)
    at Console.log (/opt/homebrew/Cellar/firebase-cli/14.11.0/libexec/lib/node_modules/firebase-tools/node_modules/winston/lib/winston/transports/console.js:87:23)
    at Console._write (/opt/homebrew/Cellar/firebase-cli/14.11.0/libexec/lib/node_modules/firebase-tools/node_modules/winston-transport/modern.js:103:17)
    at doWrite (/opt/homebrew/Cellar/firebase-cli/14.11.0/libexec/lib/node_modules/firebase-tools/node_modules/winston-transport/node_modules/readable-stream/lib/_stream_writable.js:390:139)
[error] 
[error] Error: An unexpected error has occurred.
[debug] [2026-07-03T10:44:03.115Z] Error: write EPIPE
    at afterWriteDispatched (node:internal/stream_base_commons:159:15)
    at writeGeneric (node:internal/stream_base_commons:150:3)
    at Socket._writeGeneric (node:net:1025:11)
    at Socket._write (node:net:1037:8)
    at writeOrBuffer (node:internal/streams/writable:570:12)
    at _write (node:internal/streams/writable:499:10)
    at Writable.write (node:internal/streams/writable:508:10)
    at Console.log (/opt/homebrew/Cellar/firebase-cli/14.11.0/libexec/lib/node_modules/firebase-tools/node_modules/winston/lib/winston/transports/console.js:87:23)
    at Console._write (/opt/homebrew/Cellar/firebase-cli/14.11.0/libexec/lib/node_modules/firebase-tools/node_modules/winston-transport/modern.js:103:17)
    at doWrite (/opt/homebrew/Cellar/firebase-cli/14.11.0/libexec/lib/node_modules/firebase-tools/node_modules/winston-transport/node_modules/readable-stream/lib/_stream_writable.js:390:139)
[error] 
[error] Error: An unexpected error has occurred.
[debug] [2026-07-03T10:44:03.115Z] Error: write EPIPE
    at afterWriteDispatched (node:internal/stream_base_commons:159:15)
    at writeGeneric (node:internal/stream_base_commons:150:3)
    at Socket._writeGeneric (node:net:1025:11)
    at Socket._write (node:net:1037:8)
    at writeOrBuffer (node:internal/streams/writable:570:12)
    at _write (node:internal/streams/writable:499:10)
    at Writable.write (node:internal/streams/writable:508:10)
    at Console.log (/opt/homebrew/Cellar/firebase-cli/14.11.0/libexec/lib/node_modules/firebase-tools/node_modules/winston/lib/winston/transports/console.js:87:23)
    at Console._write (/opt/homebrew/Cellar/firebase-cli/14.11.0/libexec/lib/node_modules/firebase-tools/node_modules/winston-transport/modern.js:103:17)
    at doWrite (/opt/homebrew/Cellar/firebase-cli/14.11.0/libexec/lib/node_modules/firebase-tools/node_modules/winston-transport/node_modules/readable-stream/lib/_stream_writable.js:390:139)
[error] 
[error] Error: An unexpected error has occurred.
[debug] [2026-07-03T10:44:03.116Z] Error: write EPIPE
    at afterWriteDispatched (node:internal/stream_base_commons:159:15)
    at writeGeneric (node:internal/stream_base_commons:150:3)
    at Socket._writeGeneric (node:net:1025:11)
    at Socket._write (node:net:1037:8)
    at writeOrBuffer (node:internal/streams/writable:570:12)
    at _write (node:internal/streams/writable:499:10)
    at Writable.write (node:internal/streams/writable:508:10)
    at Console.log (/opt/homebrew/Cellar/firebase-cli/14.11.0/libexec/lib/node_modules/firebase-tools/node_modules/winston/lib/winston/transports/console.js:87:23)
    at Console._write (/opt/homebrew/Cellar/firebase-cli/14.11.0/libexec/lib/node_modules/firebase-tools/node_modules/winston-transport/modern.js:103:17)
    at doWrite (/opt/homebrew/Cellar/firebase-cli/14.11.0/libexec/lib/node_modules/firebase-tools/node_modules/winston-transport/node_modules/readable-stream/lib/_stream_writable.js:390:139)
[error] 
[error] Error: An unexpected error has occurred.
[debug] [2026-07-03T10:44:03.116Z] Error: write EPIPE
    at afterWriteDispatched (node:internal/stream_base_commons:159:15)
    at writeGeneric (node:internal/stream_base_commons:150:3)
    at Socket._writeGeneric (node:net:1025:11)
    at Socket._write (node:net:1037:8)
    at writeOrBuffer (node:internal/streams/writable:570:12)
    at _write (node:internal/streams/writable:499:10)
    at Writable.write (node:internal/streams/writable:508:10)
    at Console.log (/opt/homebrew/Cellar/firebase-cli/14.11.0/libexec/lib/node_modules/firebase-tools/node_modules/winston/lib/winston/transports/console.js:87:23)
    at Console._write (/opt/homebrew/Cellar/firebase-cli/14.11.0/libexec/lib/node_modules/firebase-tools/node_modules/winston-transport/modern.js:103:17)
    at doWrite (/opt/homebrew/Cellar/firebase-cli/14.11.0/libexec/lib/node_modules/firebase-tools/node_modules/winston-transport/node_modules/readable-stream/lib/_stream_writable.js:390:139)
[error] 
[error] Error: An unexpected error has occurred.
[debug] [2026-07-03T10:44:03.116Z] Error: write EPIPE
    at afterWriteDispatched (node:internal/stream_base_commons:159:15)
    at writeGeneric (node:internal/stream_base_commons:150:3)
    at Socket._writeGeneric (node:net:1025:11)
    at Socket._write (node:net:1037:8)
    at writeOrBuffer (node:internal/streams/writable:570:12)
    at _write (node:internal/streams/writable:499:10)
    at Writable.write (node:internal/streams/writable:508:10)
    at Console.log (/opt/homebrew/Cellar/firebase-cli/14.11.0/libexec/lib/node_modules/firebase-tools/node_modules/winston/lib/winston/transports/console.js:87:23)
    at Console._write (/opt/homebrew/Cellar/firebase-cli/14.11.0/libexec/lib/node_modules/firebase-tools/node_modules/winston-transport/modern.js:103:17)
    at doWrite (/opt/homebrew/Cellar/firebase-cli/14.11.0/libexec/lib/node_modules/firebase-tools/node_modules/winston-transport/node_modules/readable-stream/lib/_stream_writable.js:390:139)
[error] 
[error] Error: An unexpected error has occurred.
[debug] [2026-07-03T10:44:03.116Z] Error: write EPIPE
    at afterWriteDispatched (node:internal/stream_base_commons:159:15)
    at writeGeneric (node:internal/stream_base_commons:150:3)
    at Socket._writeGeneric (node:net:1025:11)
    at Socket._write (node:net:1037:8)
    at writeOrBuffer (node:internal/streams/writable:570:12)
    at _write (node:internal/streams/writable:499:10)
    at Writable.write (node:internal/streams/writable:508:10)
    at Console.log (/opt/homebrew/Cellar/firebase-cli/14.11.0/libexec/lib/node_modules/firebase-tools/node_modules/winston/lib/winston/transports/console.js:87:23)
    at Console._write (/opt/homebrew/Cellar/firebase-cli/14.11.0/libexec/lib/node_modules/firebase-tools/node_modules/winston-transport/modern.js:103:17)
    at doWrite (/opt/homebrew/Cellar/firebase-cli/14.11.0/libexec/lib/node_modules/firebase-tools/node_modules/winston-transport/node_modules/readable-stream/lib/_stream_writable.js:390:139)
[error] 
[error] Error: An unexpected error has occurred.
[debug] [2026-07-03T10:44:03.116Z] Error: write EPIPE
    at afterWriteDispatched (node:internal/stream_base_commons:159:15)
    at writeGeneric (node:internal/stream_base_commons:150:3)
    at Socket._writeGeneric (node:net:1025:11)
    at Socket._write (node:net:1037:8)
    at writeOrBuffer (node:internal/streams/writable:570:12)
    at _write (node:internal/streams/writable:499:10)
    at Writable.write (node:internal/streams/writable:508:10)
    at Console.log (/opt/homebrew/Cellar/firebase-cli/14.11.0/libexec/lib/node_modules/firebase-tools/node_modules/winston/lib/winston/transports/console.js:87:23)
    at Console._write (/opt/homebrew/Cellar/firebase-cli/14.11.0/libexec/lib/node_modules/firebase-tools/node_modules/winston-transport/modern.js:103:17)
    at doWrite (/opt/homebrew/Cellar/firebase-cli/14.11.0/libexec/lib/node_modules/firebase-tools/node_modules/winston-transport/node_modules/readable-stream/lib/_stream_writable.js:390:139)
[error] 
[error] Error: An unexpected error has occurred.
[debug] [2026-07-03T10:44:03.116Z] Error: write EPIPE
    at afterWriteDispatched (node:internal/stream_base_commons:159:15)
    at writeGeneric (node:internal/stream_base_commons:150:3)
    at Socket._writeGeneric (node:net:1025:11)
    at Socket._write (node:net:1037:8)
    at writeOrBuffer (node:internal/streams/writable:570:12)
    at _write (node:internal/streams/writable:499:10)
    at Writable.write (node:internal/streams/writable:508:10)
    at Console.log (/opt/homebrew/Cellar/firebase-cli/14.11.0/libexec/lib/node_modules/firebase-tools/node_modules/winston/lib/winston/transports/console.js:87:23)
    at Console._write (/opt/homebrew/Cellar/firebase-cli/14.11.0/libexec/lib/node_modules/firebase-tools/node_modules/winston-transport/modern.js:103:17)
    at doWrite (/opt/homebrew/Cellar/firebase-cli/14.11.0/libexec/lib/node_modules/firebase-tools/node_modules/winston-transport/node_modules/readable-stream/lib/_stream_writable.js:390:139)
[error] 
[error] Error: An unexpected error has occurred.
[debug] [2026-07-03T10:44:03.116Z] Error: write EPIPE
    at afterWriteDispatched (node:internal/stream_base_commons:159:15)
    at writeGeneric (node:internal/stream_base_commons:150:3)
    at Socket._writeGeneric (node:net:1025:11)
    at Socket._write (node:net:1037:8)
    at writeOrBuffer (node:internal/streams/writable:570:12)
    at _write (node:internal/streams/writable:499:10)
    at Writable.write (node:internal/streams/writable:508:10)
    at Console.log (/opt/homebrew/Cellar/firebase-cli/14.11.0/libexec/lib/node_modules/firebase-tools/node_modules/winston/lib/winston/transports/console.js:87:23)
    at Console._write (/opt/homebrew/Cellar/firebase-cli/14.11.0/libexec/lib/node_modules/firebase-tools/node_modules/winston-transport/modern.js:103:17)
    at doWrite (/opt/homebrew/Cellar/firebase-cli/14.11.0/libexec/lib/node_modules/firebase-tools/node_modules/winston-transport/node_modules/readable-stream/lib/_stream_writable.js:390:139)
[error] 
[error] Error: An unexpected error has occurred.
[debug] [2026-07-03T10:44:03.116Z] Error: write EPIPE
    at afterWriteDispatched (node:internal/stream_base_commons:159:15)
    at writeGeneric (node:internal/stream_base_commons:150:3)
    at Socket._writeGeneric (node:net:1025:11)
    at Socket._write (node:net:1037:8)
    at writeOrBuffer (node:internal/streams/writable:570:12)
    at _write (node:internal/streams/writable:499:10)
    at Writable.write (node:internal/streams/writable:508:10)
    at Console.log (/opt/homebrew/Cellar/firebase-cli/14.11.0/libexec/lib/node_modules/firebase-tools/node_modules/winston/lib/winston/transports/console.js:87:23)
    at Console._write (/opt/homebrew/Cellar/firebase-cli/14.11.0/libexec/lib/node_modules/firebase-tools/node_modules/winston-transport/modern.js:103:17)
    at doWrite (/opt/homebrew/Cellar/firebase-cli/14.11.0/libexec/lib/node_modules/firebase-tools/node_modules/winston-transport/node_modules/readable-stream/lib/_stream_writable.js:390:139)
[error] 
[error] Error: An unexpected error has occurred.
[debug] [2026-07-03T10:44:03.119Z] Error: write EPIPE
    at afterWriteDispatched (node:internal/stream_base_commons:159:15)
    at writeGeneric (node:internal/stream_base_commons:150:3)
    at Socket._writeGeneric (node:net:1025:11)
    at Socket._write (node:net:1037:8)
    at writeOrBuffer (node:internal/streams/writable:570:12)
    at _write (node:internal/streams/writable:499:10)
    at Writable.write (node:internal/streams/writable:508:10)
    at Console.log (/opt/homebrew/Cellar/firebase-cli/14.11.0/libexec/lib/node_modules/firebase-tools/node_modules/winston/lib/winston/transports/console.js:87:23)
    at Console._write (/opt/homebrew/Cellar/firebase-cli/14.11.0/libexec/lib/node_modules/firebase-tools/node_modules/winston-transport/modern.js:103:17)
    at doWrite (/opt/homebrew/Cellar/firebase-cli/14.11.0/libexec/lib/node_modules/firebase-tools/node_modules/winston-transport/node_modules/readable-stream/lib/_stream_writable.js:390:139)
[error] 
[error] Error: An unexpected error has occurred.
[debug] [2026-07-03T10:44:03.142Z] Error: write EPIPE
    at afterWriteDispatched (node:internal/stream_base_commons:159:15)
    at writeGeneric (node:internal/stream_base_commons:150:3)
    at Socket._writeGeneric (node:net:1025:11)
    at Socket._write (node:net:1037:8)
    at writeOrBuffer (node:internal/streams/writable:570:12)
    at _write (node:internal/streams/writable:499:10)
    at Writable.write (node:internal/streams/writable:508:10)
    at Console.log (/opt/homebrew/Cellar/firebase-cli/14.11.0/libexec/lib/node_modules/firebase-tools/node_modules/winston/lib/winston/transports/console.js:87:23)
    at Console._write (/opt/homebrew/Cellar/firebase-cli/14.11.0/libexec/lib/node_modules/firebase-tools/node_modules/winston-transport/modern.js:103:17)
    at doWrite (/opt/homebrew/Cellar/firebase-cli/14.11.0/libexec/lib/node_modules/firebase-tools/node_modules/winston-transport/node_modules/readable-stream/lib/_stream_writable.js:390:139)
[error] 
[error] Error: An unexpected error has occurred.
[debug] [2026-07-03T10:44:03.142Z] Error: write EPIPE
    at afterWriteDispatched (node:internal/stream_base_commons:159:15)
    at writeGeneric (node:internal/stream_base_commons:150:3)
    at Socket._writeGeneric (node:net:1025:11)
    at Socket._write (node:net:1037:8)
    at writeOrBuffer (node:internal/streams/writable:570:12)
    at _write (node:internal/streams/writable:499:10)
    at Writable.write (node:internal/streams/writable:508:10)
    at Console.log (/opt/homebrew/Cellar/firebase-cli/14.11.0/libexec/lib/node_modules/firebase-tools/node_modules/winston/lib/winston/transports/console.js:87:23)
    at Console._write (/opt/homebrew/Cellar/firebase-cli/14.11.0/libexec/lib/node_modules/firebase-tools/node_modules/winston-transport/modern.js:103:17)
    at doWrite (/opt/homebrew/Cellar/firebase-cli/14.11.0/libexec/lib/node_modules/firebase-tools/node_modules/winston-transport/node_modules/readable-stream/lib/_stream_writable.js:390:139)
[error] 
[error] Error: An unexpected error has occurred.
[debug] [2026-07-03T10:44:03.142Z] Error: write EPIPE
    at afterWriteDispatched (node:internal/stream_base_commons:159:15)
    at writeGeneric (node:internal/stream_base_commons:150:3)
    at Socket._writeGeneric (node:net:1025:11)
    at Socket._write (node:net:1037:8)
    at writeOrBuffer (node:internal/streams/writable:570:12)
    at _write (node:internal/streams/writable:499:10)
    at Writable.write (node:internal/streams/writable:508:10)
    at Console.log (/opt/homebrew/Cellar/firebase-cli/14.11.0/libexec/lib/node_modules/firebase-tools/node_modules/winston/lib/winston/transports/console.js:87:23)
    at Console._write (/opt/homebrew/Cellar/firebase-cli/14.11.0/libexec/lib/node_modules/firebase-tools/node_modules/winston-transport/modern.js:103:17)
    at doWrite (/opt/homebrew/Cellar/firebase-cli/14.11.0/libexec/lib/node_modules/firebase-tools/node_modules/winston-transport/node_modules/readable-stream/lib/_stream_writable.js:390:139)
[error] 
[error] Error: An unexpected error has occurred.
[debug] [2026-07-03T10:44:03.142Z] Error: write EPIPE
    at afterWriteDispatched (node:internal/stream_base_commons:159:15)
    at writeGeneric (node:internal/stream_base_commons:150:3)
    at Socket._writeGeneric (node:net:1025:11)
    at Socket._write (node:net:1037:8)
    at writeOrBuffer (node:internal/streams/writable:570:12)
    at _write (node:internal/streams/writable:499:10)
    at Writable.write (node:internal/streams/writable:508:10)
    at Console.log (/opt/homebrew/Cellar/firebase-cli/14.11.0/libexec/lib/node_modules/firebase-tools/node_modules/winston/lib/winston/transports/console.js:87:23)
    at Console._write (/opt/homebrew/Cellar/firebase-cli/14.11.0/libexec/lib/node_modules/firebase-tools/node_modules/winston-transport/modern.js:103:17)
    at doWrite (/opt/homebrew/Cellar/firebase-cli/14.11.0/libexec/lib/node_modules/firebase-tools/node_modules/winston-transport/node_modules/readable-stream/lib/_stream_writable.js:390:139)
[error] 
[error] Error: An unexpected error has occurred.
[debug] [2026-07-03T10:44:03.143Z] Error: write EPIPE
    at afterWriteDispatched (node:internal/stream_base_commons:159:15)
    at writeGeneric (node:internal/stream_base_commons:150:3)
    at Socket._writeGeneric (node:net:1025:11)
    at Socket._write (node:net:1037:8)
    at writeOrBuffer (node:internal/streams/writable:570:12)
    at _write (node:internal/streams/writable:499:10)
    at Writable.write (node:internal/streams/writable:508:10)
    at Console.log (/opt/homebrew/Cellar/firebase-cli/14.11.0/libexec/lib/node_modules/firebase-tools/node_modules/winston/lib/winston/transports/console.js:87:23)
    at Console._write (/opt/homebrew/Cellar/firebase-cli/14.11.0/libexec/lib/node_modules/firebase-tools/node_modules/winston-transport/modern.js:103:17)
    at doWrite (/opt/homebrew/Cellar/firebase-cli/14.11.0/libexec/lib/node_modules/firebase-tools/node_modules/winston-transport/node_modules/readable-stream/lib/_stream_writable.js:390:139)
[error] 
[error] Error: An unexpected error has occurred.
[debug] [2026-07-03T10:44:03.144Z] Error: write EPIPE
    at afterWriteDispatched (node:internal/stream_base_commons:159:15)
    at writeGeneric (node:internal/stream_base_commons:150:3)
    at Socket._writeGeneric (node:net:1025:11)
    at Socket._write (node:net:1037:8)
    at writeOrBuffer (node:internal/streams/writable:570:12)
    at _write (node:internal/streams/writable:499:10)
    at Writable.write (node:internal/streams/writable:508:10)
    at Console.log (/opt/homebrew/Cellar/firebase-cli/14.11.0/libexec/lib/node_modules/firebase-tools/node_modules/winston/lib/winston/transports/console.js:87:23)
    at Console._write (/opt/homebrew/Cellar/firebase-cli/14.11.0/libexec/lib/node_modules/firebase-tools/node_modules/winston-transport/modern.js:103:17)
    at doWrite (/opt/homebrew/Cellar/firebase-cli/14.11.0/libexec/lib/node_modules/firebase-tools/node_modules/winston-transport/node_modules/readable-stream/lib/_stream_writable.js:390:139)
[error] 
[error] Error: An unexpected error has occurred.
[debug] [2026-07-03T10:44:03.144Z] Error: write EPIPE
    at afterWriteDispatched (node:internal/stream_base_commons:159:15)
    at writeGeneric (node:internal/stream_base_commons:150:3)
    at Socket._writeGeneric (node:net:1025:11)
    at Socket._write (node:net:1037:8)
    at writeOrBuffer (node:internal/streams/writable:570:12)
    at _write (node:internal/streams/writable:499:10)
    at Writable.write (node:internal/streams/writable:508:10)
    at Console.log (/opt/homebrew/Cellar/firebase-cli/14.11.0/libexec/lib/node_modules/firebase-tools/node_modules/winston/lib/winston/transports/console.js:87:23)
    at Console._write (/opt/homebrew/Cellar/firebase-cli/14.11.0/libexec/lib/node_modules/firebase-tools/node_modules/winston-transport/modern.js:103:17)
    at doWrite (/opt/homebrew/Cellar/firebase-cli/14.11.0/libexec/lib/node_modules/firebase-tools/node_modules/winston-transport/node_modules/readable-stream/lib/_stream_writable.js:390:139)
[error] 
[error] Error: An unexpected error has occurred.
[debug] [2026-07-03T10:44:03.144Z] Error: write EPIPE
    at afterWriteDispatched (node:internal/stream_base_commons:159:15)
    at writeGeneric (node:internal/stream_base_commons:150:3)
    at Socket._writeGeneric (node:net:1025:11)
    at Socket._write (node:net:1037:8)
    at writeOrBuffer (node:internal/streams/writable:570:12)
    at _write (node:internal/streams/writable:499:10)
    at Writable.write (node:internal/streams/writable:508:10)
    at Console.log (/opt/homebrew/Cellar/firebase-cli/14.11.0/libexec/lib/node_modules/firebase-tools/node_modules/winston/lib/winston/transports/console.js:87:23)
    at Console._write (/opt/homebrew/Cellar/firebase-cli/14.11.0/libexec/lib/node_modules/firebase-tools/node_modules/winston-transport/modern.js:103:17)
    at doWrite (/opt/homebrew/Cellar/firebase-cli/14.11.0/libexec/lib/node_modules/firebase-tools/node_modules/winston-transport/node_modules/readable-stream/lib/_stream_writable.js:390:139)
[error] 
[error] Error: An unexpected error has occurred.
[debug] [2026-07-03T10:44:03.145Z] Error: write EPIPE
    at afterWriteDispatched (node:internal/stream_base_commons:159:15)
    at writeGeneric (node:internal/stream_base_commons:150:3)
    at Socket._writeGeneric (node:net:1025:11)
    at Socket._write (node:net:1037:8)
    at writeOrBuffer (node:internal/streams/writable:570:12)
    at _write (node:internal/streams/writable:499:10)
    at Writable.write (node:internal/streams/writable:508:10)
    at Console.log (/opt/homebrew/Cellar/firebase-cli/14.11.0/libexec/lib/node_modules/firebase-tools/node_modules/winston/lib/winston/transports/console.js:87:23)
    at Console._write (/opt/homebrew/Cellar/firebase-cli/14.11.0/libexec/lib/node_modules/firebase-tools/node_modules/winston-transport/modern.js:103:17)
    at doWrite (/opt/homebrew/Cellar/firebase-cli/14.11.0/libexec/lib/node_modules/firebase-tools/node_modules/winston-transport/node_modules/readable-stream/lib/_stream_writable.js:390:139)
[error] 
[error] Error: An unexpected error has occurred.
[debug] [2026-07-03T10:44:03.145Z] Error: write EPIPE
    at afterWriteDispatched (node:internal/stream_base_commons:159:15)
    at writeGeneric (node:internal/stream_base_commons:150:3)
    at Socket._writeGeneric (node:net:1025:11)
    at Socket._write (node:net:1037:8)
    at writeOrBuffer (node:internal/streams/writable:570:12)
    at _write (node:internal/streams/writable:499:10)
    at Writable.write (node:internal/streams/writable:508:10)
    at Console.log (/opt/homebrew/Cellar/firebase-cli/14.11.0/libexec/lib/node_modules/firebase-tools/node_modules/winston/lib/winston/transports/console.js:87:23)
    at Console._write (/opt/homebrew/Cellar/firebase-cli/14.11.0/libexec/lib/node_modules/firebase-tools/node_modules/winston-transport/modern.js:103:17)
    at doWrite (/opt/homebrew/Cellar/firebase-cli/14.11.0/libexec/lib/node_modules/firebase-tools/node_modules/winston-transport/node_modules/readable-stream/lib/_stream_writable.js:390:139)
[error] 
[error] Error: An unexpected error has occurred.
[debug] [2026-07-03T10:44:03.145Z] Error: write EPIPE
    at afterWriteDispatched (node:internal/stream_base_commons:159:15)
    at writeGeneric (node:internal/stream_base_commons:150:3)
    at Socket._writeGeneric (node:net:1025:11)
    at Socket._write (node:net:1037:8)
    at writeOrBuffer (node:internal/streams/writable:570:12)
    at _write (node:internal/streams/writable:499:10)
    at Writable.write (node:internal/streams/writable:508:10)
    at Console.log (/opt/homebrew/Cellar/firebase-cli/14.11.0/libexec/lib/node_modules/firebase-tools/node_modules/winston/lib/winston/transports/console.js:87:23)
    at Console._write (/opt/homebrew/Cellar/firebase-cli/14.11.0/libexec/lib/node_modules/firebase-tools/node_modules/winston-transport/modern.js:103:17)
    at doWrite (/opt/homebrew/Cellar/firebase-cli/14.11.0/libexec/lib/node_modules/firebase-tools/node_modules/winston-transport/node_modules/readable-stream/lib/_stream_writable.js:390:139)
[error] 
[error] Error: An unexpected error has occurred.
[debug] [2026-07-03T10:44:03.146Z] Error: write EPIPE
    at afterWriteDispatched (node:internal/stream_base_commons:159:15)
    at writeGeneric (node:internal/stream_base_commons:150:3)
    at Socket._writeGeneric (node:net:1025:11)
    at Socket._write (node:net:1037:8)
    at writeOrBuffer (node:internal/streams/writable:570:12)
    at _write (node:internal/streams/writable:499:10)
    at Writable.write (node:internal/streams/writable:508:10)
    at Console.log (/opt/homebrew/Cellar/firebase-cli/14.11.0/libexec/lib/node_modules/firebase-tools/node_modules/winston/lib/winston/transports/console.js:87:23)
    at Console._write (/opt/homebrew/Cellar/firebase-cli/14.11.0/libexec/lib/node_modules/firebase-tools/node_modules/winston-transport/modern.js:103:17)
    at doWrite (/opt/homebrew/Cellar/firebase-cli/14.11.0/libexec/lib/node_modules/firebase-tools/node_modules/winston-transport/node_modules/readable-stream/lib/_stream_writable.js:390:139)
[error] 
[error] Error: An unexpected error has occurred.
[debug] [2026-07-03T10:44:03.146Z] Error: write EPIPE
    at afterWriteDispatched (node:internal/stream_base_commons:159:15)
    at writeGeneric (node:internal/stream_base_commons:150:3)
    at Socket._writeGeneric (node:net:1025:11)
    at Socket._write (node:net:1037:8)
    at writeOrBuffer (node:internal/streams/writable:570:12)
    at _write (node:internal/streams/writable:499:10)
    at Writable.write (node:internal/streams/writable:508:10)
    at Console.log (/opt/homebrew/Cellar/firebase-cli/14.11.0/libexec/lib/node_modules/firebase-tools/node_modules/winston/lib/winston/transports/console.js:87:23)
    at Console._write (/opt/homebrew/Cellar/firebase-cli/14.11.0/libexec/lib/node_modules/firebase-tools/node_modules/winston-transport/modern.js:103:17)
    at doWrite (/opt/homebrew/Cellar/firebase-cli/14.11.0/libexec/lib/node_modules/firebase-tools/node_modules/winston-transport/node_modules/readable-stream/lib/_stream_writable.js:390:139)
[error] 
[error] Error: An unexpected error has occurred.
[debug] [2026-07-03T10:44:03.150Z] Error: write EPIPE
    at afterWriteDispatched (node:internal/stream_base_commons:159:15)
    at writeGeneric (node:internal/stream_base_commons:150:3)
    at Socket._writeGeneric (node:net:1025:11)
    at Socket._write (node:net:1037:8)
    at writeOrBuffer (node:internal/streams/writable:570:12)
    at _write (node:internal/streams/writable:499:10)
    at Writable.write (node:internal/streams/writable:508:10)
    at Console.log (/opt/homebrew/Cellar/firebase-cli/14.11.0/libexec/lib/node_modules/firebase-tools/node_modules/winston/lib/winston/transports/console.js:87:23)
    at Console._write (/opt/homebrew/Cellar/firebase-cli/14.11.0/libexec/lib/node_modules/firebase-tools/node_modules/winston-transport/modern.js:103:17)
    at doWrite (/opt/homebrew/Cellar/firebase-cli/14.11.0/libexec/lib/node_modules/firebase-tools/node_modules/winston-transport/node_modules/readable-stream/lib/_stream_writable.js:390:139)
[error] 
[error] Error: An unexpected error has occurred.
[debug] [2026-07-03T10:44:03.151Z] Error: write EPIPE
    at afterWriteDispatched (node:internal/stream_base_commons:159:15)
    at writeGeneric (node:internal/stream_base_commons:150:3)
    at Socket._writeGeneric (node:net:1025:11)
    at Socket._write (node:net:1037:8)
    at writeOrBuffer (node:internal/streams/writable:570:12)
    at _write (node:internal/streams/writable:499:10)
    at Writable.write (node:internal/streams/writable:508:10)
    at Console.log (/opt/homebrew/Cellar/firebase-cli/14.11.0/libexec/lib/node_modules/firebase-tools/node_modules/winston/lib/winston/transports/console.js:87:23)
    at Console._write (/opt/homebrew/Cellar/firebase-cli/14.11.0/libexec/lib/node_modules/firebase-tools/node_modules/winston-transport/modern.js:103:17)
    at doWrite (/opt/homebrew/Cellar/firebase-cli/14.11.0/libexec/lib/node_modules/firebase-tools/node_modules/winston-transport/node_modules/readable-stream/lib/_stream_writable.js:390:139)
[error] 
[error] Error: An unexpected error has occurred.
[debug] [2026-07-03T10:44:03.151Z] Error: write EPIPE
    at afterWriteDispatched (node:internal/stream_base_commons:159:15)
    at writeGeneric (node:internal/stream_base_commons:150:3)
    at Socket._writeGeneric (node:net:1025:11)
    at Socket._write (node:net:1037:8)
    at writeOrBuffer (node:internal/streams/writable:570:12)
    at _write (node:internal/streams/writable:499:10)
    at Writable.write (node:internal/streams/writable:508:10)
    at Console.log (/opt/homebrew/Cellar/firebase-cli/14.11.0/libexec/lib/node_modules/firebase-tools/node_modules/winston/lib/winston/transports/console.js:87:23)
    at Console._write (/opt/homebrew/Cellar/firebase-cli/14.11.0/libexec/lib/node_modules/firebase-tools/node_modules/winston-transport/modern.js:103:17)
    at doWrite (/opt/homebrew/Cellar/firebase-cli/14.11.0/libexec/lib/node_modules/firebase-tools/node_modules/winston-transport/node_modules/readable-stream/lib/_stream_writable.js:390:139)
[error] 
[error] Error: An unexpected error has occurred.
[debug] [2026-07-03T10:44:03.151Z] Error: write EPIPE
    at afterWriteDispatched (node:internal/stream_base_commons:159:15)
    at writeGeneric (node:internal/stream_base_commons:150:3)
    at Socket._writeGeneric (node:net:1025:11)
    at Socket._write (node:net:1037:8)
    at writeOrBuffer (node:internal/streams/writable:570:12)
    at _write (node:internal/streams/writable:499:10)
    at Writable.write (node:internal/streams/writable:508:10)
    at Console.log (/opt/homebrew/Cellar/firebase-cli/14.11.0/libexec/lib/node_modules/firebase-tools/node_modules/winston/lib/winston/transports/console.js:87:23)
    at Console._write (/opt/homebrew/Cellar/firebase-cli/14.11.0/libexec/lib/node_modules/firebase-tools/node_modules/winston-transport/modern.js:103:17)
    at doWrite (/opt/homebrew/Cellar/firebase-cli/14.11.0/libexec/lib/node_modules/firebase-tools/node_modules/winston-transport/node_modules/readable-stream/lib/_stream_writable.js:390:139)
[error] 
[error] Error: An unexpected error has occurred.
[debug] [2026-07-03T10:44:03.151Z] Error: write EPIPE
    at afterWriteDispatched (node:internal/stream_base_commons:159:15)
    at writeGeneric (node:internal/stream_base_commons:150:3)
    at Socket._writeGeneric (node:net:1025:11)
    at Socket._write (node:net:1037:8)
    at writeOrBuffer (node:internal/streams/writable:570:12)
    at _write (node:internal/streams/writable:499:10)
    at Writable.write (node:internal/streams/writable:508:10)
    at Console.log (/opt/homebrew/Cellar/firebase-cli/14.11.0/libexec/lib/node_modules/firebase-tools/node_modules/winston/lib/winston/transports/console.js:87:23)
    at Console._write (/opt/homebrew/Cellar/firebase-cli/14.11.0/libexec/lib/node_modules/firebase-tools/node_modules/winston-transport/modern.js:103:17)
    at doWrite (/opt/homebrew/Cellar/firebase-cli/14.11.0/libexec/lib/node_modules/firebase-tools/node_modules/winston-transport/node_modules/readable-stream/lib/_stream_writable.js:390:139)
[error] 
[error] Error: An unexpected error has occurred.
[debug] [2026-07-03T10:44:03.151Z] Error: write EPIPE
    at afterWriteDispatched (node:internal/stream_base_commons:159:15)
    at writeGeneric (node:internal/stream_base_commons:150:3)
    at Socket._writeGeneric (node:net:1025:11)
    at Socket._write (node:net:1037:8)
    at writeOrBuffer (node:internal/streams/writable:570:12)
    at _write (node:internal/streams/writable:499:10)
    at Writable.write (node:internal/streams/writable:508:10)
    at Console.log (/opt/homebrew/Cellar/firebase-cli/14.11.0/libexec/lib/node_modules/firebase-tools/node_modules/winston/lib/winston/transports/console.js:87:23)
    at Console._write (/opt/homebrew/Cellar/firebase-cli/14.11.0/libexec/lib/node_modules/firebase-tools/node_modules/winston-transport/modern.js:103:17)
    at doWrite (/opt/homebrew/Cellar/firebase-cli/14.11.0/libexec/lib/node_modules/firebase-tools/node_modules/winston-transport/node_modules/readable-stream/lib/_stream_writable.js:390:139)
[error] 
[error] Error: An unexpected error has occurred.
[debug] [2026-07-03T10:44:03.152Z] Error: write EPIPE
    at afterWriteDispatched (node:internal/stream_base_commons:159:15)
    at writeGeneric (node:internal/stream_base_commons:150:3)
    at Socket._writeGeneric (node:net:1025:11)
    at Socket._write (node:net:1037:8)
    at writeOrBuffer (node:internal/streams/writable:570:12)
    at _write (node:internal/streams/writable:499:10)
    at Writable.write (node:internal/streams/writable:508:10)
    at Console.log (/opt/homebrew/Cellar/firebase-cli/14.11.0/libexec/lib/node_modules/firebase-tools/node_modules/winston/lib/winston/transports/console.js:87:23)
    at Console._write (/opt/homebrew/Cellar/firebase-cli/14.11.0/libexec/lib/node_modules/firebase-tools/node_modules/winston-transport/modern.js:103:17)
    at doWrite (/opt/homebrew/Cellar/firebase-cli/14.11.0/libexec/lib/node_modules/firebase-tools/node_modules/winston-transport/node_modules/readable-stream/lib/_stream_writable.js:390:139)
[error] 
[error] Error: An unexpected error has occurred.
[debug] [2026-07-03T10:44:03.154Z] Error: write EPIPE
    at afterWriteDispatched (node:internal/stream_base_commons:159:15)
    at writeGeneric (node:internal/stream_base_commons:150:3)
    at Socket._writeGeneric (node:net:1025:11)
    at Socket._write (node:net:1037:8)
    at writeOrBuffer (node:internal/streams/writable:570:12)
    at _write (node:internal/streams/writable:499:10)
    at Writable.write (node:internal/streams/writable:508:10)
    at Console.log (/opt/homebrew/Cellar/firebase-cli/14.11.0/libexec/lib/node_modules/firebase-tools/node_modules/winston/lib/winston/transports/console.js:87:23)
    at Console._write (/opt/homebrew/Cellar/firebase-cli/14.11.0/libexec/lib/node_modules/firebase-tools/node_modules/winston-transport/modern.js:103:17)
    at doWrite (/opt/homebrew/Cellar/firebase-cli/14.11.0/libexec/lib/node_modules/firebase-tools/node_modules/winston-transport/node_modules/readable-stream/lib/_stream_writable.js:390:139)
[error] 
[error] Error: An unexpected error has occurred.
[debug] [2026-07-03T10:44:03.155Z] Error: write EPIPE
    at afterWriteDispatched (node:internal/stream_base_commons:159:15)
    at writeGeneric (node:internal/stream_base_commons:150:3)
    at Socket._writeGeneric (node:net:1025:11)
    at Socket._write (node:net:1037:8)
    at writeOrBuffer (node:internal/streams/writable:570:12)
    at _write (node:internal/streams/writable:499:10)
    at Writable.write (node:internal/streams/writable:508:10)
    at Console.log (/opt/homebrew/Cellar/firebase-cli/14.11.0/libexec/lib/node_modules/firebase-tools/node_modules/winston/lib/winston/transports/console.js:87:23)
    at Console._write (/opt/homebrew/Cellar/firebase-cli/14.11.0/libexec/lib/node_modules/firebase-tools/node_modules/winston-transport/modern.js:103:17)
    at doWrite (/opt/homebrew/Cellar/firebase-cli/14.11.0/libexec/lib/node_modules/firebase-tools/node_modules/winston-transport/node_modules/readable-stream/lib/_stream_writable.js:390:139)
[error] 
[error] Error: An unexpected error has occurred.
[debug] [2026-07-03T10:44:03.156Z] Error: write EPIPE
    at afterWriteDispatched (node:internal/stream_base_commons:159:15)
    at writeGeneric (node:internal/stream_base_commons:150:3)
    at Socket._writeGeneric (node:net:1025:11)
    at Socket._write (node:net:1037:8)
    at writeOrBuffer (node:internal/streams/writable:570:12)
    at _write (node:internal/streams/writable:499:10)
    at Writable.write (node:internal/streams/writable:508:10)
    at Console.log (/opt/homebrew/Cellar/firebase-cli/14.11.0/libexec/lib/node_modules/firebase-tools/node_modules/winston/lib/winston/transports/console.js:87:23)
    at Console._write (/opt/homebrew/Cellar/firebase-cli/14.11.0/libexec/lib/node_modules/firebase-tools/node_modules/winston-transport/modern.js:103:17)
    at doWrite (/opt/homebrew/Cellar/firebase-cli/14.11.0/libexec/lib/node_modules/firebase-tools/node_modules/winston-transport/node_modules/readable-stream/lib/_stream_writable.js:390:139)
[error] 
[error] Error: An unexpected error has occurred.
[debug] [2026-07-03T10:44:03.156Z] Error: write EPIPE
    at afterWriteDispatched (node:internal/stream_base_commons:159:15)
    at writeGeneric (node:internal/stream_base_commons:150:3)
    at Socket._writeGeneric (node:net:1025:11)
    at Socket._write (node:net:1037:8)
    at writeOrBuffer (node:internal/streams/writable:570:12)
    at _write (node:internal/streams/writable:499:10)
    at Writable.write (node:internal/streams/writable:508:10)
    at Console.log (/opt/homebrew/Cellar/firebase-cli/14.11.0/libexec/lib/node_modules/firebase-tools/node_modules/winston/lib/winston/transports/console.js:87:23)
    at Console._write (/opt/homebrew/Cellar/firebase-cli/14.11.0/libexec/lib/node_modules/firebase-tools/node_modules/winston-transport/modern.js:103:17)
    at doWrite (/opt/homebrew/Cellar/firebase-cli/14.11.0/libexec/lib/node_modules/firebase-tools/node_modules/winston-transport/node_modules/readable-stream/lib/_stream_writable.js:390:139)
[error] 
[error] Error: An unexpected error has occurred.
[debug] [2026-07-03T10:44:03.156Z] Error: write EPIPE
    at afterWriteDispatched (node:internal/stream_base_commons:159:15)
    at writeGeneric (node:internal/stream_base_commons:150:3)
    at Socket._writeGeneric (node:net:1025:11)
    at Socket._write (node:net:1037:8)
    at writeOrBuffer (node:internal/streams/writable:570:12)
    at _write (node:internal/streams/writable:499:10)
    at Writable.write (node:internal/streams/writable:508:10)
    at Console.log (/opt/homebrew/Cellar/firebase-cli/14.11.0/libexec/lib/node_modules/firebase-tools/node_modules/winston/lib/winston/transports/console.js:87:23)
    at Console._write (/opt/homebrew/Cellar/firebase-cli/14.11.0/libexec/lib/node_modules/firebase-tools/node_modules/winston-transport/modern.js:103:17)
    at doWrite (/opt/homebrew/Cellar/firebase-cli/14.11.0/libexec/lib/node_modules/firebase-tools/node_modules/winston-transport/node_modules/readable-stream/lib/_stream_writable.js:390:139)
[error] 
[error] Error: An unexpected error has occurred.
[debug] [2026-07-03T10:44:03.156Z] Error: write EPIPE
    at afterWriteDispatched (node:internal/stream_base_commons:159:15)
    at writeGeneric (node:internal/stream_base_commons:150:3)
    at Socket._writeGeneric (node:net:1025:11)
    at Socket._write (node:net:1037:8)
    at writeOrBuffer (node:internal/streams/writable:570:12)
    at _write (node:internal/streams/writable:499:10)
    at Writable.write (node:internal/streams/writable:508:10)
    at Console.log (/opt/homebrew/Cellar/firebase-cli/14.11.0/libexec/lib/node_modules/firebase-tools/node_modules/winston/lib/winston/transports/console.js:87:23)
    at Console._write (/opt/homebrew/Cellar/firebase-cli/14.11.0/libexec/lib/node_modules/firebase-tools/node_modules/winston-transport/modern.js:103:17)
    at doWrite (/opt/homebrew/Cellar/firebase-cli/14.11.0/libexec/lib/node_modules/firebase-tools/node_modules/winston-transport/node_modules/readable-stream/lib/_stream_writable.js:390:139)
[error] 
[error] Error: An unexpected error has occurred.
[debug] [2026-07-03T10:44:03.156Z] Error: write EPIPE
    at afterWriteDispatched (node:internal/stream_base_commons:159:15)
    at writeGeneric (node:internal/stream_base_commons:150:3)
    at Socket._writeGeneric (node:net:1025:11)
    at Socket._write (node:net:1037:8)
    at writeOrBuffer (node:internal/streams/writable:570:12)
    at _write (node:internal/streams/writable:499:10)
    at Writable.write (node:internal/streams/writable:508:10)
    at Console.log (/opt/homebrew/Cellar/firebase-cli/14.11.0/libexec/lib/node_modules/firebase-tools/node_modules/winston/lib/winston/transports/console.js:87:23)
    at Console._write (/opt/homebrew/Cellar/firebase-cli/14.11.0/libexec/lib/node_modules/firebase-tools/node_modules/winston-transport/modern.js:103:17)
    at doWrite (/opt/homebrew/Cellar/firebase-cli/14.11.0/libexec/lib/node_modules/firebase-tools/node_modules/winston-transport/node_modules/readable-stream/lib/_stream_writable.js:390:139)
[error] 
[error] Error: An unexpected error has occurred.
[debug] [2026-07-03T10:44:03.156Z] Error: write EPIPE
    at afterWriteDispatched (node:internal/stream_base_commons:159:15)
    at writeGeneric (node:internal/stream_base_commons:150:3)
    at Socket._writeGeneric (node:net:1025:11)
    at Socket._write (node:net:1037:8)
    at writeOrBuffer (node:internal/streams/writable:570:12)
    at _write (node:internal/streams/writable:499:10)
    at Writable.write (node:internal/streams/writable:508:10)
    at Console.log (/opt/homebrew/Cellar/firebase-cli/14.11.0/libexec/lib/node_modules/firebase-tools/node_modules/winston/lib/winston/transports/console.js:87:23)
    at Console._write (/opt/homebrew/Cellar/firebase-cli/14.11.0/libexec/lib/node_modules/firebase-tools/node_modules/winston-transport/modern.js:103:17)
    at doWrite (/opt/homebrew/Cellar/firebase-cli/14.11.0/libexec/lib/node_modules/firebase-tools/node_modules/winston-transport/node_modules/readable-stream/lib/_stream_writable.js:390:139)
[error] 
[error] Error: An unexpected error has occurred.
[debug] [2026-07-03T10:44:03.156Z] Error: write EPIPE
    at afterWriteDispatched (node:internal/stream_base_commons:159:15)
    at writeGeneric (node:internal/stream_base_commons:150:3)
    at Socket._writeGeneric (node:net:1025:11)
    at Socket._write (node:net:1037:8)
    at writeOrBuffer (node:internal/streams/writable:570:12)
    at _write (node:internal/streams/writable:499:10)
    at Writable.write (node:internal/streams/writable:508:10)
    at Console.log (/opt/homebrew/Cellar/firebase-cli/14.11.0/libexec/lib/node_modules/firebase-tools/node_modules/winston/lib/winston/transports/console.js:87:23)
    at Console._write (/opt/homebrew/Cellar/firebase-cli/14.11.0/libexec/lib/node_modules/firebase-tools/node_modules/winston-transport/modern.js:103:17)
    at doWrite (/opt/homebrew/Cellar/firebase-cli/14.11.0/libexec/lib/node_modules/firebase-tools/node_modules/winston-transport/node_modules/readable-stream/lib/_stream_writable.js:390:139)
[error] 
[error] Error: An unexpected error has occurred.
[debug] [2026-07-03T10:44:03.157Z] Error: write EPIPE
    at afterWriteDispatched (node:internal/stream_base_commons:159:15)
    at writeGeneric (node:internal/stream_base_commons:150:3)
    at Socket._writeGeneric (node:net:1025:11)
    at Socket._write (node:net:1037:8)
    at writeOrBuffer (node:internal/streams/writable:570:12)
    at _write (node:internal/streams/writable:499:10)
    at Writable.write (node:internal/streams/writable:508:10)
    at Console.log (/opt/homebrew/Cellar/firebase-cli/14.11.0/libexec/lib/node_modules/firebase-tools/node_modules/winston/lib/winston/transports/console.js:87:23)
    at Console._write (/opt/homebrew/Cellar/firebase-cli/14.11.0/libexec/lib/node_modules/firebase-tools/node_modules/winston-transport/modern.js:103:17)
    at doWrite (/opt/homebrew/Cellar/firebase-cli/14.11.0/libexec/lib/node_modules/firebase-tools/node_modules/winston-transport/node_modules/readable-stream/lib/_stream_writable.js:390:139)
[error] 
[error] Error: An unexpected error has occurred.
[debug] [2026-07-03T10:44:03.157Z] Error: write EPIPE
    at afterWriteDispatched (node:internal/stream_base_commons:159:15)
    at writeGeneric (node:internal/stream_base_commons:150:3)
    at Socket._writeGeneric (node:net:1025:11)
    at Socket._write (node:net:1037:8)
    at writeOrBuffer (node:internal/streams/writable:570:12)
    at _write (node:internal/streams/writable:499:10)
    at Writable.write (node:internal/streams/writable:508:10)
    at Console.log (/opt/homebrew/Cellar/firebase-cli/14.11.0/libexec/lib/node_modules/firebase-tools/node_modules/winston/lib/winston/transports/console.js:87:23)
    at Console._write (/opt/homebrew/Cellar/firebase-cli/14.11.0/libexec/lib/node_modules/firebase-tools/node_modules/winston-transport/modern.js:103:17)
    at doWrite (/opt/homebrew/Cellar/firebase-cli/14.11.0/libexec/lib/node_modules/firebase-tools/node_modules/winston-transport/node_modules/readable-stream/lib/_stream_writable.js:390:139)
[error] 
[error] Error: An unexpected error has occurred.
[debug] [2026-07-03T10:44:03.157Z] Error: write EPIPE
    at afterWriteDispatched (node:internal/stream_base_commons:159:15)
    at writeGeneric (node:internal/stream_base_commons:150:3)
    at Socket._writeGeneric (node:net:1025:11)
    at Socket._write (node:net:1037:8)
    at writeOrBuffer (node:internal/streams/writable:570:12)
    at _write (node:internal/streams/writable:499:10)
    at Writable.write (node:internal/streams/writable:508:10)
    at Console.log (/opt/homebrew/Cellar/firebase-cli/14.11.0/libexec/lib/node_modules/firebase-tools/node_modules/winston/lib/winston/transports/console.js:87:23)
    at Console._write (/opt/homebrew/Cellar/firebase-cli/14.11.0/libexec/lib/node_modules/firebase-tools/node_modules/winston-transport/modern.js:103:17)
    at doWrite (/opt/homebrew/Cellar/firebase-cli/14.11.0/libexec/lib/node_modules/firebase-tools/node_modules/winston-transport/node_modules/readable-stream/lib/_stream_writable.js:390:139)
[error] 
[error] Error: An unexpected error has occurred.
[debug] [2026-07-03T10:44:03.157Z] Error: write EPIPE
    at afterWriteDispatched (node:internal/stream_base_commons:159:15)
    at writeGeneric (node:internal/stream_base_commons:150:3)
    at Socket._writeGeneric (node:net:1025:11)
    at Socket._write (node:net:1037:8)
    at writeOrBuffer (node:internal/streams/writable:570:12)
    at _write (node:internal/streams/writable:499:10)
    at Writable.write (node:internal/streams/writable:508:10)
    at Console.log (/opt/homebrew/Cellar/firebase-cli/14.11.0/libexec/lib/node_modules/firebase-tools/node_modules/winston/lib/winston/transports/console.js:87:23)
    at Console._write (/opt/homebrew/Cellar/firebase-cli/14.11.0/libexec/lib/node_modules/firebase-tools/node_modules/winston-transport/modern.js:103:17)
    at doWrite (/opt/homebrew/Cellar/firebase-cli/14.11.0/libexec/lib/node_modules/firebase-tools/node_modules/winston-transport/node_modules/readable-stream/lib/_stream_writable.js:390:139)
[error] 
[error] Error: An unexpected error has occurred.
[debug] [2026-07-03T10:44:03.158Z] Error: write EPIPE
    at afterWriteDispatched (node:internal/stream_base_commons:159:15)
    at writeGeneric (node:internal/stream_base_commons:150:3)
    at Socket._writeGeneric (node:net:1025:11)
    at Socket._write (node:net:1037:8)
    at writeOrBuffer (node:internal/streams/writable:570:12)
    at _write (node:internal/streams/writable:499:10)
    at Writable.write (node:internal/streams/writable:508:10)
    at Console.log (/opt/homebrew/Cellar/firebase-cli/14.11.0/libexec/lib/node_modules/firebase-tools/node_modules/winston/lib/winston/transports/console.js:87:23)
    at Console._write (/opt/homebrew/Cellar/firebase-cli/14.11.0/libexec/lib/node_modules/firebase-tools/node_modules/winston-transport/modern.js:103:17)
    at doWrite (/opt/homebrew/Cellar/firebase-cli/14.11.0/libexec/lib/node_modules/firebase-tools/node_modules/winston-transport/node_modules/readable-stream/lib/_stream_writable.js:390:139)
[error] 
[error] Error: An unexpected error has occurred.
[debug] [2026-07-03T10:44:03.158Z] Error: write EPIPE
    at afterWriteDispatched (node:internal/stream_base_commons:159:15)
    at writeGeneric (node:internal/stream_base_commons:150:3)
    at Socket._writeGeneric (node:net:1025:11)
    at Socket._write (node:net:1037:8)
    at writeOrBuffer (node:internal/streams/writable:570:12)
    at _write (node:internal/streams/writable:499:10)
    at Writable.write (node:internal/streams/writable:508:10)
    at Console.log (/opt/homebrew/Cellar/firebase-cli/14.11.0/libexec/lib/node_modules/firebase-tools/node_modules/winston/lib/winston/transports/console.js:87:23)
    at Console._write (/opt/homebrew/Cellar/firebase-cli/14.11.0/libexec/lib/node_modules/firebase-tools/node_modules/winston-transport/modern.js:103:17)
    at doWrite (/opt/homebrew/Cellar/firebase-cli/14.11.0/libexec/lib/node_modules/firebase-tools/node_modules/winston-transport/node_modules/readable-stream/lib/_stream_writable.js:390:139)
[error] 
[error] Error: An unexpected error has occurred.
[debug] [2026-07-03T10:44:03.159Z] Error: write EPIPE
    at afterWriteDispatched (node:internal/stream_base_commons:159:15)
    at writeGeneric (node:internal/stream_base_commons:150:3)
    at Socket._writeGeneric (node:net:1025:11)
    at Socket._write (node:net:1037:8)
    at writeOrBuffer (node:internal/streams/writable:570:12)
    at _write (node:internal/streams/writable:499:10)
    at Writable.write (node:internal/streams/writable:508:10)
    at Console.log (/opt/homebrew/Cellar/firebase-cli/14.11.0/libexec/lib/node_modules/firebase-tools/node_modules/winston/lib/winston/transports/console.js:87:23)
    at Console._write (/opt/homebrew/Cellar/firebase-cli/14.11.0/libexec/lib/node_modules/firebase-tools/node_modules/winston-transport/modern.js:103:17)
    at doWrite (/opt/homebrew/Cellar/firebase-cli/14.11.0/libexec/lib/node_modules/firebase-tools/node_modules/winston-transport/node_modules/readable-stream/lib/_stream_writable.js:390:139)
[error] 
[error] Error: An unexpected error has occurred.
[debug] [2026-07-03T10:44:03.159Z] Error: write EPIPE
    at afterWriteDispatched (node:internal/stream_base_commons:159:15)
    at writeGeneric (node:internal/stream_base_commons:150:3)
    at Socket._writeGeneric (node:net:1025:11)
    at Socket._write (node:net:1037:8)
    at writeOrBuffer (node:internal/streams/writable:570:12)
    at _write (node:internal/streams/writable:499:10)
    at Writable.write (node:internal/streams/writable:508:10)
    at Console.log (/opt/homebrew/Cellar/firebase-cli/14.11.0/libexec/lib/node_modules/firebase-tools/node_modules/winston/lib/winston/transports/console.js:87:23)
    at Console._write (/opt/homebrew/Cellar/firebase-cli/14.11.0/libexec/lib/node_modules/firebase-tools/node_modules/winston-transport/modern.js:103:17)
    at doWrite (/opt/homebrew/Cellar/firebase-cli/14.11.0/libexec/lib/node_modules/firebase-tools/node_modules/winston-transport/node_modules/readable-stream/lib/_stream_writable.js:390:139)
[error] 
[error] Error: An unexpected error has occurred.
[debug] [2026-07-03T10:44:03.159Z] Error: write EPIPE
    at afterWriteDispatched (node:internal/stream_base_commons:159:15)
    at writeGeneric (node:internal/stream_base_commons:150:3)
    at Socket._writeGeneric (node:net:1025:11)
    at Socket._write (node:net:1037:8)
    at writeOrBuffer (node:internal/streams/writable:570:12)
    at _write (node:internal/streams/writable:499:10)
    at Writable.write (node:internal/streams/writable:508:10)
    at Console.log (/opt/homebrew/Cellar/firebase-cli/14.11.0/libexec/lib/node_modules/firebase-tools/node_modules/winston/lib/winston/transports/console.js:87:23)
    at Console._write (/opt/homebrew/Cellar/firebase-cli/14.11.0/libexec/lib/node_modules/firebase-tools/node_modules/winston-transport/modern.js:103:17)
    at doWrite (/opt/homebrew/Cellar/firebase-cli/14.11.0/libexec/lib/node_modules/firebase-tools/node_modules/winston-transport/node_modules/readable-stream/lib/_stream_writable.js:390:139)
[error] 
[error] Error: An unexpected error has occurred.
[debug] [2026-07-03T10:44:03.159Z] Error: write EPIPE
    at afterWriteDispatched (node:internal/stream_base_commons:159:15)
    at writeGeneric (node:internal/stream_base_commons:150:3)
    at Socket._writeGeneric (node:net:1025:11)
    at Socket._write (node:net:1037:8)
    at writeOrBuffer (node:internal/streams/writable:570:12)
    at _write (node:internal/streams/writable:499:10)
    at Writable.write (node:internal/streams/writable:508:10)
    at Console.log (/opt/homebrew/Cellar/firebase-cli/14.11.0/libexec/lib/node_modules/firebase-tools/node_modules/winston/lib/winston/transports/console.js:87:23)
    at Console._write (/opt/homebrew/Cellar/firebase-cli/14.11.0/libexec/lib/node_modules/firebase-tools/node_modules/winston-transport/modern.js:103:17)
    at doWrite (/opt/homebrew/Cellar/firebase-cli/14.11.0/libexec/lib/node_modules/firebase-tools/node_modules/winston-transport/node_modules/readable-stream/lib/_stream_writable.js:390:139)
[error] 
[error] Error: An unexpected error has occurred.
[debug] [2026-07-03T10:44:03.160Z] Error: write EPIPE
    at afterWriteDispatched (node:internal/stream_base_commons:159:15)
    at writeGeneric (node:internal/stream_base_commons:150:3)
    at Socket._writeGeneric (node:net:1025:11)
    at Socket._write (node:net:1037:8)
    at writeOrBuffer (node:internal/streams/writable:570:12)
    at _write (node:internal/streams/writable:499:10)
    at Writable.write (node:internal/streams/writable:508:10)
    at Console.log (/opt/homebrew/Cellar/firebase-cli/14.11.0/libexec/lib/node_modules/firebase-tools/node_modules/winston/lib/winston/transports/console.js:87:23)
    at Console._write (/opt/homebrew/Cellar/firebase-cli/14.11.0/libexec/lib/node_modules/firebase-tools/node_modules/winston-transport/modern.js:103:17)
    at doWrite (/opt/homebrew/Cellar/firebase-cli/14.11.0/libexec/lib/node_modules/firebase-tools/node_modules/winston-transport/node_modules/readable-stream/lib/_stream_writable.js:390:139)
[error] 
[error] Error: An unexpected error has occurred.
[debug] [2026-07-03T10:44:03.160Z] Error: write EPIPE
    at afterWriteDispatched (node:internal/stream_base_commons:159:15)
    at writeGeneric (node:internal/stream_base_commons:150:3)
    at Socket._writeGeneric (node:net:1025:11)
    at Socket._write (node:net:1037:8)
    at writeOrBuffer (node:internal/streams/writable:570:12)
    at _write (node:internal/streams/writable:499:10)
    at Writable.write (node:internal/streams/writable:508:10)
    at Console.log (/opt/homebrew/Cellar/firebase-cli/14.11.0/libexec/lib/node_modules/firebase-tools/node_modules/winston/lib/winston/transports/console.js:87:23)
    at Console._write (/opt/homebrew/Cellar/firebase-cli/14.11.0/libexec/lib/node_modules/firebase-tools/node_modules/winston-transport/modern.js:103:17)
    at doWrite (/opt/homebrew/Cellar/firebase-cli/14.11.0/libexec/lib/node_modules/firebase-tools/node_modules/winston-transport/node_modules/readable-stream/lib/_stream_writable.js:390:139)
[error] 
[error] Error: An unexpected error has occurred.
[debug] [2026-07-03T10:44:03.160Z] Error: write EPIPE
    at afterWriteDispatched (node:internal/stream_base_commons:159:15)
    at writeGeneric (node:internal/stream_base_commons:150:3)
    at Socket._writeGeneric (node:net:1025:11)
    at Socket._write (node:net:1037:8)
    at writeOrBuffer (node:internal/streams/writable:570:12)
    at _write (node:internal/streams/writable:499:10)
    at Writable.write (node:internal/streams/writable:508:10)
    at Console.log (/opt/homebrew/Cellar/firebase-cli/14.11.0/libexec/lib/node_modules/firebase-tools/node_modules/winston/lib/winston/transports/console.js:87:23)
    at Console._write (/opt/homebrew/Cellar/firebase-cli/14.11.0/libexec/lib/node_modules/firebase-tools/node_modules/winston-transport/modern.js:103:17)
    at doWrite (/opt/homebrew/Cellar/firebase-cli/14.11.0/libexec/lib/node_modules/firebase-tools/node_modules/winston-transport/node_modules/readable-stream/lib/_stream_writable.js:390:139)
[error] 
[error] Error: An unexpected error has occurred.
[debug] [2026-07-03T10:44:03.160Z] Error: write EPIPE
    at afterWriteDispatched (node:internal/stream_base_commons:159:15)
    at writeGeneric (node:internal/stream_base_commons:150:3)
    at Socket._writeGeneric (node:net:1025:11)
    at Socket._write (node:net:1037:8)
    at writeOrBuffer (node:internal/streams/writable:570:12)
    at _write (node:internal/streams/writable:499:10)
    at Writable.write (node:internal/streams/writable:508:10)
    at Console.log (/opt/homebrew/Cellar/firebase-cli/14.11.0/libexec/lib/node_modules/firebase-tools/node_modules/winston/lib/winston/transports/console.js:87:23)
    at Console._write (/opt/homebrew/Cellar/firebase-cli/14.11.0/libexec/lib/node_modules/firebase-tools/node_modules/winston-transport/modern.js:103:17)
    at doWrite (/opt/homebrew/Cellar/firebase-cli/14.11.0/libexec/lib/node_modules/firebase-tools/node_modules/winston-transport/node_modules/readable-stream/lib/_stream_writable.js:390:139)
[error] 
[error] Error: An unexpected error has occurred.
[debug] [2026-07-03T10:44:03.160Z] Error: write EPIPE
    at afterWriteDispatched (node:internal/stream_base_commons:159:15)
    at writeGeneric (node:internal/stream_base_commons:150:3)
    at Socket._writeGeneric (node:net:1025:11)
    at Socket._write (node:net:1037:8)
    at writeOrBuffer (node:internal/streams/writable:570:12)
    at _write (node:internal/streams/writable:499:10)
    at Writable.write (node:internal/streams/writable:508:10)
    at Console.log (/opt/homebrew/Cellar/firebase-cli/14.11.0/libexec/lib/node_modules/firebase-tools/node_modules/winston/lib/winston/transports/console.js:87:23)
    at Console._write (/opt/homebrew/Cellar/firebase-cli/14.11.0/libexec/lib/node_modules/firebase-tools/node_modules/winston-transport/modern.js:103:17)
    at doWrite (/opt/homebrew/Cellar/firebase-cli/14.11.0/libexec/lib/node_modules/firebase-tools/node_modules/winston-transport/node_modules/readable-stream/lib/_stream_writable.js:390:139)
[error] 
[error] Error: An unexpected error has occurred.
[debug] [2026-07-03T10:44:03.160Z] Error: write EPIPE
    at afterWriteDispatched (node:internal/stream_base_commons:159:15)
    at writeGeneric (node:internal/stream_base_commons:150:3)
    at Socket._writeGeneric (node:net:1025:11)
    at Socket._write (node:net:1037:8)
    at writeOrBuffer (node:internal/streams/writable:570:12)
    at _write (node:internal/streams/writable:499:10)
    at Writable.write (node:internal/streams/writable:508:10)
    at Console.log (/opt/homebrew/Cellar/firebase-cli/14.11.0/libexec/lib/node_modules/firebase-tools/node_modules/winston/lib/winston/transports/console.js:87:23)
    at Console._write (/opt/homebrew/Cellar/firebase-cli/14.11.0/libexec/lib/node_modules/firebase-tools/node_modules/winston-transport/modern.js:103:17)
    at doWrite (/opt/homebrew/Cellar/firebase-cli/14.11.0/libexec/lib/node_modules/firebase-tools/node_modules/winston-transport/node_modules/readable-stream/lib/_stream_writable.js:390:139)
[error] 
[error] Error: An unexpected error has occurred.
[debug] [2026-07-03T10:44:03.160Z] Error: write EPIPE
    at afterWriteDispatched (node:internal/stream_base_commons:159:15)
    at writeGeneric (node:internal/stream_base_commons:150:3)
    at Socket._writeGeneric (node:net:1025:11)
    at Socket._write (node:net:1037:8)
    at writeOrBuffer (node:internal/streams/writable:570:12)
    at _write (node:internal/streams/writable:499:10)
    at Writable.write (node:internal/streams/writable:508:10)
    at Console.log (/opt/homebrew/Cellar/firebase-cli/14.11.0/libexec/lib/node_modules/firebase-tools/node_modules/winston/lib/winston/transports/console.js:87:23)
    at Console._write (/opt/homebrew/Cellar/firebase-cli/14.11.0/libexec/lib/node_modules/firebase-tools/node_modules/winston-transport/modern.js:103:17)
    at doWrite (/opt/homebrew/Cellar/firebase-cli/14.11.0/libexec/lib/node_modules/firebase-tools/node_modules/winston-transport/node_modules/readable-stream/lib/_stream_writable.js:390:139)
[error] 
[error] Error: An unexpected error has occurred.
[debug] [2026-07-03T10:44:03.160Z] Error: write EPIPE
    at afterWriteDispatched (node:internal/stream_base_commons:159:15)
    at writeGeneric (node:internal/stream_base_commons:150:3)
    at Socket._writeGeneric (node:net:1025:11)
    at Socket._write (node:net:1037:8)
    at writeOrBuffer (node:internal/streams/writable:570:12)
    at _write (node:internal/streams/writable:499:10)
    at Writable.write (node:internal/streams/writable:508:10)
    at Console.log (/opt/homebrew/Cellar/firebase-cli/14.11.0/libexec/lib/node_modules/firebase-tools/node_modules/winston/lib/winston/transports/console.js:87:23)
    at Console._write (/opt/homebrew/Cellar/firebase-cli/14.11.0/libexec/lib/node_modules/firebase-tools/node_modules/winston-transport/modern.js:103:17)
    at doWrite (/opt/homebrew/Cellar/firebase-cli/14.11.0/libexec/lib/node_modules/firebase-tools/node_modules/winston-transport/node_modules/readable-stream/lib/_stream_writable.js:390:139)
[error] 
[error] Error: An unexpected error has occurred.
[debug] [2026-07-03T10:44:03.160Z] Error: write EPIPE
    at afterWriteDispatched (node:internal/stream_base_commons:159:15)
    at writeGeneric (node:internal/stream_base_commons:150:3)
    at Socket._writeGeneric (node:net:1025:11)
    at Socket._write (node:net:1037:8)
    at writeOrBuffer (node:internal/streams/writable:570:12)
    at _write (node:internal/streams/writable:499:10)
    at Writable.write (node:internal/streams/writable:508:10)
    at Console.log (/opt/homebrew/Cellar/firebase-cli/14.11.0/libexec/lib/node_modules/firebase-tools/node_modules/winston/lib/winston/transports/console.js:87:23)
    at Console._write (/opt/homebrew/Cellar/firebase-cli/14.11.0/libexec/lib/node_modules/firebase-tools/node_modules/winston-transport/modern.js:103:17)
    at doWrite (/opt/homebrew/Cellar/firebase-cli/14.11.0/libexec/lib/node_modules/firebase-tools/node_modules/winston-transport/node_modules/readable-stream/lib/_stream_writable.js:390:139)
[error] 
[error] Error: An unexpected error has occurred.
[debug] [2026-07-03T10:44:03.160Z] Error: write EPIPE
    at afterWriteDispatched (node:internal/stream_base_commons:159:15)
    at writeGeneric (node:internal/stream_base_commons:150:3)
    at Socket._writeGeneric (node:net:1025:11)
    at Socket._write (node:net:1037:8)
    at writeOrBuffer (node:internal/streams/writable:570:12)
    at _write (node:internal/streams/writable:499:10)
    at Writable.write (node:internal/streams/writable:508:10)
    at Console.log (/opt/homebrew/Cellar/firebase-cli/14.11.0/libexec/lib/node_modules/firebase-tools/node_modules/winston/lib/winston/transports/console.js:87:23)
    at Console._write (/opt/homebrew/Cellar/firebase-cli/14.11.0/libexec/lib/node_modules/firebase-tools/node_modules/winston-transport/modern.js:103:17)
    at doWrite (/opt/homebrew/Cellar/firebase-cli/14.11.0/libexec/lib/node_modules/firebase-tools/node_modules/winston-transport/node_modules/readable-stream/lib/_stream_writable.js:390:139)
[error] 
[error] Error: An unexpected error has occurred.
[debug] [2026-07-03T10:44:03.161Z] Error: write EPIPE
    at afterWriteDispatched (node:internal/stream_base_commons:159:15)
    at writeGeneric (node:internal/stream_base_commons:150:3)
    at Socket._writeGeneric (node:net:1025:11)
    at Socket._write (node:net:1037:8)
    at writeOrBuffer (node:internal/streams/writable:570:12)
    at _write (node:internal/streams/writable:499:10)
    at Writable.write (node:internal/streams/writable:508:10)
    at Console.log (/opt/homebrew/Cellar/firebase-cli/14.11.0/libexec/lib/node_modules/firebase-tools/node_modules/winston/lib/winston/transports/console.js:87:23)
    at Console._write (/opt/homebrew/Cellar/firebase-cli/14.11.0/libexec/lib/node_modules/firebase-tools/node_modules/winston-transport/modern.js:103:17)
    at doWrite (/opt/homebrew/Cellar/firebase-cli/14.11.0/libexec/lib/node_modules/firebase-tools/node_modules/winston-transport/node_modules/readable-stream/lib/_stream_writable.js:390:139)
[error] 
[error] Error: An unexpected error has occurred.
[debug] [2026-07-03T10:44:03.162Z] Error: write EPIPE
    at afterWriteDispatched (node:internal/stream_base_commons:159:15)
    at writeGeneric (node:internal/stream_base_commons:150:3)
    at Socket._writeGeneric (node:net:1025:11)
    at Socket._write (node:net:1037:8)
    at writeOrBuffer (node:internal/streams/writable:570:12)
    at _write (node:internal/streams/writable:499:10)
    at Writable.write (node:internal/streams/writable:508:10)
    at Console.log (/opt/homebrew/Cellar/firebase-cli/14.11.0/libexec/lib/node_modules/firebase-tools/node_modules/winston/lib/winston/transports/console.js:87:23)
    at Console._write (/opt/homebrew/Cellar/firebase-cli/14.11.0/libexec/lib/node_modules/firebase-tools/node_modules/winston-transport/modern.js:103:17)
    at doWrite (/opt/homebrew/Cellar/firebase-cli/14.11.0/libexec/lib/node_modules/firebase-tools/node_modules/winston-transport/node_modules/readable-stream/lib/_stream_writable.js:390:139)
[error] 
[error] Error: An unexpected error has occurred.
[debug] [2026-07-03T10:44:03.162Z] Error: write EPIPE
    at afterWriteDispatched (node:internal/stream_base_commons:159:15)
    at writeGeneric (node:internal/stream_base_commons:150:3)
    at Socket._writeGeneric (node:net:1025:11)
    at Socket._write (node:net:1037:8)
    at writeOrBuffer (node:internal/streams/writable:570:12)
    at _write (node:internal/streams/writable:499:10)
    at Writable.write (node:internal/streams/writable:508:10)
    at Console.log (/opt/homebrew/Cellar/firebase-cli/14.11.0/libexec/lib/node_modules/firebase-tools/node_modules/winston/lib/winston/transports/console.js:87:23)
    at Console._write (/opt/homebrew/Cellar/firebase-cli/14.11.0/libexec/lib/node_modules/firebase-tools/node_modules/winston-transport/modern.js:103:17)
    at doWrite (/opt/homebrew/Cellar/firebase-cli/14.11.0/libexec/lib/node_modules/firebase-tools/node_modules/winston-transport/node_modules/readable-stream/lib/_stream_writable.js:390:139)
[error] 
[error] Error: An unexpected error has occurred.
[debug] [2026-07-03T10:44:03.162Z] Error: write EPIPE
    at afterWriteDispatched (node:internal/stream_base_commons:159:15)
    at writeGeneric (node:internal/stream_base_commons:150:3)
    at Socket._writeGeneric (node:net:1025:11)
    at Socket._write (node:net:1037:8)
    at writeOrBuffer (node:internal/streams/writable:570:12)
    at _write (node:internal/streams/writable:499:10)
    at Writable.write (node:internal/streams/writable:508:10)
    at Console.log (/opt/homebrew/Cellar/firebase-cli/14.11.0/libexec/lib/node_modules/firebase-tools/node_modules/winston/lib/winston/transports/console.js:87:23)
    at Console._write (/opt/homebrew/Cellar/firebase-cli/14.11.0/libexec/lib/node_modules/firebase-tools/node_modules/winston-transport/modern.js:103:17)
    at doWrite (/opt/homebrew/Cellar/firebase-cli/14.11.0/libexec/lib/node_modules/firebase-tools/node_modules/winston-transport/node_modules/readable-stream/lib/_stream_writable.js:390:139)
[error] 
[error] Error: An unexpected error has occurred.
[debug] [2026-07-03T10:44:03.162Z] Error: write EPIPE
    at afterWriteDispatched (node:internal/stream_base_commons:159:15)
    at writeGeneric (node:internal/stream_base_commons:150:3)
    at Socket._writeGeneric (node:net:1025:11)
    at Socket._write (node:net:1037:8)
    at writeOrBuffer (node:internal/streams/writable:570:12)
    at _write (node:internal/streams/writable:499:10)
    at Writable.write (node:internal/streams/writable:508:10)
    at Console.log (/opt/homebrew/Cellar/firebase-cli/14.11.0/libexec/lib/node_modules/firebase-tools/node_modules/winston/lib/winston/transports/console.js:87:23)
    at Console._write (/opt/homebrew/Cellar/firebase-cli/14.11.0/libexec/lib/node_modules/firebase-tools/node_modules/winston-transport/modern.js:103:17)
    at doWrite (/opt/homebrew/Cellar/firebase-cli/14.11.0/libexec/lib/node_modules/firebase-tools/node_modules/winston-transport/node_modules/readable-stream/lib/_stream_writable.js:390:139)
[error] 
[error] Error: An unexpected error has occurred.
[debug] [2026-07-03T10:44:03.171Z] Error: write EPIPE
    at afterWriteDispatched (node:internal/stream_base_commons:159:15)
    at writeGeneric (node:internal/stream_base_commons:150:3)
    at Socket._writeGeneric (node:net:1025:11)
    at Socket._write (node:net:1037:8)
    at writeOrBuffer (node:internal/streams/writable:570:12)
    at _write (node:internal/streams/writable:499:10)
    at Writable.write (node:internal/streams/writable:508:10)
    at Console.log (/opt/homebrew/Cellar/firebase-cli/14.11.0/libexec/lib/node_modules/firebase-tools/node_modules/winston/lib/winston/transports/console.js:87:23)
    at Console._write (/opt/homebrew/Cellar/firebase-cli/14.11.0/libexec/lib/node_modules/firebase-tools/node_modules/winston-transport/modern.js:103:17)
    at doWrite (/opt/homebrew/Cellar/firebase-cli/14.11.0/libexec/lib/node_modules/firebase-tools/node_modules/winston-transport/node_modules/readable-stream/lib/_stream_writable.js:390:139)
[error] 
[error] Error: An unexpected error has occurred.
[debug] [2026-07-03T10:44:03.171Z] Error: write EPIPE
    at afterWriteDispatched (node:internal/stream_base_commons:159:15)
    at writeGeneric (node:internal/stream_base_commons:150:3)
    at Socket._writeGeneric (node:net:1025:11)
    at Socket._write (node:net:1037:8)
    at writeOrBuffer (node:internal/streams/writable:570:12)
    at _write (node:internal/streams/writable:499:10)
    at Writable.write (node:internal/streams/writable:508:10)
    at Console.log (/opt/homebrew/Cellar/firebase-cli/14.11.0/libexec/lib/node_modules/firebase-tools/node_modules/winston/lib/winston/transports/console.js:87:23)
    at Console._write (/opt/homebrew/Cellar/firebase-cli/14.11.0/libexec/lib/node_modules/firebase-tools/node_modules/winston-transport/modern.js:103:17)
    at doWrite (/opt/homebrew/Cellar/firebase-cli/14.11.0/libexec/lib/node_modules/firebase-tools/node_modules/winston-transport/node_modules/readable-stream/lib/_stream_writable.js:390:139)
[error] 
[error] Error: An unexpected error has occurred.
[debug] [2026-07-03T10:44:03.172Z] Error: write EPIPE
    at afterWriteDispatched (node:internal/stream_base_commons:159:15)
    at writeGeneric (node:internal/stream_base_commons:150:3)
    at Socket._writeGeneric (node:net:1025:11)
    at Socket._write (node:net:1037:8)
    at writeOrBuffer (node:internal/streams/writable:570:12)
    at _write (node:internal/streams/writable:499:10)
    at Writable.write (node:internal/streams/writable:508:10)
    at Console.log (/opt/homebrew/Cellar/firebase-cli/14.11.0/libexec/lib/node_modules/firebase-tools/node_modules/winston/lib/winston/transports/console.js:87:23)
    at Console._write (/opt/homebrew/Cellar/firebase-cli/14.11.0/libexec/lib/node_modules/firebase-tools/node_modules/winston-transport/modern.js:103:17)
    at doWrite (/opt/homebrew/Cellar/firebase-cli/14.11.0/libexec/lib/node_modules/firebase-tools/node_modules/winston-transport/node_modules/readable-stream/lib/_stream_writable.js:390:139)
[error] 
[error] Error: An unexpected error has occurred.
[debug] [2026-07-03T10:44:03.172Z] Error: write EPIPE
    at afterWriteDispatched (node:internal/stream_base_commons:159:15)
    at writeGeneric (node:internal/stream_base_commons:150:3)
    at Socket._writeGeneric (node:net:1025:11)
    at Socket._write (node:net:1037:8)
    at writeOrBuffer (node:internal/streams/writable:570:12)
    at _write (node:internal/streams/writable:499:10)
    at Writable.write (node:internal/streams/writable:508:10)
    at Console.log (/opt/homebrew/Cellar/firebase-cli/14.11.0/libexec/lib/node_modules/firebase-tools/node_modules/winston/lib/winston/transports/console.js:87:23)
    at Console._write (/opt/homebrew/Cellar/firebase-cli/14.11.0/libexec/lib/node_modules/firebase-tools/node_modules/winston-transport/modern.js:103:17)
    at doWrite (/opt/homebrew/Cellar/firebase-cli/14.11.0/libexec/lib/node_modules/firebase-tools/node_modules/winston-transport/node_modules/readable-stream/lib/_stream_writable.js:390:139)
[error] 
[error] Error: An unexpected error has occurred.
[debug] [2026-07-03T10:44:03.172Z] Error: write EPIPE
    at afterWriteDispatched (node:internal/stream_base_commons:159:15)
    at writeGeneric (node:internal/stream_base_commons:150:3)
    at Socket._writeGeneric (node:net:1025:11)
    at Socket._write (node:net:1037:8)
    at writeOrBuffer (node:internal/streams/writable:570:12)
    at _write (node:internal/streams/writable:499:10)
    at Writable.write (node:internal/streams/writable:508:10)
    at Console.log (/opt/homebrew/Cellar/firebase-cli/14.11.0/libexec/lib/node_modules/firebase-tools/node_modules/winston/lib/winston/transports/console.js:87:23)
    at Console._write (/opt/homebrew/Cellar/firebase-cli/14.11.0/libexec/lib/node_modules/firebase-tools/node_modules/winston-transport/modern.js:103:17)
    at doWrite (/opt/homebrew/Cellar/firebase-cli/14.11.0/libexec/lib/node_modules/firebase-tools/node_modules/winston-transport/node_modules/readable-stream/lib/_stream_writable.js:390:139)
[error] 
[error] Error: An unexpected error has occurred.
[debug] [2026-07-03T10:44:03.172Z] Error: write EPIPE
    at afterWriteDispatched (node:internal/stream_base_commons:159:15)
    at writeGeneric (node:internal/stream_base_commons:150:3)
    at Socket._writeGeneric (node:net:1025:11)
    at Socket._write (node:net:1037:8)
    at writeOrBuffer (node:internal/streams/writable:570:12)
    at _write (node:internal/streams/writable:499:10)
    at Writable.write (node:internal/streams/writable:508:10)
    at Console.log (/opt/homebrew/Cellar/firebase-cli/14.11.0/libexec/lib/node_modules/firebase-tools/node_modules/winston/lib/winston/transports/console.js:87:23)
    at Console._write (/opt/homebrew/Cellar/firebase-cli/14.11.0/libexec/lib/node_modules/firebase-tools/node_modules/winston-transport/modern.js:103:17)
    at doWrite (/opt/homebrew/Cellar/firebase-cli/14.11.0/libexec/lib/node_modules/firebase-tools/node_modules/winston-transport/node_modules/readable-stream/lib/_stream_writable.js:390:139)
[error] 
[error] Error: An unexpected error has occurred.
[debug] [2026-07-03T10:44:03.172Z] Error: write EPIPE
    at afterWriteDispatched (node:internal/stream_base_commons:159:15)
    at writeGeneric (node:internal/stream_base_commons:150:3)
    at Socket._writeGeneric (node:net:1025:11)
    at Socket._write (node:net:1037:8)
    at writeOrBuffer (node:internal/streams/writable:570:12)
    at _write (node:internal/streams/writable:499:10)
    at Writable.write (node:internal/streams/writable:508:10)
    at Console.log (/opt/homebrew/Cellar/firebase-cli/14.11.0/libexec/lib/node_modules/firebase-tools/node_modules/winston/lib/winston/transports/console.js:87:23)
    at Console._write (/opt/homebrew/Cellar/firebase-cli/14.11.0/libexec/lib/node_modules/firebase-tools/node_modules/winston-transport/modern.js:103:17)
    at doWrite (/opt/homebrew/Cellar/firebase-cli/14.11.0/libexec/lib/node_modules/firebase-tools/node_modules/winston-transport/node_modules/readable-stream/lib/_stream_writable.js:390:139)
[error] 
[error] Error: An unexpected error has occurred.
[debug] [2026-07-03T10:44:03.172Z] Error: write EPIPE
    at afterWriteDispatched (node:internal/stream_base_commons:159:15)
    at writeGeneric (node:internal/stream_base_commons:150:3)
    at Socket._writeGeneric (node:net:1025:11)
    at Socket._write (node:net:1037:8)
    at writeOrBuffer (node:internal/streams/writable:570:12)
    at _write (node:internal/streams/writable:499:10)
    at Writable.write (node:internal/streams/writable:508:10)
    at Console.log (/opt/homebrew/Cellar/firebase-cli/14.11.0/libexec/lib/node_modules/firebase-tools/node_modules/winston/lib/winston/transports/console.js:87:23)
    at Console._write (/opt/homebrew/Cellar/firebase-cli/14.11.0/libexec/lib/node_modules/firebase-tools/node_modules/winston-transport/modern.js:103:17)
    at doWrite (/opt/homebrew/Cellar/firebase-cli/14.11.0/libexec/lib/node_modules/firebase-tools/node_modules/winston-transport/node_modules/readable-stream/lib/_stream_writable.js:390:139)
[error] 
[error] Error: An unexpected error has occurred.
[debug] [2026-07-03T10:44:03.172Z] Error: write EPIPE
    at afterWriteDispatched (node:internal/stream_base_commons:159:15)
    at writeGeneric (node:internal/stream_base_commons:150:3)
    at Socket._writeGeneric (node:net:1025:11)
    at Socket._write (node:net:1037:8)
    at writeOrBuffer (node:internal/streams/writable:570:12)
    at _write (node:internal/streams/writable:499:10)
    at Writable.write (node:internal/streams/writable:508:10)
    at Console.log (/opt/homebrew/Cellar/firebase-cli/14.11.0/libexec/lib/node_modules/firebase-tools/node_modules/winston/lib/winston/transports/console.js:87:23)
    at Console._write (/opt/homebrew/Cellar/firebase-cli/14.11.0/libexec/lib/node_modules/firebase-tools/node_modules/winston-transport/modern.js:103:17)
    at doWrite (/opt/homebrew/Cellar/firebase-cli/14.11.0/libexec/lib/node_modules/firebase-tools/node_modules/winston-transport/node_modules/readable-stream/lib/_stream_writable.js:390:139)
[error] 
[error] Error: An unexpected error has occurred.
[debug] [2026-07-03T10:44:03.173Z] Error: write EPIPE
    at afterWriteDispatched (node:internal/stream_base_commons:159:15)
    at writeGeneric (node:internal/stream_base_commons:150:3)
    at Socket._writeGeneric (node:net:1025:11)
    at Socket._write (node:net:1037:8)
    at writeOrBuffer (node:internal/streams/writable:570:12)
    at _write (node:internal/streams/writable:499:10)
    at Writable.write (node:internal/streams/writable:508:10)
    at Console.log (/opt/homebrew/Cellar/firebase-cli/14.11.0/libexec/lib/node_modules/firebase-tools/node_modules/winston/lib/winston/transports/console.js:87:23)
    at Console._write (/opt/homebrew/Cellar/firebase-cli/14.11.0/libexec/lib/node_modules/firebase-tools/node_modules/winston-transport/modern.js:103:17)
    at doWrite (/opt/homebrew/Cellar/firebase-cli/14.11.0/libexec/lib/node_modules/firebase-tools/node_modules/winston-transport/node_modules/readable-stream/lib/_stream_writable.js:390:139)
[error] 
[error] Error: An unexpected error has occurred.
[debug] [2026-07-03T10:44:03.173Z] Error: write EPIPE
    at afterWriteDispatched (node:internal/stream_base_commons:159:15)
    at writeGeneric (node:internal/stream_base_commons:150:3)
    at Socket._writeGeneric (node:net:1025:11)
    at Socket._write (node:net:1037:8)
    at writeOrBuffer (node:internal/streams/writable:570:12)
    at _write (node:internal/streams/writable:499:10)
    at Writable.write (node:internal/streams/writable:508:10)
    at Console.log (/opt/homebrew/Cellar/firebase-cli/14.11.0/libexec/lib/node_modules/firebase-tools/node_modules/winston/lib/winston/transports/console.js:87:23)
    at Console._write (/opt/homebrew/Cellar/firebase-cli/14.11.0/libexec/lib/node_modules/firebase-tools/node_modules/winston-transport/modern.js:103:17)
    at doWrite (/opt/homebrew/Cellar/firebase-cli/14.11.0/libexec/lib/node_modules/firebase-tools/node_modules/winston-transport/node_modules/readable-stream/lib/_stream_writable.js:390:139)
[error] 
[error] Error: An unexpected error has occurred.
[debug] [2026-07-03T10:44:03.173Z] Error: write EPIPE
    at afterWriteDispatched (node:internal/stream_base_commons:159:15)
    at writeGeneric (node:internal/stream_base_commons:150:3)
    at Socket._writeGeneric (node:net:1025:11)
    at Socket._write (node:net:1037:8)
    at writeOrBuffer (node:internal/streams/writable:570:12)
    at _write (node:internal/streams/writable:499:10)
    at Writable.write (node:internal/streams/writable:508:10)
    at Console.log (/opt/homebrew/Cellar/firebase-cli/14.11.0/libexec/lib/node_modules/firebase-tools/node_modules/winston/lib/winston/transports/console.js:87:23)
    at Console._write (/opt/homebrew/Cellar/firebase-cli/14.11.0/libexec/lib/node_modules/firebase-tools/node_modules/winston-transport/modern.js:103:17)
    at doWrite (/opt/homebrew/Cellar/firebase-cli/14.11.0/libexec/lib/node_modules/firebase-tools/node_modules/winston-transport/node_modules/readable-stream/lib/_stream_writable.js:390:139)
[error] 
[error] Error: An unexpected error has occurred.
[debug] [2026-07-03T10:44:03.173Z] Error: write EPIPE
    at afterWriteDispatched (node:internal/stream_base_commons:159:15)
    at writeGeneric (node:internal/stream_base_commons:150:3)
    at Socket._writeGeneric (node:net:1025:11)
    at Socket._write (node:net:1037:8)
    at writeOrBuffer (node:internal/streams/writable:570:12)
    at _write (node:internal/streams/writable:499:10)
    at Writable.write (node:internal/streams/writable:508:10)
    at Console.log (/opt/homebrew/Cellar/firebase-cli/14.11.0/libexec/lib/node_modules/firebase-tools/node_modules/winston/lib/winston/transports/console.js:87:23)
    at Console._write (/opt/homebrew/Cellar/firebase-cli/14.11.0/libexec/lib/node_modules/firebase-tools/node_modules/winston-transport/modern.js:103:17)
    at doWrite (/opt/homebrew/Cellar/firebase-cli/14.11.0/libexec/lib/node_modules/firebase-tools/node_modules/winston-transport/node_modules/readable-stream/lib/_stream_writable.js:390:139)
[error] 
[error] Error: An unexpected error has occurred.
[debug] [2026-07-03T10:44:03.177Z] Error: write EPIPE
    at afterWriteDispatched (node:internal/stream_base_commons:159:15)
    at writeGeneric (node:internal/stream_base_commons:150:3)
    at Socket._writeGeneric (node:net:1025:11)
    at Socket._write (node:net:1037:8)
    at writeOrBuffer (node:internal/streams/writable:570:12)
    at _write (node:internal/streams/writable:499:10)
    at Writable.write (node:internal/streams/writable:508:10)
    at Console.log (/opt/homebrew/Cellar/firebase-cli/14.11.0/libexec/lib/node_modules/firebase-tools/node_modules/winston/lib/winston/transports/console.js:87:23)
    at Console._write (/opt/homebrew/Cellar/firebase-cli/14.11.0/libexec/lib/node_modules/firebase-tools/node_modules/winston-transport/modern.js:103:17)
    at doWrite (/opt/homebrew/Cellar/firebase-cli/14.11.0/libexec/lib/node_modules/firebase-tools/node_modules/winston-transport/node_modules/readable-stream/lib/_stream_writable.js:390:139)
[error] 
[error] Error: An unexpected error has occurred.
[debug] [2026-07-03T10:44:03.177Z] Error: write EPIPE
    at afterWriteDispatched (node:internal/stream_base_commons:159:15)
    at writeGeneric (node:internal/stream_base_commons:150:3)
    at Socket._writeGeneric (node:net:1025:11)
    at Socket._write (node:net:1037:8)
    at writeOrBuffer (node:internal/streams/writable:570:12)
    at _write (node:internal/streams/writable:499:10)
    at Writable.write (node:internal/streams/writable:508:10)
    at Console.log (/opt/homebrew/Cellar/firebase-cli/14.11.0/libexec/lib/node_modules/firebase-tools/node_modules/winston/lib/winston/transports/console.js:87:23)
    at Console._write (/opt/homebrew/Cellar/firebase-cli/14.11.0/libexec/lib/node_modules/firebase-tools/node_modules/winston-transport/modern.js:103:17)
    at doWrite (/opt/homebrew/Cellar/firebase-cli/14.11.0/libexec/lib/node_modules/firebase-tools/node_modules/winston-transport/node_modules/readable-stream/lib/_stream_writable.js:390:139)
[error] 
[error] Error: An unexpected error has occurred.
[debug] [2026-07-03T10:44:03.177Z] Error: write EPIPE
    at afterWriteDispatched (node:internal/stream_base_commons:159:15)
    at writeGeneric (node:internal/stream_base_commons:150:3)
    at Socket._writeGeneric (node:net:1025:11)
    at Socket._write (node:net:1037:8)
    at writeOrBuffer (node:internal/streams/writable:570:12)
    at _write (node:internal/streams/writable:499:10)
    at Writable.write (node:internal/streams/writable:508:10)
    at Console.log (/opt/homebrew/Cellar/firebase-cli/14.11.0/libexec/lib/node_modules/firebase-tools/node_modules/winston/lib/winston/transports/console.js:87:23)
    at Console._write (/opt/homebrew/Cellar/firebase-cli/14.11.0/libexec/lib/node_modules/firebase-tools/node_modules/winston-transport/modern.js:103:17)
    at doWrite (/opt/homebrew/Cellar/firebase-cli/14.11.0/libexec/lib/node_modules/firebase-tools/node_modules/winston-transport/node_modules/readable-stream/lib/_stream_writable.js:390:139)
[error] 
[error] Error: An unexpected error has occurred.
[debug] [2026-07-03T10:44:03.177Z] Error: write EPIPE
    at afterWriteDispatched (node:internal/stream_base_commons:159:15)
    at writeGeneric (node:internal/stream_base_commons:150:3)
    at Socket._writeGeneric (node:net:1025:11)
    at Socket._write (node:net:1037:8)
    at writeOrBuffer (node:internal/streams/writable:570:12)
    at _write (node:internal/streams/writable:499:10)
    at Writable.write (node:internal/streams/writable:508:10)
    at Console.log (/opt/homebrew/Cellar/firebase-cli/14.11.0/libexec/lib/node_modules/firebase-tools/node_modules/winston/lib/winston/transports/console.js:87:23)
    at Console._write (/opt/homebrew/Cellar/firebase-cli/14.11.0/libexec/lib/node_modules/firebase-tools/node_modules/winston-transport/modern.js:103:17)
    at doWrite (/opt/homebrew/Cellar/firebase-cli/14.11.0/libexec/lib/node_modules/firebase-tools/node_modules/winston-transport/node_modules/readable-stream/lib/_stream_writable.js:390:139)
[error] 
[error] Error: An unexpected error has occurred.
[debug] [2026-07-03T10:44:03.177Z] Error: write EPIPE
    at afterWriteDispatched (node:internal/stream_base_commons:159:15)
    at writeGeneric (node:internal/stream_base_commons:150:3)
    at Socket._writeGeneric (node:net:1025:11)
    at Socket._write (node:net:1037:8)
    at writeOrBuffer (node:internal/streams/writable:570:12)
    at _write (node:internal/streams/writable:499:10)
    at Writable.write (node:internal/streams/writable:508:10)
    at Console.log (/opt/homebrew/Cellar/firebase-cli/14.11.0/libexec/lib/node_modules/firebase-tools/node_modules/winston/lib/winston/transports/console.js:87:23)
    at Console._write (/opt/homebrew/Cellar/firebase-cli/14.11.0/libexec/lib/node_modules/firebase-tools/node_modules/winston-transport/modern.js:103:17)
    at doWrite (/opt/homebrew/Cellar/firebase-cli/14.11.0/libexec/lib/node_modules/firebase-tools/node_modules/winston-transport/node_modules/readable-stream/lib/_stream_writable.js:390:139)
[error] 
[error] Error: An unexpected error has occurred.
[info] i  emulators: Shutting down emulators. {"metadata":{"emulator":{"name":"hub"},"message":"Shutting down emulators."}}
[info] i  firestore: Stopping Firestore Emulator {"metadata":{"emulator":{"name":"firestore"},"message":"Stopping Firestore Emulator"}}
[debug] [2026-07-03T10:44:03.204Z] Error: write EPIPE
    at afterWriteDispatched (node:internal/stream_base_commons:159:15)
    at writeGeneric (node:internal/stream_base_commons:150:3)
    at Socket._writeGeneric (node:net:1025:11)
    at Socket._write (node:net:1037:8)
    at writeOrBuffer (node:internal/streams/writable:570:12)
    at _write (node:internal/streams/writable:499:10)
    at Writable.write (node:internal/streams/writable:508:10)
    at Console.log (/opt/homebrew/Cellar/firebase-cli/14.11.0/libexec/lib/node_modules/firebase-tools/node_modules/winston/lib/winston/transports/console.js:87:23)
    at Console._write (/opt/homebrew/Cellar/firebase-cli/14.11.0/libexec/lib/node_modules/firebase-tools/node_modules/winston-transport/modern.js:103:17)
    at doWrite (/opt/homebrew/Cellar/firebase-cli/14.11.0/libexec/lib/node_modules/firebase-tools/node_modules/winston-transport/node_modules/readable-stream/lib/_stream_writable.js:390:139)
[error] 
[error] Error: An unexpected error has occurred.
[debug] [2026-07-03T10:44:03.204Z] Error: write EPIPE
    at afterWriteDispatched (node:internal/stream_base_commons:159:15)
    at writeGeneric (node:internal/stream_base_commons:150:3)
    at Socket._writeGeneric (node:net:1025:11)
    at Socket._write (node:net:1037:8)
    at writeOrBuffer (node:internal/streams/writable:570:12)
    at _write (node:internal/streams/writable:499:10)
    at Writable.write (node:internal/streams/writable:508:10)
    at Console.log (/opt/homebrew/Cellar/firebase-cli/14.11.0/libexec/lib/node_modules/firebase-tools/node_modules/winston/lib/winston/transports/console.js:87:23)
    at Console._write (/opt/homebrew/Cellar/firebase-cli/14.11.0/libexec/lib/node_modules/firebase-tools/node_modules/winston-transport/modern.js:103:17)
    at doWrite (/opt/homebrew/Cellar/firebase-cli/14.11.0/libexec/lib/node_modules/firebase-tools/node_modules/winston-transport/node_modules/readable-stream/lib/_stream_writable.js:390:139)
[error] 
[error] Error: An unexpected error has occurred.
[debug] [2026-07-03T10:44:03.204Z] Error: write EPIPE
    at afterWriteDispatched (node:internal/stream_base_commons:159:15)
    at writeGeneric (node:internal/stream_base_commons:150:3)
    at Socket._writeGeneric (node:net:1025:11)
    at Socket._write (node:net:1037:8)
    at writeOrBuffer (node:internal/streams/writable:570:12)
    at _write (node:internal/streams/writable:499:10)
    at Writable.write (node:internal/streams/writable:508:10)
    at Console.log (/opt/homebrew/Cellar/firebase-cli/14.11.0/libexec/lib/node_modules/firebase-tools/node_modules/winston/lib/winston/transports/console.js:87:23)
    at Console._write (/opt/homebrew/Cellar/firebase-cli/14.11.0/libexec/lib/node_modules/firebase-tools/node_modules/winston-transport/modern.js:103:17)
    at doWrite (/opt/homebrew/Cellar/firebase-cli/14.11.0/libexec/lib/node_modules/firebase-tools/node_modules/winston-transport/node_modules/readable-stream/lib/_stream_writable.js:390:139)
[error] 
[error] Error: An unexpected error has occurred.
[debug] [2026-07-03T10:44:03.204Z] Error: write EPIPE
    at afterWriteDispatched (node:internal/stream_base_commons:159:15)
    at writeGeneric (node:internal/stream_base_commons:150:3)
    at Socket._writeGeneric (node:net:1025:11)
    at Socket._write (node:net:1037:8)
    at writeOrBuffer (node:internal/streams/writable:570:12)
    at _write (node:internal/streams/writable:499:10)
    at Writable.write (node:internal/streams/writable:508:10)
    at Console.log (/opt/homebrew/Cellar/firebase-cli/14.11.0/libexec/lib/node_modules/firebase-tools/node_modules/winston/lib/winston/transports/console.js:87:23)
    at Console._write (/opt/homebrew/Cellar/firebase-cli/14.11.0/libexec/lib/node_modules/firebase-tools/node_modules/winston-transport/modern.js:103:17)
    at doWrite (/opt/homebrew/Cellar/firebase-cli/14.11.0/libexec/lib/node_modules/firebase-tools/node_modules/winston-transport/node_modules/readable-stream/lib/_stream_writable.js:390:139)
[error] 
[error] Error: An unexpected error has occurred.
[debug] [2026-07-03T10:44:03.204Z] Error: write EPIPE
    at afterWriteDispatched (node:internal/stream_base_commons:159:15)
    at writeGeneric (node:internal/stream_base_commons:150:3)
    at Socket._writeGeneric (node:net:1025:11)
    at Socket._write (node:net:1037:8)
    at writeOrBuffer (node:internal/streams/writable:570:12)
    at _write (node:internal/streams/writable:499:10)
    at Writable.write (node:internal/streams/writable:508:10)
    at Console.log (/opt/homebrew/Cellar/firebase-cli/14.11.0/libexec/lib/node_modules/firebase-tools/node_modules/winston/lib/winston/transports/console.js:87:23)
    at Console._write (/opt/homebrew/Cellar/firebase-cli/14.11.0/libexec/lib/node_modules/firebase-tools/node_modules/winston-transport/modern.js:103:17)
    at doWrite (/opt/homebrew/Cellar/firebase-cli/14.11.0/libexec/lib/node_modules/firebase-tools/node_modules/winston-transport/node_modules/readable-stream/lib/_stream_writable.js:390:139)
[error] 
[error] Error: An unexpected error has occurred.
[debug] [2026-07-03T10:44:03.204Z] Error: write EPIPE
    at afterWriteDispatched (node:internal/stream_base_commons:159:15)
    at writeGeneric (node:internal/stream_base_commons:150:3)
    at Socket._writeGeneric (node:net:1025:11)
    at Socket._write (node:net:1037:8)
    at writeOrBuffer (node:internal/streams/writable:570:12)
    at _write (node:internal/streams/writable:499:10)
    at Writable.write (node:internal/streams/writable:508:10)
    at Console.log (/opt/homebrew/Cellar/firebase-cli/14.11.0/libexec/lib/node_modules/firebase-tools/node_modules/winston/lib/winston/transports/console.js:87:23)
    at Console._write (/opt/homebrew/Cellar/firebase-cli/14.11.0/libexec/lib/node_modules/firebase-tools/node_modules/winston-transport/modern.js:103:17)
    at doWrite (/opt/homebrew/Cellar/firebase-cli/14.11.0/libexec/lib/node_modules/firebase-tools/node_modules/winston-transport/node_modules/readable-stream/lib/_stream_writable.js:390:139)
[error] 
[error] Error: An unexpected error has occurred.
[debug] [2026-07-03T10:44:03.204Z] Error: write EPIPE
    at afterWriteDispatched (node:internal/stream_base_commons:159:15)
    at writeGeneric (node:internal/stream_base_commons:150:3)
    at Socket._writeGeneric (node:net:1025:11)
    at Socket._write (node:net:1037:8)
    at writeOrBuffer (node:internal/streams/writable:570:12)
    at _write (node:internal/streams/writable:499:10)
    at Writable.write (node:internal/streams/writable:508:10)
    at Console.log (/opt/homebrew/Cellar/firebase-cli/14.11.0/libexec/lib/node_modules/firebase-tools/node_modules/winston/lib/winston/transports/console.js:87:23)
    at Console._write (/opt/homebrew/Cellar/firebase-cli/14.11.0/libexec/lib/node_modules/firebase-tools/node_modules/winston-transport/modern.js:103:17)
    at doWrite (/opt/homebrew/Cellar/firebase-cli/14.11.0/libexec/lib/node_modules/firebase-tools/node_modules/winston-transport/node_modules/readable-stream/lib/_stream_writable.js:390:139)
[error] 
[error] Error: An unexpected error has occurred.
[debug] [2026-07-03T10:44:03.204Z] Error: write EPIPE
    at afterWriteDispatched (node:internal/stream_base_commons:159:15)
    at writeGeneric (node:internal/stream_base_commons:150:3)
    at Socket._writeGeneric (node:net:1025:11)
    at Socket._write (node:net:1037:8)
    at writeOrBuffer (node:internal/streams/writable:570:12)
    at _write (node:internal/streams/writable:499:10)
    at Writable.write (node:internal/streams/writable:508:10)
    at Console.log (/opt/homebrew/Cellar/firebase-cli/14.11.0/libexec/lib/node_modules/firebase-tools/node_modules/winston/lib/winston/transports/console.js:87:23)
    at Console._write (/opt/homebrew/Cellar/firebase-cli/14.11.0/libexec/lib/node_modules/firebase-tools/node_modules/winston-transport/modern.js:103:17)
    at doWrite (/opt/homebrew/Cellar/firebase-cli/14.11.0/libexec/lib/node_modules/firebase-tools/node_modules/winston-transport/node_modules/readable-stream/lib/_stream_writable.js:390:139)
[error] 
[error] Error: An unexpected error has occurred.
[debug] [2026-07-03T10:44:03.204Z] Error: write EPIPE
    at afterWriteDispatched (node:internal/stream_base_commons:159:15)
    at writeGeneric (node:internal/stream_base_commons:150:3)
    at Socket._writeGeneric (node:net:1025:11)
    at Socket._write (node:net:1037:8)
    at writeOrBuffer (node:internal/streams/writable:570:12)
    at _write (node:internal/streams/writable:499:10)
    at Writable.write (node:internal/streams/writable:508:10)
    at Console.log (/opt/homebrew/Cellar/firebase-cli/14.11.0/libexec/lib/node_modules/firebase-tools/node_modules/winston/lib/winston/transports/console.js:87:23)
    at Console._write (/opt/homebrew/Cellar/firebase-cli/14.11.0/libexec/lib/node_modules/firebase-tools/node_modules/winston-transport/modern.js:103:17)
    at doWrite (/opt/homebrew/Cellar/firebase-cli/14.11.0/libexec/lib/node_modules/firebase-tools/node_modules/winston-transport/node_modules/readable-stream/lib/_stream_writable.js:390:139)
[error] 
[error] Error: An unexpected error has occurred.
[debug] [2026-07-03T10:44:03.205Z] Error: write EPIPE
    at afterWriteDispatched (node:internal/stream_base_commons:159:15)
    at writeGeneric (node:internal/stream_base_commons:150:3)
    at Socket._writeGeneric (node:net:1025:11)
    at Socket._write (node:net:1037:8)
    at writeOrBuffer (node:internal/streams/writable:570:12)
    at _write (node:internal/streams/writable:499:10)
    at Writable.write (node:internal/streams/writable:508:10)
    at Console.log (/opt/homebrew/Cellar/firebase-cli/14.11.0/libexec/lib/node_modules/firebase-tools/node_modules/winston/lib/winston/transports/console.js:87:23)
    at Console._write (/opt/homebrew/Cellar/firebase-cli/14.11.0/libexec/lib/node_modules/firebase-tools/node_modules/winston-transport/modern.js:103:17)
    at doWrite (/opt/homebrew/Cellar/firebase-cli/14.11.0/libexec/lib/node_modules/firebase-tools/node_modules/winston-transport/node_modules/readable-stream/lib/_stream_writable.js:390:139)
[error] 
[error] Error: An unexpected error has occurred.
[debug] [2026-07-03T10:44:03.205Z] Error: write EPIPE
    at afterWriteDispatched (node:internal/stream_base_commons:159:15)
    at writeGeneric (node:internal/stream_base_commons:150:3)
    at Socket._writeGeneric (node:net:1025:11)
    at Socket._write (node:net:1037:8)
    at writeOrBuffer (node:internal/streams/writable:570:12)
    at _write (node:internal/streams/writable:499:10)
    at Writable.write (node:internal/streams/writable:508:10)
    at Console.log (/opt/homebrew/Cellar/firebase-cli/14.11.0/libexec/lib/node_modules/firebase-tools/node_modules/winston/lib/winston/transports/console.js:87:23)
    at Console._write (/opt/homebrew/Cellar/firebase-cli/14.11.0/libexec/lib/node_modules/firebase-tools/node_modules/winston-transport/modern.js:103:17)
    at doWrite (/opt/homebrew/Cellar/firebase-cli/14.11.0/libexec/lib/node_modules/firebase-tools/node_modules/winston-transport/node_modules/readable-stream/lib/_stream_writable.js:390:139)
[error] 
[error] Error: An unexpected error has occurred.
[debug] [2026-07-03T10:44:03.205Z] Error: write EPIPE
    at afterWriteDispatched (node:internal/stream_base_commons:159:15)
    at writeGeneric (node:internal/stream_base_commons:150:3)
    at Socket._writeGeneric (node:net:1025:11)
    at Socket._write (node:net:1037:8)
    at writeOrBuffer (node:internal/streams/writable:570:12)
    at _write (node:internal/streams/writable:499:10)
    at Writable.write (node:internal/streams/writable:508:10)
    at Console.log (/opt/homebrew/Cellar/firebase-cli/14.11.0/libexec/lib/node_modules/firebase-tools/node_modules/winston/lib/winston/transports/console.js:87:23)
    at Console._write (/opt/homebrew/Cellar/firebase-cli/14.11.0/libexec/lib/node_modules/firebase-tools/node_modules/winston-transport/modern.js:103:17)
    at doWrite (/opt/homebrew/Cellar/firebase-cli/14.11.0/libexec/lib/node_modules/firebase-tools/node_modules/winston-transport/node_modules/readable-stream/lib/_stream_writable.js:390:139)
[error] 
[error] Error: An unexpected error has occurred.
[debug] [2026-07-03T10:44:03.205Z] Error: write EPIPE
    at afterWriteDispatched (node:internal/stream_base_commons:159:15)
    at writeGeneric (node:internal/stream_base_commons:150:3)
    at Socket._writeGeneric (node:net:1025:11)
    at Socket._write (node:net:1037:8)
    at writeOrBuffer (node:internal/streams/writable:570:12)
    at _write (node:internal/streams/writable:499:10)
    at Writable.write (node:internal/streams/writable:508:10)
    at Console.log (/opt/homebrew/Cellar/firebase-cli/14.11.0/libexec/lib/node_modules/firebase-tools/node_modules/winston/lib/winston/transports/console.js:87:23)
    at Console._write (/opt/homebrew/Cellar/firebase-cli/14.11.0/libexec/lib/node_modules/firebase-tools/node_modules/winston-transport/modern.js:103:17)
    at doWrite (/opt/homebrew/Cellar/firebase-cli/14.11.0/libexec/lib/node_modules/firebase-tools/node_modules/winston-transport/node_modules/readable-stream/lib/_stream_writable.js:390:139)
[error] 
[error] Error: An unexpected error has occurred.
[debug] [2026-07-03T10:44:03.205Z] Error: write EPIPE
    at afterWriteDispatched (node:internal/stream_base_commons:159:15)
    at writeGeneric (node:internal/stream_base_commons:150:3)
    at Socket._writeGeneric (node:net:1025:11)
    at Socket._write (node:net:1037:8)
    at writeOrBuffer (node:internal/streams/writable:570:12)
    at _write (node:internal/streams/writable:499:10)
    at Writable.write (node:internal/streams/writable:508:10)
    at Console.log (/opt/homebrew/Cellar/firebase-cli/14.11.0/libexec/lib/node_modules/firebase-tools/node_modules/winston/lib/winston/transports/console.js:87:23)
    at Console._write (/opt/homebrew/Cellar/firebase-cli/14.11.0/libexec/lib/node_modules/firebase-tools/node_modules/winston-transport/modern.js:103:17)
    at doWrite (/opt/homebrew/Cellar/firebase-cli/14.11.0/libexec/lib/node_modules/firebase-tools/node_modules/winston-transport/node_modules/readable-stream/lib/_stream_writable.js:390:139)
[error] 
[error] Error: An unexpected error has occurred.
[debug] [2026-07-03T10:44:03.205Z] Error: write EPIPE
    at afterWriteDispatched (node:internal/stream_base_commons:159:15)
    at writeGeneric (node:internal/stream_base_commons:150:3)
    at Socket._writeGeneric (node:net:1025:11)
    at Socket._write (node:net:1037:8)
    at writeOrBuffer (node:internal/streams/writable:570:12)
    at _write (node:internal/streams/writable:499:10)
    at Writable.write (node:internal/streams/writable:508:10)
    at Console.log (/opt/homebrew/Cellar/firebase-cli/14.11.0/libexec/lib/node_modules/firebase-tools/node_modules/winston/lib/winston/transports/console.js:87:23)
    at Console._write (/opt/homebrew/Cellar/firebase-cli/14.11.0/libexec/lib/node_modules/firebase-tools/node_modules/winston-transport/modern.js:103:17)
    at doWrite (/opt/homebrew/Cellar/firebase-cli/14.11.0/libexec/lib/node_modules/firebase-tools/node_modules/winston-transport/node_modules/readable-stream/lib/_stream_writable.js:390:139)
[error] 
[error] Error: An unexpected error has occurred.
[debug] [2026-07-03T10:44:03.205Z] Error: write EPIPE
    at afterWriteDispatched (node:internal/stream_base_commons:159:15)
    at writeGeneric (node:internal/stream_base_commons:150:3)
    at Socket._writeGeneric (node:net:1025:11)
    at Socket._write (node:net:1037:8)
    at writeOrBuffer (node:internal/streams/writable:570:12)
    at _write (node:internal/streams/writable:499:10)
    at Writable.write (node:internal/streams/writable:508:10)
    at Console.log (/opt/homebrew/Cellar/firebase-cli/14.11.0/libexec/lib/node_modules/firebase-tools/node_modules/winston/lib/winston/transports/console.js:87:23)
    at Console._write (/opt/homebrew/Cellar/firebase-cli/14.11.0/libexec/lib/node_modules/firebase-tools/node_modules/winston-transport/modern.js:103:17)
    at doWrite (/opt/homebrew/Cellar/firebase-cli/14.11.0/libexec/lib/node_modules/firebase-tools/node_modules/winston-transport/node_modules/readable-stream/lib/_stream_writable.js:390:139)
[error] 
[error] Error: An unexpected error has occurred.
[debug] [2026-07-03T10:44:03.205Z] Error: write EPIPE
    at afterWriteDispatched (node:internal/stream_base_commons:159:15)
    at writeGeneric (node:internal/stream_base_commons:150:3)
    at Socket._writeGeneric (node:net:1025:11)
    at Socket._write (node:net:1037:8)
    at writeOrBuffer (node:internal/streams/writable:570:12)
    at _write (node:internal/streams/writable:499:10)
    at Writable.write (node:internal/streams/writable:508:10)
    at Console.log (/opt/homebrew/Cellar/firebase-cli/14.11.0/libexec/lib/node_modules/firebase-tools/node_modules/winston/lib/winston/transports/console.js:87:23)
    at Console._write (/opt/homebrew/Cellar/firebase-cli/14.11.0/libexec/lib/node_modules/firebase-tools/node_modules/winston-transport/modern.js:103:17)
    at doWrite (/opt/homebrew/Cellar/firebase-cli/14.11.0/libexec/lib/node_modules/firebase-tools/node_modules/winston-transport/node_modules/readable-stream/lib/_stream_writable.js:390:139)
[error] 
[error] Error: An unexpected error has occurred.
[debug] [2026-07-03T10:44:03.205Z] Error: write EPIPE
    at afterWriteDispatched (node:internal/stream_base_commons:159:15)
    at writeGeneric (node:internal/stream_base_commons:150:3)
    at Socket._writeGeneric (node:net:1025:11)
    at Socket._write (node:net:1037:8)
    at writeOrBuffer (node:internal/streams/writable:570:12)
    at _write (node:internal/streams/writable:499:10)
    at Writable.write (node:internal/streams/writable:508:10)
    at Console.log (/opt/homebrew/Cellar/firebase-cli/14.11.0/libexec/lib/node_modules/firebase-tools/node_modules/winston/lib/winston/transports/console.js:87:23)
    at Console._write (/opt/homebrew/Cellar/firebase-cli/14.11.0/libexec/lib/node_modules/firebase-tools/node_modules/winston-transport/modern.js:103:17)
    at doWrite (/opt/homebrew/Cellar/firebase-cli/14.11.0/libexec/lib/node_modules/firebase-tools/node_modules/winston-transport/node_modules/readable-stream/lib/_stream_writable.js:390:139)
[error] 
[error] Error: An unexpected error has occurred.
[debug] [2026-07-03T10:44:03.205Z] Error: write EPIPE
    at afterWriteDispatched (node:internal/stream_base_commons:159:15)
    at writeGeneric (node:internal/stream_base_commons:150:3)
    at Socket._writeGeneric (node:net:1025:11)
    at Socket._write (node:net:1037:8)
    at writeOrBuffer (node:internal/streams/writable:570:12)
    at _write (node:internal/streams/writable:499:10)
    at Writable.write (node:internal/streams/writable:508:10)
    at Console.log (/opt/homebrew/Cellar/firebase-cli/14.11.0/libexec/lib/node_modules/firebase-tools/node_modules/winston/lib/winston/transports/console.js:87:23)
    at Console._write (/opt/homebrew/Cellar/firebase-cli/14.11.0/libexec/lib/node_modules/firebase-tools/node_modules/winston-transport/modern.js:103:17)
    at doWrite (/opt/homebrew/Cellar/firebase-cli/14.11.0/libexec/lib/node_modules/firebase-tools/node_modules/winston-transport/node_modules/readable-stream/lib/_stream_writable.js:390:139)
[error] 
[error] Error: An unexpected error has occurred.
[debug] [2026-07-03T10:44:03.206Z] Error: write EPIPE
    at afterWriteDispatched (node:internal/stream_base_commons:159:15)
    at writeGeneric (node:internal/stream_base_commons:150:3)
    at Socket._writeGeneric (node:net:1025:11)
    at Socket._write (node:net:1037:8)
    at writeOrBuffer (node:internal/streams/writable:570:12)
    at _write (node:internal/streams/writable:499:10)
    at Writable.write (node:internal/streams/writable:508:10)
    at Console.log (/opt/homebrew/Cellar/firebase-cli/14.11.0/libexec/lib/node_modules/firebase-tools/node_modules/winston/lib/winston/transports/console.js:87:23)
    at Console._write (/opt/homebrew/Cellar/firebase-cli/14.11.0/libexec/lib/node_modules/firebase-tools/node_modules/winston-transport/modern.js:103:17)
    at doWrite (/opt/homebrew/Cellar/firebase-cli/14.11.0/libexec/lib/node_modules/firebase-tools/node_modules/winston-transport/node_modules/readable-stream/lib/_stream_writable.js:390:139)
[error] 
[error] Error: An unexpected error has occurred.
[debug] [2026-07-03T10:44:03.206Z] Error: write EPIPE
    at afterWriteDispatched (node:internal/stream_base_commons:159:15)
    at writeGeneric (node:internal/stream_base_commons:150:3)
    at Socket._writeGeneric (node:net:1025:11)
    at Socket._write (node:net:1037:8)
    at writeOrBuffer (node:internal/streams/writable:570:12)
    at _write (node:internal/streams/writable:499:10)
    at Writable.write (node:internal/streams/writable:508:10)
    at Console.log (/opt/homebrew/Cellar/firebase-cli/14.11.0/libexec/lib/node_modules/firebase-tools/node_modules/winston/lib/winston/transports/console.js:87:23)
    at Console._write (/opt/homebrew/Cellar/firebase-cli/14.11.0/libexec/lib/node_modules/firebase-tools/node_modules/winston-transport/modern.js:103:17)
    at doWrite (/opt/homebrew/Cellar/firebase-cli/14.11.0/libexec/lib/node_modules/firebase-tools/node_modules/winston-transport/node_modules/readable-stream/lib/_stream_writable.js:390:139)
[error] 
[error] Error: An unexpected error has occurred.
[debug] [2026-07-03T10:44:03.209Z] Error: write EPIPE
    at afterWriteDispatched (node:internal/stream_base_commons:159:15)
    at writeGeneric (node:internal/stream_base_commons:150:3)
    at Socket._writeGeneric (node:net:1025:11)
    at Socket._write (node:net:1037:8)
    at writeOrBuffer (node:internal/streams/writable:570:12)
    at _write (node:internal/streams/writable:499:10)
    at Writable.write (node:internal/streams/writable:508:10)
    at Console.log (/opt/homebrew/Cellar/firebase-cli/14.11.0/libexec/lib/node_modules/firebase-tools/node_modules/winston/lib/winston/transports/console.js:87:23)
    at Console._write (/opt/homebrew/Cellar/firebase-cli/14.11.0/libexec/lib/node_modules/firebase-tools/node_modules/winston-transport/modern.js:103:17)
    at doWrite (/opt/homebrew/Cellar/firebase-cli/14.11.0/libexec/lib/node_modules/firebase-tools/node_modules/winston-transport/node_modules/readable-stream/lib/_stream_writable.js:390:139)
[error] 
[error] Error: An unexpected error has occurred.
[debug] [2026-07-03T10:44:03.210Z] Error: write EPIPE
    at afterWriteDispatched (node:internal/stream_base_commons:159:15)
    at writeGeneric (node:internal/stream_base_commons:150:3)
    at Socket._writeGeneric (node:net:1025:11)
    at Socket._write (node:net:1037:8)
    at writeOrBuffer (node:internal/streams/writable:570:12)
    at _write (node:internal/streams/writable:499:10)
    at Writable.write (node:internal/streams/writable:508:10)
    at Console.log (/opt/homebrew/Cellar/firebase-cli/14.11.0/libexec/lib/node_modules/firebase-tools/node_modules/winston/lib/winston/transports/console.js:87:23)
    at Console._write (/opt/homebrew/Cellar/firebase-cli/14.11.0/libexec/lib/node_modules/firebase-tools/node_modules/winston-transport/modern.js:103:17)
    at doWrite (/opt/homebrew/Cellar/firebase-cli/14.11.0/libexec/lib/node_modules/firebase-tools/node_modules/winston-transport/node_modules/readable-stream/lib/_stream_writable.js:390:139)
[error] 
[error] Error: An unexpected error has occurred.
[debug] [2026-07-03T10:44:03.210Z] Error: write EPIPE
    at afterWriteDispatched (node:internal/stream_base_commons:159:15)
    at writeGeneric (node:internal/stream_base_commons:150:3)
    at Socket._writeGeneric (node:net:1025:11)
    at Socket._write (node:net:1037:8)
    at writeOrBuffer (node:internal/streams/writable:570:12)
    at _write (node:internal/streams/writable:499:10)
    at Writable.write (node:internal/streams/writable:508:10)
    at Console.log (/opt/homebrew/Cellar/firebase-cli/14.11.0/libexec/lib/node_modules/firebase-tools/node_modules/winston/lib/winston/transports/console.js:87:23)
    at Console._write (/opt/homebrew/Cellar/firebase-cli/14.11.0/libexec/lib/node_modules/firebase-tools/node_modules/winston-transport/modern.js:103:17)
    at doWrite (/opt/homebrew/Cellar/firebase-cli/14.11.0/libexec/lib/node_modules/firebase-tools/node_modules/winston-transport/node_modules/readable-stream/lib/_stream_writable.js:390:139)
[error] 
[error] Error: An unexpected error has occurred.
[debug] [2026-07-03T10:44:03.210Z] Error: write EPIPE
    at afterWriteDispatched (node:internal/stream_base_commons:159:15)
    at writeGeneric (node:internal/stream_base_commons:150:3)
    at Socket._writeGeneric (node:net:1025:11)
    at Socket._write (node:net:1037:8)
    at writeOrBuffer (node:internal/streams/writable:570:12)
    at _write (node:internal/streams/writable:499:10)
    at Writable.write (node:internal/streams/writable:508:10)
    at Console.log (/opt/homebrew/Cellar/firebase-cli/14.11.0/libexec/lib/node_modules/firebase-tools/node_modules/winston/lib/winston/transports/console.js:87:23)
    at Console._write (/opt/homebrew/Cellar/firebase-cli/14.11.0/libexec/lib/node_modules/firebase-tools/node_modules/winston-transport/modern.js:103:17)
    at doWrite (/opt/homebrew/Cellar/firebase-cli/14.11.0/libexec/lib/node_modules/firebase-tools/node_modules/winston-transport/node_modules/readable-stream/lib/_stream_writable.js:390:139)
[error] 
[error] Error: An unexpected error has occurred.
[debug] [2026-07-03T10:44:03.210Z] Error: write EPIPE
    at afterWriteDispatched (node:internal/stream_base_commons:159:15)
    at writeGeneric (node:internal/stream_base_commons:150:3)
    at Socket._writeGeneric (node:net:1025:11)
    at Socket._write (node:net:1037:8)
    at writeOrBuffer (node:internal/streams/writable:570:12)
    at _write (node:internal/streams/writable:499:10)
    at Writable.write (node:internal/streams/writable:508:10)
    at Console.log (/opt/homebrew/Cellar/firebase-cli/14.11.0/libexec/lib/node_modules/firebase-tools/node_modules/winston/lib/winston/transports/console.js:87:23)
    at Console._write (/opt/homebrew/Cellar/firebase-cli/14.11.0/libexec/lib/node_modules/firebase-tools/node_modules/winston-transport/modern.js:103:17)
    at doWrite (/opt/homebrew/Cellar/firebase-cli/14.11.0/libexec/lib/node_modules/firebase-tools/node_modules/winston-transport/node_modules/readable-stream/lib/_stream_writable.js:390:139)
[error] 
[error] Error: An unexpected error has occurred.
[debug] [2026-07-03T10:44:03.210Z] Error: write EPIPE
    at afterWriteDispatched (node:internal/stream_base_commons:159:15)
    at writeGeneric (node:internal/stream_base_commons:150:3)
    at Socket._writeGeneric (node:net:1025:11)
    at Socket._write (node:net:1037:8)
    at writeOrBuffer (node:internal/streams/writable:570:12)
    at _write (node:internal/streams/writable:499:10)
    at Writable.write (node:internal/streams/writable:508:10)
    at Console.log (/opt/homebrew/Cellar/firebase-cli/14.11.0/libexec/lib/node_modules/firebase-tools/node_modules/winston/lib/winston/transports/console.js:87:23)
    at Console._write (/opt/homebrew/Cellar/firebase-cli/14.11.0/libexec/lib/node_modules/firebase-tools/node_modules/winston-transport/modern.js:103:17)
    at doWrite (/opt/homebrew/Cellar/firebase-cli/14.11.0/libexec/lib/node_modules/firebase-tools/node_modules/winston-transport/node_modules/readable-stream/lib/_stream_writable.js:390:139)
[error] 
[error] Error: An unexpected error has occurred.
[debug] [2026-07-03T10:44:03.210Z] Error: write EPIPE
    at afterWriteDispatched (node:internal/stream_base_commons:159:15)
    at writeGeneric (node:internal/stream_base_commons:150:3)
    at Socket._writeGeneric (node:net:1025:11)
    at Socket._write (node:net:1037:8)
    at writeOrBuffer (node:internal/streams/writable:570:12)
    at _write (node:internal/streams/writable:499:10)
    at Writable.write (node:internal/streams/writable:508:10)
    at Console.log (/opt/homebrew/Cellar/firebase-cli/14.11.0/libexec/lib/node_modules/firebase-tools/node_modules/winston/lib/winston/transports/console.js:87:23)
    at Console._write (/opt/homebrew/Cellar/firebase-cli/14.11.0/libexec/lib/node_modules/firebase-tools/node_modules/winston-transport/modern.js:103:17)
    at doWrite (/opt/homebrew/Cellar/firebase-cli/14.11.0/libexec/lib/node_modules/firebase-tools/node_modules/winston-transport/node_modules/readable-stream/lib/_stream_writable.js:390:139)
[error] 
[error] Error: An unexpected error has occurred.
[debug] [2026-07-03T10:44:03.210Z] Error: write EPIPE
    at afterWriteDispatched (node:internal/stream_base_commons:159:15)
    at writeGeneric (node:internal/stream_base_commons:150:3)
    at Socket._writeGeneric (node:net:1025:11)
    at Socket._write (node:net:1037:8)
    at writeOrBuffer (node:internal/streams/writable:570:12)
    at _write (node:internal/streams/writable:499:10)
    at Writable.write (node:internal/streams/writable:508:10)
    at Console.log (/opt/homebrew/Cellar/firebase-cli/14.11.0/libexec/lib/node_modules/firebase-tools/node_modules/winston/lib/winston/transports/console.js:87:23)
    at Console._write (/opt/homebrew/Cellar/firebase-cli/14.11.0/libexec/lib/node_modules/firebase-tools/node_modules/winston-transport/modern.js:103:17)
    at doWrite (/opt/homebrew/Cellar/firebase-cli/14.11.0/libexec/lib/node_modules/firebase-tools/node_modules/winston-transport/node_modules/readable-stream/lib/_stream_writable.js:390:139)
[error] 
[error] Error: An unexpected error has occurred.
[debug] [2026-07-03T10:44:03.210Z] Error: write EPIPE
    at afterWriteDispatched (node:internal/stream_base_commons:159:15)
    at writeGeneric (node:internal/stream_base_commons:150:3)
    at Socket._writeGeneric (node:net:1025:11)
    at Socket._write (node:net:1037:8)
    at writeOrBuffer (node:internal/streams/writable:570:12)
    at _write (node:internal/streams/writable:499:10)
    at Writable.write (node:internal/streams/writable:508:10)
    at Console.log (/opt/homebrew/Cellar/firebase-cli/14.11.0/libexec/lib/node_modules/firebase-tools/node_modules/winston/lib/winston/transports/console.js:87:23)
    at Console._write (/opt/homebrew/Cellar/firebase-cli/14.11.0/libexec/lib/node_modules/firebase-tools/node_modules/winston-transport/modern.js:103:17)
    at doWrite (/opt/homebrew/Cellar/firebase-cli/14.11.0/libexec/lib/node_modules/firebase-tools/node_modules/winston-transport/node_modules/readable-stream/lib/_stream_writable.js:390:139)
[error] 
[error] Error: An unexpected error has occurred.
[debug] [2026-07-03T10:44:03.210Z] Error: write EPIPE
    at afterWriteDispatched (node:internal/stream_base_commons:159:15)
    at writeGeneric (node:internal/stream_base_commons:150:3)
    at Socket._writeGeneric (node:net:1025:11)
    at Socket._write (node:net:1037:8)
    at writeOrBuffer (node:internal/streams/writable:570:12)
    at _write (node:internal/streams/writable:499:10)
    at Writable.write (node:internal/streams/writable:508:10)
    at Console.log (/opt/homebrew/Cellar/firebase-cli/14.11.0/libexec/lib/node_modules/firebase-tools/node_modules/winston/lib/winston/transports/console.js:87:23)
    at Console._write (/opt/homebrew/Cellar/firebase-cli/14.11.0/libexec/lib/node_modules/firebase-tools/node_modules/winston-transport/modern.js:103:17)
    at doWrite (/opt/homebrew/Cellar/firebase-cli/14.11.0/libexec/lib/node_modules/firebase-tools/node_modules/winston-transport/node_modules/readable-stream/lib/_stream_writable.js:390:139)
[error] 
[error] Error: An unexpected error has occurred.
[debug] [2026-07-03T10:44:03.210Z] Error: write EPIPE
    at afterWriteDispatched (node:internal/stream_base_commons:159:15)
    at writeGeneric (node:internal/stream_base_commons:150:3)
    at Socket._writeGeneric (node:net:1025:11)
    at Socket._write (node:net:1037:8)
    at writeOrBuffer (node:internal/streams/writable:570:12)
    at _write (node:internal/streams/writable:499:10)
    at Writable.write (node:internal/streams/writable:508:10)
    at Console.log (/opt/homebrew/Cellar/firebase-cli/14.11.0/libexec/lib/node_modules/firebase-tools/node_modules/winston/lib/winston/transports/console.js:87:23)
    at Console._write (/opt/homebrew/Cellar/firebase-cli/14.11.0/libexec/lib/node_modules/firebase-tools/node_modules/winston-transport/modern.js:103:17)
    at doWrite (/opt/homebrew/Cellar/firebase-cli/14.11.0/libexec/lib/node_modules/firebase-tools/node_modules/winston-transport/node_modules/readable-stream/lib/_stream_writable.js:390:139)
[error] 
[error] Error: An unexpected error has occurred.
[debug] [2026-07-03T10:44:03.210Z] Error: write EPIPE
    at afterWriteDispatched (node:internal/stream_base_commons:159:15)
    at writeGeneric (node:internal/stream_base_commons:150:3)
    at Socket._writeGeneric (node:net:1025:11)
    at Socket._write (node:net:1037:8)
    at writeOrBuffer (node:internal/streams/writable:570:12)
    at _write (node:internal/streams/writable:499:10)
    at Writable.write (node:internal/streams/writable:508:10)
    at Console.log (/opt/homebrew/Cellar/firebase-cli/14.11.0/libexec/lib/node_modules/firebase-tools/node_modules/winston/lib/winston/transports/console.js:87:23)
    at Console._write (/opt/homebrew/Cellar/firebase-cli/14.11.0/libexec/lib/node_modules/firebase-tools/node_modules/winston-transport/modern.js:103:17)
    at doWrite (/opt/homebrew/Cellar/firebase-cli/14.11.0/libexec/lib/node_modules/firebase-tools/node_modules/winston-transport/node_modules/readable-stream/lib/_stream_writable.js:390:139)
[error] 
[error] Error: An unexpected error has occurred.
[debug] [2026-07-03T10:44:03.211Z] Error: write EPIPE
    at afterWriteDispatched (node:internal/stream_base_commons:159:15)
    at writeGeneric (node:internal/stream_base_commons:150:3)
    at Socket._writeGeneric (node:net:1025:11)
    at Socket._write (node:net:1037:8)
    at writeOrBuffer (node:internal/streams/writable:570:12)
    at _write (node:internal/streams/writable:499:10)
    at Writable.write (node:internal/streams/writable:508:10)
    at Console.log (/opt/homebrew/Cellar/firebase-cli/14.11.0/libexec/lib/node_modules/firebase-tools/node_modules/winston/lib/winston/transports/console.js:87:23)
    at Console._write (/opt/homebrew/Cellar/firebase-cli/14.11.0/libexec/lib/node_modules/firebase-tools/node_modules/winston-transport/modern.js:103:17)
    at doWrite (/opt/homebrew/Cellar/firebase-cli/14.11.0/libexec/lib/node_modules/firebase-tools/node_modules/winston-transport/node_modules/readable-stream/lib/_stream_writable.js:390:139)
[error] 
[error] Error: An unexpected error has occurred.
[debug] [2026-07-03T10:44:03.211Z] Error: write EPIPE
    at afterWriteDispatched (node:internal/stream_base_commons:159:15)
    at writeGeneric (node:internal/stream_base_commons:150:3)
    at Socket._writeGeneric (node:net:1025:11)
    at Socket._write (node:net:1037:8)
    at writeOrBuffer (node:internal/streams/writable:570:12)
    at _write (node:internal/streams/writable:499:10)
    at Writable.write (node:internal/streams/writable:508:10)
    at Console.log (/opt/homebrew/Cellar/firebase-cli/14.11.0/libexec/lib/node_modules/firebase-tools/node_modules/winston/lib/winston/transports/console.js:87:23)
    at Console._write (/opt/homebrew/Cellar/firebase-cli/14.11.0/libexec/lib/node_modules/firebase-tools/node_modules/winston-transport/modern.js:103:17)
    at doWrite (/opt/homebrew/Cellar/firebase-cli/14.11.0/libexec/lib/node_modules/firebase-tools/node_modules/winston-transport/node_modules/readable-stream/lib/_stream_writable.js:390:139)
[error] 
[error] Error: An unexpected error has occurred.
[debug] [2026-07-03T10:44:03.211Z] Error: write EPIPE
    at afterWriteDispatched (node:internal/stream_base_commons:159:15)
    at writeGeneric (node:internal/stream_base_commons:150:3)
    at Socket._writeGeneric (node:net:1025:11)
    at Socket._write (node:net:1037:8)
    at writeOrBuffer (node:internal/streams/writable:570:12)
    at _write (node:internal/streams/writable:499:10)
    at Writable.write (node:internal/streams/writable:508:10)
    at Console.log (/opt/homebrew/Cellar/firebase-cli/14.11.0/libexec/lib/node_modules/firebase-tools/node_modules/winston/lib/winston/transports/console.js:87:23)
    at Console._write (/opt/homebrew/Cellar/firebase-cli/14.11.0/libexec/lib/node_modules/firebase-tools/node_modules/winston-transport/modern.js:103:17)
    at doWrite (/opt/homebrew/Cellar/firebase-cli/14.11.0/libexec/lib/node_modules/firebase-tools/node_modules/winston-transport/node_modules/readable-stream/lib/_stream_writable.js:390:139)
[error] 
[error] Error: An unexpected error has occurred.
[debug] [2026-07-03T10:44:03.211Z] Error: write EPIPE
    at afterWriteDispatched (node:internal/stream_base_commons:159:15)
    at writeGeneric (node:internal/stream_base_commons:150:3)
    at Socket._writeGeneric (node:net:1025:11)
    at Socket._write (node:net:1037:8)
    at writeOrBuffer (node:internal/streams/writable:570:12)
    at _write (node:internal/streams/writable:499:10)
    at Writable.write (node:internal/streams/writable:508:10)
    at Console.log (/opt/homebrew/Cellar/firebase-cli/14.11.0/libexec/lib/node_modules/firebase-tools/node_modules/winston/lib/winston/transports/console.js:87:23)
    at Console._write (/opt/homebrew/Cellar/firebase-cli/14.11.0/libexec/lib/node_modules/firebase-tools/node_modules/winston-transport/modern.js:103:17)
    at doWrite (/opt/homebrew/Cellar/firebase-cli/14.11.0/libexec/lib/node_modules/firebase-tools/node_modules/winston-transport/node_modules/readable-stream/lib/_stream_writable.js:390:139)
[error] 
[error] Error: An unexpected error has occurred.
[debug] [2026-07-03T10:44:03.211Z] Error: write EPIPE
    at afterWriteDispatched (node:internal/stream_base_commons:159:15)
    at writeGeneric (node:internal/stream_base_commons:150:3)
    at Socket._writeGeneric (node:net:1025:11)
    at Socket._write (node:net:1037:8)
    at writeOrBuffer (node:internal/streams/writable:570:12)
    at _write (node:internal/streams/writable:499:10)
    at Writable.write (node:internal/streams/writable:508:10)
    at Console.log (/opt/homebrew/Cellar/firebase-cli/14.11.0/libexec/lib/node_modules/firebase-tools/node_modules/winston/lib/winston/transports/console.js:87:23)
    at Console._write (/opt/homebrew/Cellar/firebase-cli/14.11.0/libexec/lib/node_modules/firebase-tools/node_modules/winston-transport/modern.js:103:17)
    at doWrite (/opt/homebrew/Cellar/firebase-cli/14.11.0/libexec/lib/node_modules/firebase-tools/node_modules/winston-transport/node_modules/readable-stream/lib/_stream_writable.js:390:139)
[error] 
[error] Error: An unexpected error has occurred.
[debug] [2026-07-03T10:44:03.211Z] Error: write EPIPE
    at afterWriteDispatched (node:internal/stream_base_commons:159:15)
    at writeGeneric (node:internal/stream_base_commons:150:3)
    at Socket._writeGeneric (node:net:1025:11)
    at Socket._write (node:net:1037:8)
    at writeOrBuffer (node:internal/streams/writable:570:12)
    at _write (node:internal/streams/writable:499:10)
    at Writable.write (node:internal/streams/writable:508:10)
    at Console.log (/opt/homebrew/Cellar/firebase-cli/14.11.0/libexec/lib/node_modules/firebase-tools/node_modules/winston/lib/winston/transports/console.js:87:23)
    at Console._write (/opt/homebrew/Cellar/firebase-cli/14.11.0/libexec/lib/node_modules/firebase-tools/node_modules/winston-transport/modern.js:103:17)
    at doWrite (/opt/homebrew/Cellar/firebase-cli/14.11.0/libexec/lib/node_modules/firebase-tools/node_modules/winston-transport/node_modules/readable-stream/lib/_stream_writable.js:390:139)
[error] 
[error] Error: An unexpected error has occurred.
[debug] [2026-07-03T10:44:03.211Z] Error: write EPIPE
    at afterWriteDispatched (node:internal/stream_base_commons:159:15)
    at writeGeneric (node:internal/stream_base_commons:150:3)
    at Socket._writeGeneric (node:net:1025:11)
    at Socket._write (node:net:1037:8)
    at writeOrBuffer (node:internal/streams/writable:570:12)
    at _write (node:internal/streams/writable:499:10)
    at Writable.write (node:internal/streams/writable:508:10)
    at Console.log (/opt/homebrew/Cellar/firebase-cli/14.11.0/libexec/lib/node_modules/firebase-tools/node_modules/winston/lib/winston/transports/console.js:87:23)
    at Console._write (/opt/homebrew/Cellar/firebase-cli/14.11.0/libexec/lib/node_modules/firebase-tools/node_modules/winston-transport/modern.js:103:17)
    at doWrite (/opt/homebrew/Cellar/firebase-cli/14.11.0/libexec/lib/node_modules/firebase-tools/node_modules/winston-transport/node_modules/readable-stream/lib/_stream_writable.js:390:139)
[error] 
[error] Error: An unexpected error has occurred.
[debug] [2026-07-03T10:44:03.211Z] Error: write EPIPE
    at afterWriteDispatched (node:internal/stream_base_commons:159:15)
    at writeGeneric (node:internal/stream_base_commons:150:3)
    at Socket._writeGeneric (node:net:1025:11)
    at Socket._write (node:net:1037:8)
    at writeOrBuffer (node:internal/streams/writable:570:12)
    at _write (node:internal/streams/writable:499:10)
    at Writable.write (node:internal/streams/writable:508:10)
    at Console.log (/opt/homebrew/Cellar/firebase-cli/14.11.0/libexec/lib/node_modules/firebase-tools/node_modules/winston/lib/winston/transports/console.js:87:23)
    at Console._write (/opt/homebrew/Cellar/firebase-cli/14.11.0/libexec/lib/node_modules/firebase-tools/node_modules/winston-transport/modern.js:103:17)
    at doWrite (/opt/homebrew/Cellar/firebase-cli/14.11.0/libexec/lib/node_modules/firebase-tools/node_modules/winston-transport/node_modules/readable-stream/lib/_stream_writable.js:390:139)
[error] 
[error] Error: An unexpected error has occurred.
[debug] [2026-07-03T10:44:03.211Z] Error: write EPIPE
    at afterWriteDispatched (node:internal/stream_base_commons:159:15)
    at writeGeneric (node:internal/stream_base_commons:150:3)
    at Socket._writeGeneric (node:net:1025:11)
    at Socket._write (node:net:1037:8)
    at writeOrBuffer (node:internal/streams/writable:570:12)
    at _write (node:internal/streams/writable:499:10)
    at Writable.write (node:internal/streams/writable:508:10)
    at Console.log (/opt/homebrew/Cellar/firebase-cli/14.11.0/libexec/lib/node_modules/firebase-tools/node_modules/winston/lib/winston/transports/console.js:87:23)
    at Console._write (/opt/homebrew/Cellar/firebase-cli/14.11.0/libexec/lib/node_modules/firebase-tools/node_modules/winston-transport/modern.js:103:17)
    at doWrite (/opt/homebrew/Cellar/firebase-cli/14.11.0/libexec/lib/node_modules/firebase-tools/node_modules/winston-transport/node_modules/readable-stream/lib/_stream_writable.js:390:139)
[error] 
[error] Error: An unexpected error has occurred.
[debug] [2026-07-03T10:44:03.211Z] Error: write EPIPE
    at afterWriteDispatched (node:internal/stream_base_commons:159:15)
    at writeGeneric (node:internal/stream_base_commons:150:3)
    at Socket._writeGeneric (node:net:1025:11)
    at Socket._write (node:net:1037:8)
    at writeOrBuffer (node:internal/streams/writable:570:12)
    at _write (node:internal/streams/writable:499:10)
    at Writable.write (node:internal/streams/writable:508:10)
    at Console.log (/opt/homebrew/Cellar/firebase-cli/14.11.0/libexec/lib/node_modules/firebase-tools/node_modules/winston/lib/winston/transports/console.js:87:23)
    at Console._write (/opt/homebrew/Cellar/firebase-cli/14.11.0/libexec/lib/node_modules/firebase-tools/node_modules/winston-transport/modern.js:103:17)
    at doWrite (/opt/homebrew/Cellar/firebase-cli/14.11.0/libexec/lib/node_modules/firebase-tools/node_modules/winston-transport/node_modules/readable-stream/lib/_stream_writable.js:390:139)
[error] 
[error] Error: An unexpected error has occurred.
[debug] [2026-07-03T10:44:03.212Z] Error: write EPIPE
    at afterWriteDispatched (node:internal/stream_base_commons:159:15)
    at writeGeneric (node:internal/stream_base_commons:150:3)
    at Socket._writeGeneric (node:net:1025:11)
    at Socket._write (node:net:1037:8)
    at writeOrBuffer (node:internal/streams/writable:570:12)
    at _write (node:internal/streams/writable:499:10)
    at Writable.write (node:internal/streams/writable:508:10)
    at Console.log (/opt/homebrew/Cellar/firebase-cli/14.11.0/libexec/lib/node_modules/firebase-tools/node_modules/winston/lib/winston/transports/console.js:87:23)
    at Console._write (/opt/homebrew/Cellar/firebase-cli/14.11.0/libexec/lib/node_modules/firebase-tools/node_modules/winston-transport/modern.js:103:17)
    at doWrite (/opt/homebrew/Cellar/firebase-cli/14.11.0/libexec/lib/node_modules/firebase-tools/node_modules/winston-transport/node_modules/readable-stream/lib/_stream_writable.js:390:139)
[error] 
[error] Error: An unexpected error has occurred.
[debug] [2026-07-03T10:44:03.212Z] Error: write EPIPE
    at afterWriteDispatched (node:internal/stream_base_commons:159:15)
    at writeGeneric (node:internal/stream_base_commons:150:3)
    at Socket._writeGeneric (node:net:1025:11)
    at Socket._write (node:net:1037:8)
    at writeOrBuffer (node:internal/streams/writable:570:12)
    at _write (node:internal/streams/writable:499:10)
    at Writable.write (node:internal/streams/writable:508:10)
    at Console.log (/opt/homebrew/Cellar/firebase-cli/14.11.0/libexec/lib/node_modules/firebase-tools/node_modules/winston/lib/winston/transports/console.js:87:23)
    at Console._write (/opt/homebrew/Cellar/firebase-cli/14.11.0/libexec/lib/node_modules/firebase-tools/node_modules/winston-transport/modern.js:103:17)
    at doWrite (/opt/homebrew/Cellar/firebase-cli/14.11.0/libexec/lib/node_modules/firebase-tools/node_modules/winston-transport/node_modules/readable-stream/lib/_stream_writable.js:390:139)
[error] 
[error] Error: An unexpected error has occurred.
[debug] [2026-07-03T10:44:03.212Z] Error: write EPIPE
    at afterWriteDispatched (node:internal/stream_base_commons:159:15)
    at writeGeneric (node:internal/stream_base_commons:150:3)
    at Socket._writeGeneric (node:net:1025:11)
    at Socket._write (node:net:1037:8)
    at writeOrBuffer (node:internal/streams/writable:570:12)
    at _write (node:internal/streams/writable:499:10)
    at Writable.write (node:internal/streams/writable:508:10)
    at Console.log (/opt/homebrew/Cellar/firebase-cli/14.11.0/libexec/lib/node_modules/firebase-tools/node_modules/winston/lib/winston/transports/console.js:87:23)
    at Console._write (/opt/homebrew/Cellar/firebase-cli/14.11.0/libexec/lib/node_modules/firebase-tools/node_modules/winston-transport/modern.js:103:17)
    at doWrite (/opt/homebrew/Cellar/firebase-cli/14.11.0/libexec/lib/node_modules/firebase-tools/node_modules/winston-transport/node_modules/readable-stream/lib/_stream_writable.js:390:139)
[error] 
[error] Error: An unexpected error has occurred.
[debug] [2026-07-03T10:44:03.212Z] Error: write EPIPE
    at afterWriteDispatched (node:internal/stream_base_commons:159:15)
    at writeGeneric (node:internal/stream_base_commons:150:3)
    at Socket._writeGeneric (node:net:1025:11)
    at Socket._write (node:net:1037:8)
    at writeOrBuffer (node:internal/streams/writable:570:12)
    at _write (node:internal/streams/writable:499:10)
    at Writable.write (node:internal/streams/writable:508:10)
    at Console.log (/opt/homebrew/Cellar/firebase-cli/14.11.0/libexec/lib/node_modules/firebase-tools/node_modules/winston/lib/winston/transports/console.js:87:23)
    at Console._write (/opt/homebrew/Cellar/firebase-cli/14.11.0/libexec/lib/node_modules/firebase-tools/node_modules/winston-transport/modern.js:103:17)
    at doWrite (/opt/homebrew/Cellar/firebase-cli/14.11.0/libexec/lib/node_modules/firebase-tools/node_modules/winston-transport/node_modules/readable-stream/lib/_stream_writable.js:390:139)
[error] 
[error] Error: An unexpected error has occurred.
[debug] [2026-07-03T10:44:03.212Z] Error: write EPIPE
    at afterWriteDispatched (node:internal/stream_base_commons:159:15)
    at writeGeneric (node:internal/stream_base_commons:150:3)
    at Socket._writeGeneric (node:net:1025:11)
    at Socket._write (node:net:1037:8)
    at writeOrBuffer (node:internal/streams/writable:570:12)
    at _write (node:internal/streams/writable:499:10)
    at Writable.write (node:internal/streams/writable:508:10)
    at Console.log (/opt/homebrew/Cellar/firebase-cli/14.11.0/libexec/lib/node_modules/firebase-tools/node_modules/winston/lib/winston/transports/console.js:87:23)
    at Console._write (/opt/homebrew/Cellar/firebase-cli/14.11.0/libexec/lib/node_modules/firebase-tools/node_modules/winston-transport/modern.js:103:17)
    at doWrite (/opt/homebrew/Cellar/firebase-cli/14.11.0/libexec/lib/node_modules/firebase-tools/node_modules/winston-transport/node_modules/readable-stream/lib/_stream_writable.js:390:139)
[error] 
[error] Error: An unexpected error has occurred.
[debug] [2026-07-03T10:44:03.212Z] Error: write EPIPE
    at afterWriteDispatched (node:internal/stream_base_commons:159:15)
    at writeGeneric (node:internal/stream_base_commons:150:3)
    at Socket._writeGeneric (node:net:1025:11)
    at Socket._write (node:net:1037:8)
    at writeOrBuffer (node:internal/streams/writable:570:12)
    at _write (node:internal/streams/writable:499:10)
    at Writable.write (node:internal/streams/writable:508:10)
    at Console.log (/opt/homebrew/Cellar/firebase-cli/14.11.0/libexec/lib/node_modules/firebase-tools/node_modules/winston/lib/winston/transports/console.js:87:23)
    at Console._write (/opt/homebrew/Cellar/firebase-cli/14.11.0/libexec/lib/node_modules/firebase-tools/node_modules/winston-transport/modern.js:103:17)
    at doWrite (/opt/homebrew/Cellar/firebase-cli/14.11.0/libexec/lib/node_modules/firebase-tools/node_modules/winston-transport/node_modules/readable-stream/lib/_stream_writable.js:390:139)
[error] 
[error] Error: An unexpected error has occurred.
[debug] [2026-07-03T10:44:03.212Z] Error: write EPIPE
    at afterWriteDispatched (node:internal/stream_base_commons:159:15)
    at writeGeneric (node:internal/stream_base_commons:150:3)
    at Socket._writeGeneric (node:net:1025:11)
    at Socket._write (node:net:1037:8)
    at writeOrBuffer (node:internal/streams/writable:570:12)
    at _write (node:internal/streams/writable:499:10)
    at Writable.write (node:internal/streams/writable:508:10)
    at Console.log (/opt/homebrew/Cellar/firebase-cli/14.11.0/libexec/lib/node_modules/firebase-tools/node_modules/winston/lib/winston/transports/console.js:87:23)
    at Console._write (/opt/homebrew/Cellar/firebase-cli/14.11.0/libexec/lib/node_modules/firebase-tools/node_modules/winston-transport/modern.js:103:17)
    at doWrite (/opt/homebrew/Cellar/firebase-cli/14.11.0/libexec/lib/node_modules/firebase-tools/node_modules/winston-transport/node_modules/readable-stream/lib/_stream_writable.js:390:139)
[error] 
[error] Error: An unexpected error has occurred.
[debug] [2026-07-03T10:44:03.212Z] Error: write EPIPE
    at afterWriteDispatched (node:internal/stream_base_commons:159:15)
    at writeGeneric (node:internal/stream_base_commons:150:3)
    at Socket._writeGeneric (node:net:1025:11)
    at Socket._write (node:net:1037:8)
    at writeOrBuffer (node:internal/streams/writable:570:12)
    at _write (node:internal/streams/writable:499:10)
    at Writable.write (node:internal/streams/writable:508:10)
    at Console.log (/opt/homebrew/Cellar/firebase-cli/14.11.0/libexec/lib/node_modules/firebase-tools/node_modules/winston/lib/winston/transports/console.js:87:23)
    at Console._write (/opt/homebrew/Cellar/firebase-cli/14.11.0/libexec/lib/node_modules/firebase-tools/node_modules/winston-transport/modern.js:103:17)
    at doWrite (/opt/homebrew/Cellar/firebase-cli/14.11.0/libexec/lib/node_modules/firebase-tools/node_modules/winston-transport/node_modules/readable-stream/lib/_stream_writable.js:390:139)
[error] 
[error] Error: An unexpected error has occurred.
[debug] [2026-07-03T10:44:03.212Z] Error: write EPIPE
    at afterWriteDispatched (node:internal/stream_base_commons:159:15)
    at writeGeneric (node:internal/stream_base_commons:150:3)
    at Socket._writeGeneric (node:net:1025:11)
    at Socket._write (node:net:1037:8)
    at writeOrBuffer (node:internal/streams/writable:570:12)
    at _write (node:internal/streams/writable:499:10)
    at Writable.write (node:internal/streams/writable:508:10)
    at Console.log (/opt/homebrew/Cellar/firebase-cli/14.11.0/libexec/lib/node_modules/firebase-tools/node_modules/winston/lib/winston/transports/console.js:87:23)
    at Console._write (/opt/homebrew/Cellar/firebase-cli/14.11.0/libexec/lib/node_modules/firebase-tools/node_modules/winston-transport/modern.js:103:17)
    at doWrite (/opt/homebrew/Cellar/firebase-cli/14.11.0/libexec/lib/node_modules/firebase-tools/node_modules/winston-transport/node_modules/readable-stream/lib/_stream_writable.js:390:139)
[error] 
[error] Error: An unexpected error has occurred.
[debug] [2026-07-03T10:44:03.212Z] Error: write EPIPE
    at afterWriteDispatched (node:internal/stream_base_commons:159:15)
    at writeGeneric (node:internal/stream_base_commons:150:3)
    at Socket._writeGeneric (node:net:1025:11)
    at Socket._write (node:net:1037:8)
    at writeOrBuffer (node:internal/streams/writable:570:12)
    at _write (node:internal/streams/writable:499:10)
    at Writable.write (node:internal/streams/writable:508:10)
    at Console.log (/opt/homebrew/Cellar/firebase-cli/14.11.0/libexec/lib/node_modules/firebase-tools/node_modules/winston/lib/winston/transports/console.js:87:23)
    at Console._write (/opt/homebrew/Cellar/firebase-cli/14.11.0/libexec/lib/node_modules/firebase-tools/node_modules/winston-transport/modern.js:103:17)
    at doWrite (/opt/homebrew/Cellar/firebase-cli/14.11.0/libexec/lib/node_modules/firebase-tools/node_modules/winston-transport/node_modules/readable-stream/lib/_stream_writable.js:390:139)
[error] 
[error] Error: An unexpected error has occurred.
[debug] [2026-07-03T10:44:03.212Z] Error: write EPIPE
    at afterWriteDispatched (node:internal/stream_base_commons:159:15)
    at writeGeneric (node:internal/stream_base_commons:150:3)
    at Socket._writeGeneric (node:net:1025:11)
    at Socket._write (node:net:1037:8)
    at writeOrBuffer (node:internal/streams/writable:570:12)
    at _write (node:internal/streams/writable:499:10)
    at Writable.write (node:internal/streams/writable:508:10)
    at Console.log (/opt/homebrew/Cellar/firebase-cli/14.11.0/libexec/lib/node_modules/firebase-tools/node_modules/winston/lib/winston/transports/console.js:87:23)
    at Console._write (/opt/homebrew/Cellar/firebase-cli/14.11.0/libexec/lib/node_modules/firebase-tools/node_modules/winston-transport/modern.js:103:17)
    at doWrite (/opt/homebrew/Cellar/firebase-cli/14.11.0/libexec/lib/node_modules/firebase-tools/node_modules/winston-transport/node_modules/readable-stream/lib/_stream_writable.js:390:139)
[error] 
[error] Error: An unexpected error has occurred.
[debug] [2026-07-03T10:44:03.213Z] Error: write EPIPE
    at afterWriteDispatched (node:internal/stream_base_commons:159:15)
    at writeGeneric (node:internal/stream_base_commons:150:3)
    at Socket._writeGeneric (node:net:1025:11)
    at Socket._write (node:net:1037:8)
    at writeOrBuffer (node:internal/streams/writable:570:12)
    at _write (node:internal/streams/writable:499:10)
    at Writable.write (node:internal/streams/writable:508:10)
    at Console.log (/opt/homebrew/Cellar/firebase-cli/14.11.0/libexec/lib/node_modules/firebase-tools/node_modules/winston/lib/winston/transports/console.js:87:23)
    at Console._write (/opt/homebrew/Cellar/firebase-cli/14.11.0/libexec/lib/node_modules/firebase-tools/node_modules/winston-transport/modern.js:103:17)
    at doWrite (/opt/homebrew/Cellar/firebase-cli/14.11.0/libexec/lib/node_modules/firebase-tools/node_modules/winston-transport/node_modules/readable-stream/lib/_stream_writable.js:390:139)
[error] 
[error] Error: An unexpected error has occurred.
[debug] [2026-07-03T10:44:03.213Z] Error: write EPIPE
    at afterWriteDispatched (node:internal/stream_base_commons:159:15)
    at writeGeneric (node:internal/stream_base_commons:150:3)
    at Socket._writeGeneric (node:net:1025:11)
    at Socket._write (node:net:1037:8)
    at writeOrBuffer (node:internal/streams/writable:570:12)
    at _write (node:internal/streams/writable:499:10)
    at Writable.write (node:internal/streams/writable:508:10)
    at Console.log (/opt/homebrew/Cellar/firebase-cli/14.11.0/libexec/lib/node_modules/firebase-tools/node_modules/winston/lib/winston/transports/console.js:87:23)
    at Console._write (/opt/homebrew/Cellar/firebase-cli/14.11.0/libexec/lib/node_modules/firebase-tools/node_modules/winston-transport/modern.js:103:17)
    at doWrite (/opt/homebrew/Cellar/firebase-cli/14.11.0/libexec/lib/node_modules/firebase-tools/node_modules/winston-transport/node_modules/readable-stream/lib/_stream_writable.js:390:139)
[error] 
[error] Error: An unexpected error has occurred.
[debug] [2026-07-03T10:44:03.217Z] Error: write EPIPE
    at afterWriteDispatched (node:internal/stream_base_commons:159:15)
    at writeGeneric (node:internal/stream_base_commons:150:3)
    at Socket._writeGeneric (node:net:1025:11)
    at Socket._write (node:net:1037:8)
    at writeOrBuffer (node:internal/streams/writable:570:12)
    at _write (node:internal/streams/writable:499:10)
    at Writable.write (node:internal/streams/writable:508:10)
    at Console.log (/opt/homebrew/Cellar/firebase-cli/14.11.0/libexec/lib/node_modules/firebase-tools/node_modules/winston/lib/winston/transports/console.js:87:23)
    at Console._write (/opt/homebrew/Cellar/firebase-cli/14.11.0/libexec/lib/node_modules/firebase-tools/node_modules/winston-transport/modern.js:103:17)
    at doWrite (/opt/homebrew/Cellar/firebase-cli/14.11.0/libexec/lib/node_modules/firebase-tools/node_modules/winston-transport/node_modules/readable-stream/lib/_stream_writable.js:390:139)
[error] 
[error] Error: An unexpected error has occurred.
[debug] [2026-07-03T10:44:03.217Z] Error: write EPIPE
    at afterWriteDispatched (node:internal/stream_base_commons:159:15)
    at writeGeneric (node:internal/stream_base_commons:150:3)
    at Socket._writeGeneric (node:net:1025:11)
    at Socket._write (node:net:1037:8)
    at writeOrBuffer (node:internal/streams/writable:570:12)
    at _write (node:internal/streams/writable:499:10)
    at Writable.write (node:internal/streams/writable:508:10)
    at Console.log (/opt/homebrew/Cellar/firebase-cli/14.11.0/libexec/lib/node_modules/firebase-tools/node_modules/winston/lib/winston/transports/console.js:87:23)
    at Console._write (/opt/homebrew/Cellar/firebase-cli/14.11.0/libexec/lib/node_modules/firebase-tools/node_modules/winston-transport/modern.js:103:17)
    at doWrite (/opt/homebrew/Cellar/firebase-cli/14.11.0/libexec/lib/node_modules/firebase-tools/node_modules/winston-transport/node_modules/readable-stream/lib/_stream_writable.js:390:139)
[error] 
[error] Error: An unexpected error has occurred.
[debug] [2026-07-03T10:44:03.218Z] Error: write EPIPE
    at afterWriteDispatched (node:internal/stream_base_commons:159:15)
    at writeGeneric (node:internal/stream_base_commons:150:3)
    at Socket._writeGeneric (node:net:1025:11)
    at Socket._write (node:net:1037:8)
    at writeOrBuffer (node:internal/streams/writable:570:12)
    at _write (node:internal/streams/writable:499:10)
    at Writable.write (node:internal/streams/writable:508:10)
    at Console.log (/opt/homebrew/Cellar/firebase-cli/14.11.0/libexec/lib/node_modules/firebase-tools/node_modules/winston/lib/winston/transports/console.js:87:23)
    at Console._write (/opt/homebrew/Cellar/firebase-cli/14.11.0/libexec/lib/node_modules/firebase-tools/node_modules/winston-transport/modern.js:103:17)
    at doWrite (/opt/homebrew/Cellar/firebase-cli/14.11.0/libexec/lib/node_modules/firebase-tools/node_modules/winston-transport/node_modules/readable-stream/lib/_stream_writable.js:390:139)
[error] 
[error] Error: An unexpected error has occurred.
[debug] [2026-07-03T10:44:03.218Z] Error: write EPIPE
    at afterWriteDispatched (node:internal/stream_base_commons:159:15)
    at writeGeneric (node:internal/stream_base_commons:150:3)
    at Socket._writeGeneric (node:net:1025:11)
    at Socket._write (node:net:1037:8)
    at writeOrBuffer (node:internal/streams/writable:570:12)
    at _write (node:internal/streams/writable:499:10)
    at Writable.write (node:internal/streams/writable:508:10)
    at Console.log (/opt/homebrew/Cellar/firebase-cli/14.11.0/libexec/lib/node_modules/firebase-tools/node_modules/winston/lib/winston/transports/console.js:87:23)
    at Console._write (/opt/homebrew/Cellar/firebase-cli/14.11.0/libexec/lib/node_modules/firebase-tools/node_modules/winston-transport/modern.js:103:17)
    at doWrite (/opt/homebrew/Cellar/firebase-cli/14.11.0/libexec/lib/node_modules/firebase-tools/node_modules/winston-transport/node_modules/readable-stream/lib/_stream_writable.js:390:139)
[error] 
[error] Error: An unexpected error has occurred.
[debug] [2026-07-03T10:44:03.218Z] Error: write EPIPE
    at afterWriteDispatched (node:internal/stream_base_commons:159:15)
    at writeGeneric (node:internal/stream_base_commons:150:3)
    at Socket._writeGeneric (node:net:1025:11)
    at Socket._write (node:net:1037:8)
    at writeOrBuffer (node:internal/streams/writable:570:12)
    at _write (node:internal/streams/writable:499:10)
    at Writable.write (node:internal/streams/writable:508:10)
    at Console.log (/opt/homebrew/Cellar/firebase-cli/14.11.0/libexec/lib/node_modules/firebase-tools/node_modules/winston/lib/winston/transports/console.js:87:23)
    at Console._write (/opt/homebrew/Cellar/firebase-cli/14.11.0/libexec/lib/node_modules/firebase-tools/node_modules/winston-transport/modern.js:103:17)
    at doWrite (/opt/homebrew/Cellar/firebase-cli/14.11.0/libexec/lib/node_modules/firebase-tools/node_modules/winston-transport/node_modules/readable-stream/lib/_stream_writable.js:390:139)
[error] 
[error] Error: An unexpected error has occurred.
[debug] [2026-07-03T10:44:03.218Z] Error: write EPIPE
    at afterWriteDispatched (node:internal/stream_base_commons:159:15)
    at writeGeneric (node:internal/stream_base_commons:150:3)
    at Socket._writeGeneric (node:net:1025:11)
    at Socket._write (node:net:1037:8)
    at writeOrBuffer (node:internal/streams/writable:570:12)
    at _write (node:internal/streams/writable:499:10)
    at Writable.write (node:internal/streams/writable:508:10)
    at Console.log (/opt/homebrew/Cellar/firebase-cli/14.11.0/libexec/lib/node_modules/firebase-tools/node_modules/winston/lib/winston/transports/console.js:87:23)
    at Console._write (/opt/homebrew/Cellar/firebase-cli/14.11.0/libexec/lib/node_modules/firebase-tools/node_modules/winston-transport/modern.js:103:17)
    at doWrite (/opt/homebrew/Cellar/firebase-cli/14.11.0/libexec/lib/node_modules/firebase-tools/node_modules/winston-transport/node_modules/readable-stream/lib/_stream_writable.js:390:139)
[error] 
[error] Error: An unexpected error has occurred.
[debug] [2026-07-03T10:44:03.218Z] Error: write EPIPE
    at afterWriteDispatched (node:internal/stream_base_commons:159:15)
    at writeGeneric (node:internal/stream_base_commons:150:3)
    at Socket._writeGeneric (node:net:1025:11)
    at Socket._write (node:net:1037:8)
    at writeOrBuffer (node:internal/streams/writable:570:12)
    at _write (node:internal/streams/writable:499:10)
    at Writable.write (node:internal/streams/writable:508:10)
    at Console.log (/opt/homebrew/Cellar/firebase-cli/14.11.0/libexec/lib/node_modules/firebase-tools/node_modules/winston/lib/winston/transports/console.js:87:23)
    at Console._write (/opt/homebrew/Cellar/firebase-cli/14.11.0/libexec/lib/node_modules/firebase-tools/node_modules/winston-transport/modern.js:103:17)
    at doWrite (/opt/homebrew/Cellar/firebase-cli/14.11.0/libexec/lib/node_modules/firebase-tools/node_modules/winston-transport/node_modules/readable-stream/lib/_stream_writable.js:390:139)
[error] 
[error] Error: An unexpected error has occurred.
[debug] [2026-07-03T10:44:03.218Z] Error: write EPIPE
    at afterWriteDispatched (node:internal/stream_base_commons:159:15)
    at writeGeneric (node:internal/stream_base_commons:150:3)
    at Socket._writeGeneric (node:net:1025:11)
    at Socket._write (node:net:1037:8)
    at writeOrBuffer (node:internal/streams/writable:570:12)
    at _write (node:internal/streams/writable:499:10)
    at Writable.write (node:internal/streams/writable:508:10)
    at Console.log (/opt/homebrew/Cellar/firebase-cli/14.11.0/libexec/lib/node_modules/firebase-tools/node_modules/winston/lib/winston/transports/console.js:87:23)
    at Console._write (/opt/homebrew/Cellar/firebase-cli/14.11.0/libexec/lib/node_modules/firebase-tools/node_modules/winston-transport/modern.js:103:17)
    at doWrite (/opt/homebrew/Cellar/firebase-cli/14.11.0/libexec/lib/node_modules/firebase-tools/node_modules/winston-transport/node_modules/readable-stream/lib/_stream_writable.js:390:139)
[error] 
[error] Error: An unexpected error has occurred.
[debug] [2026-07-03T10:44:03.218Z] Error: write EPIPE
    at afterWriteDispatched (node:internal/stream_base_commons:159:15)
    at writeGeneric (node:internal/stream_base_commons:150:3)
    at Socket._writeGeneric (node:net:1025:11)
    at Socket._write (node:net:1037:8)
    at writeOrBuffer (node:internal/streams/writable:570:12)
    at _write (node:internal/streams/writable:499:10)
    at Writable.write (node:internal/streams/writable:508:10)
    at Console.log (/opt/homebrew/Cellar/firebase-cli/14.11.0/libexec/lib/node_modules/firebase-tools/node_modules/winston/lib/winston/transports/console.js:87:23)
    at Console._write (/opt/homebrew/Cellar/firebase-cli/14.11.0/libexec/lib/node_modules/firebase-tools/node_modules/winston-transport/modern.js:103:17)
    at doWrite (/opt/homebrew/Cellar/firebase-cli/14.11.0/libexec/lib/node_modules/firebase-tools/node_modules/winston-transport/node_modules/readable-stream/lib/_stream_writable.js:390:139)
[error] 
[error] Error: An unexpected error has occurred.
[debug] [2026-07-03T10:44:03.219Z] Error: write EPIPE
    at afterWriteDispatched (node:internal/stream_base_commons:159:15)
    at writeGeneric (node:internal/stream_base_commons:150:3)
    at Socket._writeGeneric (node:net:1025:11)
    at Socket._write (node:net:1037:8)
    at writeOrBuffer (node:internal/streams/writable:570:12)
    at _write (node:internal/streams/writable:499:10)
    at Writable.write (node:internal/streams/writable:508:10)
    at Console.log (/opt/homebrew/Cellar/firebase-cli/14.11.0/libexec/lib/node_modules/firebase-tools/node_modules/winston/lib/winston/transports/console.js:87:23)
    at Console._write (/opt/homebrew/Cellar/firebase-cli/14.11.0/libexec/lib/node_modules/firebase-tools/node_modules/winston-transport/modern.js:103:17)
    at doWrite (/opt/homebrew/Cellar/firebase-cli/14.11.0/libexec/lib/node_modules/firebase-tools/node_modules/winston-transport/node_modules/readable-stream/lib/_stream_writable.js:390:139)
[error] 
[error] Error: An unexpected error has occurred.
[debug] [2026-07-03T10:44:03.225Z] Error: write EPIPE
    at afterWriteDispatched (node:internal/stream_base_commons:159:15)
    at writeGeneric (node:internal/stream_base_commons:150:3)
    at Socket._writeGeneric (node:net:1025:11)
    at Socket._write (node:net:1037:8)
    at writeOrBuffer (node:internal/streams/writable:570:12)
    at _write (node:internal/streams/writable:499:10)
    at Writable.write (node:internal/streams/writable:508:10)
    at Console.log (/opt/homebrew/Cellar/firebase-cli/14.11.0/libexec/lib/node_modules/firebase-tools/node_modules/winston/lib/winston/transports/console.js:87:23)
    at Console._write (/opt/homebrew/Cellar/firebase-cli/14.11.0/libexec/lib/node_modules/firebase-tools/node_modules/winston-transport/modern.js:103:17)
    at doWrite (/opt/homebrew/Cellar/firebase-cli/14.11.0/libexec/lib/node_modules/firebase-tools/node_modules/winston-transport/node_modules/readable-stream/lib/_stream_writable.js:390:139)
[error] 
[error] Error: An unexpected error has occurred.
[debug] [2026-07-03T10:44:03.226Z] Error: write EPIPE
    at afterWriteDispatched (node:internal/stream_base_commons:159:15)
    at writeGeneric (node:internal/stream_base_commons:150:3)
    at Socket._writeGeneric (node:net:1025:11)
    at Socket._write (node:net:1037:8)
    at writeOrBuffer (node:internal/streams/writable:570:12)
    at _write (node:internal/streams/writable:499:10)
    at Writable.write (node:internal/streams/writable:508:10)
    at Console.log (/opt/homebrew/Cellar/firebase-cli/14.11.0/libexec/lib/node_modules/firebase-tools/node_modules/winston/lib/winston/transports/console.js:87:23)
    at Console._write (/opt/homebrew/Cellar/firebase-cli/14.11.0/libexec/lib/node_modules/firebase-tools/node_modules/winston-transport/modern.js:103:17)
    at doWrite (/opt/homebrew/Cellar/firebase-cli/14.11.0/libexec/lib/node_modules/firebase-tools/node_modules/winston-transport/node_modules/readable-stream/lib/_stream_writable.js:390:139)
[error] 
[error] Error: An unexpected error has occurred.
[debug] [2026-07-03T10:44:03.226Z] Error: write EPIPE
    at afterWriteDispatched (node:internal/stream_base_commons:159:15)
    at writeGeneric (node:internal/stream_base_commons:150:3)
    at Socket._writeGeneric (node:net:1025:11)
    at Socket._write (node:net:1037:8)
    at writeOrBuffer (node:internal/streams/writable:570:12)
    at _write (node:internal/streams/writable:499:10)
    at Writable.write (node:internal/streams/writable:508:10)
    at Console.log (/opt/homebrew/Cellar/firebase-cli/14.11.0/libexec/lib/node_modules/firebase-tools/node_modules/winston/lib/winston/transports/console.js:87:23)
    at Console._write (/opt/homebrew/Cellar/firebase-cli/14.11.0/libexec/lib/node_modules/firebase-tools/node_modules/winston-transport/modern.js:103:17)
    at doWrite (/opt/homebrew/Cellar/firebase-cli/14.11.0/libexec/lib/node_modules/firebase-tools/node_modules/winston-transport/node_modules/readable-stream/lib/_stream_writable.js:390:139)
[error] 
[error] Error: An unexpected error has occurred.
[debug] [2026-07-03T10:44:03.226Z] Error: write EPIPE
    at afterWriteDispatched (node:internal/stream_base_commons:159:15)
    at writeGeneric (node:internal/stream_base_commons:150:3)
    at Socket._writeGeneric (node:net:1025:11)
    at Socket._write (node:net:1037:8)
    at writeOrBuffer (node:internal/streams/writable:570:12)
    at _write (node:internal/streams/writable:499:10)
    at Writable.write (node:internal/streams/writable:508:10)
    at Console.log (/opt/homebrew/Cellar/firebase-cli/14.11.0/libexec/lib/node_modules/firebase-tools/node_modules/winston/lib/winston/transports/console.js:87:23)
    at Console._write (/opt/homebrew/Cellar/firebase-cli/14.11.0/libexec/lib/node_modules/firebase-tools/node_modules/winston-transport/modern.js:103:17)
    at doWrite (/opt/homebrew/Cellar/firebase-cli/14.11.0/libexec/lib/node_modules/firebase-tools/node_modules/winston-transport/node_modules/readable-stream/lib/_stream_writable.js:390:139)
[error] 
[error] Error: An unexpected error has occurred.
[debug] [2026-07-03T10:44:03.226Z] Error: write EPIPE
    at afterWriteDispatched (node:internal/stream_base_commons:159:15)
    at writeGeneric (node:internal/stream_base_commons:150:3)
    at Socket._writeGeneric (node:net:1025:11)
    at Socket._write (node:net:1037:8)
    at writeOrBuffer (node:internal/streams/writable:570:12)
    at _write (node:internal/streams/writable:499:10)
    at Writable.write (node:internal/streams/writable:508:10)
    at Console.log (/opt/homebrew/Cellar/firebase-cli/14.11.0/libexec/lib/node_modules/firebase-tools/node_modules/winston/lib/winston/transports/console.js:87:23)
    at Console._write (/opt/homebrew/Cellar/firebase-cli/14.11.0/libexec/lib/node_modules/firebase-tools/node_modules/winston-transport/modern.js:103:17)
    at doWrite (/opt/homebrew/Cellar/firebase-cli/14.11.0/libexec/lib/node_modules/firebase-tools/node_modules/winston-transport/node_modules/readable-stream/lib/_stream_writable.js:390:139)
[error] 
[error] Error: An unexpected error has occurred.
[debug] [2026-07-03T10:44:03.227Z] Error: write EPIPE
    at afterWriteDispatched (node:internal/stream_base_commons:159:15)
    at writeGeneric (node:internal/stream_base_commons:150:3)
    at Socket._writeGeneric (node:net:1025:11)
    at Socket._write (node:net:1037:8)
    at writeOrBuffer (node:internal/streams/writable:570:12)
    at _write (node:internal/streams/writable:499:10)
    at Writable.write (node:internal/streams/writable:508:10)
    at Console.log (/opt/homebrew/Cellar/firebase-cli/14.11.0/libexec/lib/node_modules/firebase-tools/node_modules/winston/lib/winston/transports/console.js:87:23)
    at Console._write (/opt/homebrew/Cellar/firebase-cli/14.11.0/libexec/lib/node_modules/firebase-tools/node_modules/winston-transport/modern.js:103:17)
    at doWrite (/opt/homebrew/Cellar/firebase-cli/14.11.0/libexec/lib/node_modules/firebase-tools/node_modules/winston-transport/node_modules/readable-stream/lib/_stream_writable.js:390:139)
[error] 
[error] Error: An unexpected error has occurred.
[debug] [2026-07-03T10:44:03.227Z] Error: write EPIPE
    at afterWriteDispatched (node:internal/stream_base_commons:159:15)
    at writeGeneric (node:internal/stream_base_commons:150:3)
    at Socket._writeGeneric (node:net:1025:11)
    at Socket._write (node:net:1037:8)
    at writeOrBuffer (node:internal/streams/writable:570:12)
    at _write (node:internal/streams/writable:499:10)
    at Writable.write (node:internal/streams/writable:508:10)
    at Console.log (/opt/homebrew/Cellar/firebase-cli/14.11.0/libexec/lib/node_modules/firebase-tools/node_modules/winston/lib/winston/transports/console.js:87:23)
    at Console._write (/opt/homebrew/Cellar/firebase-cli/14.11.0/libexec/lib/node_modules/firebase-tools/node_modules/winston-transport/modern.js:103:17)
    at doWrite (/opt/homebrew/Cellar/firebase-cli/14.11.0/libexec/lib/node_modules/firebase-tools/node_modules/winston-transport/node_modules/readable-stream/lib/_stream_writable.js:390:139)
[error] 
[error] Error: An unexpected error has occurred.
[debug] [2026-07-03T10:44:03.227Z] Error: write EPIPE
    at afterWriteDispatched (node:internal/stream_base_commons:159:15)
    at writeGeneric (node:internal/stream_base_commons:150:3)
    at Socket._writeGeneric (node:net:1025:11)
    at Socket._write (node:net:1037:8)
    at writeOrBuffer (node:internal/streams/writable:570:12)
    at _write (node:internal/streams/writable:499:10)
    at Writable.write (node:internal/streams/writable:508:10)
    at Console.log (/opt/homebrew/Cellar/firebase-cli/14.11.0/libexec/lib/node_modules/firebase-tools/node_modules/winston/lib/winston/transports/console.js:87:23)
    at Console._write (/opt/homebrew/Cellar/firebase-cli/14.11.0/libexec/lib/node_modules/firebase-tools/node_modules/winston-transport/modern.js:103:17)
    at doWrite (/opt/homebrew/Cellar/firebase-cli/14.11.0/libexec/lib/node_modules/firebase-tools/node_modules/winston-transport/node_modules/readable-stream/lib/_stream_writable.js:390:139)
[error] 
[error] Error: An unexpected error has occurred.
[debug] [2026-07-03T10:44:03.228Z] Error: write EPIPE
    at afterWriteDispatched (node:internal/stream_base_commons:159:15)
    at writeGeneric (node:internal/stream_base_commons:150:3)
    at Socket._writeGeneric (node:net:1025:11)
    at Socket._write (node:net:1037:8)
    at writeOrBuffer (node:internal/streams/writable:570:12)
    at _write (node:internal/streams/writable:499:10)
    at Writable.write (node:internal/streams/writable:508:10)
    at Console.log (/opt/homebrew/Cellar/firebase-cli/14.11.0/libexec/lib/node_modules/firebase-tools/node_modules/winston/lib/winston/transports/console.js:87:23)
    at Console._write (/opt/homebrew/Cellar/firebase-cli/14.11.0/libexec/lib/node_modules/firebase-tools/node_modules/winston-transport/modern.js:103:17)
    at doWrite (/opt/homebrew/Cellar/firebase-cli/14.11.0/libexec/lib/node_modules/firebase-tools/node_modules/winston-transport/node_modules/readable-stream/lib/_stream_writable.js:390:139)
[error] 
[error] Error: An unexpected error has occurred.
[debug] [2026-07-03T10:44:03.228Z] Error: write EPIPE
    at afterWriteDispatched (node:internal/stream_base_commons:159:15)
    at writeGeneric (node:internal/stream_base_commons:150:3)
    at Socket._writeGeneric (node:net:1025:11)
    at Socket._write (node:net:1037:8)
    at writeOrBuffer (node:internal/streams/writable:570:12)
    at _write (node:internal/streams/writable:499:10)
    at Writable.write (node:internal/streams/writable:508:10)
    at Console.log (/opt/homebrew/Cellar/firebase-cli/14.11.0/libexec/lib/node_modules/firebase-tools/node_modules/winston/lib/winston/transports/console.js:87:23)
    at Console._write (/opt/homebrew/Cellar/firebase-cli/14.11.0/libexec/lib/node_modules/firebase-tools/node_modules/winston-transport/modern.js:103:17)
    at doWrite (/opt/homebrew/Cellar/firebase-cli/14.11.0/libexec/lib/node_modules/firebase-tools/node_modules/winston-transport/node_modules/readable-stream/lib/_stream_writable.js:390:139)
[error] 
[error] Error: An unexpected error has occurred.
[debug] [2026-07-03T10:44:03.228Z] Error: write EPIPE
    at afterWriteDispatched (node:internal/stream_base_commons:159:15)
    at writeGeneric (node:internal/stream_base_commons:150:3)
    at Socket._writeGeneric (node:net:1025:11)
    at Socket._write (node:net:1037:8)
    at writeOrBuffer (node:internal/streams/writable:570:12)
    at _write (node:internal/streams/writable:499:10)
    at Writable.write (node:internal/streams/writable:508:10)
    at Console.log (/opt/homebrew/Cellar/firebase-cli/14.11.0/libexec/lib/node_modules/firebase-tools/node_modules/winston/lib/winston/transports/console.js:87:23)
    at Console._write (/opt/homebrew/Cellar/firebase-cli/14.11.0/libexec/lib/node_modules/firebase-tools/node_modules/winston-transport/modern.js:103:17)
    at doWrite (/opt/homebrew/Cellar/firebase-cli/14.11.0/libexec/lib/node_modules/firebase-tools/node_modules/winston-transport/node_modules/readable-stream/lib/_stream_writable.js:390:139)
[error] 
[error] Error: An unexpected error has occurred.
[debug] [2026-07-03T10:44:03.228Z] Error: write EPIPE
    at afterWriteDispatched (node:internal/stream_base_commons:159:15)
    at writeGeneric (node:internal/stream_base_commons:150:3)
    at Socket._writeGeneric (node:net:1025:11)
    at Socket._write (node:net:1037:8)
    at writeOrBuffer (node:internal/streams/writable:570:12)
    at _write (node:internal/streams/writable:499:10)
    at Writable.write (node:internal/streams/writable:508:10)
    at Console.log (/opt/homebrew/Cellar/firebase-cli/14.11.0/libexec/lib/node_modules/firebase-tools/node_modules/winston/lib/winston/transports/console.js:87:23)
    at Console._write (/opt/homebrew/Cellar/firebase-cli/14.11.0/libexec/lib/node_modules/firebase-tools/node_modules/winston-transport/modern.js:103:17)
    at doWrite (/opt/homebrew/Cellar/firebase-cli/14.11.0/libexec/lib/node_modules/firebase-tools/node_modules/winston-transport/node_modules/readable-stream/lib/_stream_writable.js:390:139)
[error] 
[error] Error: An unexpected error has occurred.
[debug] [2026-07-03T10:44:03.229Z] Error: write EPIPE
    at afterWriteDispatched (node:internal/stream_base_commons:159:15)
    at writeGeneric (node:internal/stream_base_commons:150:3)
    at Socket._writeGeneric (node:net:1025:11)
    at Socket._write (node:net:1037:8)
    at writeOrBuffer (node:internal/streams/writable:570:12)
    at _write (node:internal/streams/writable:499:10)
    at Writable.write (node:internal/streams/writable:508:10)
    at Console.log (/opt/homebrew/Cellar/firebase-cli/14.11.0/libexec/lib/node_modules/firebase-tools/node_modules/winston/lib/winston/transports/console.js:87:23)
    at Console._write (/opt/homebrew/Cellar/firebase-cli/14.11.0/libexec/lib/node_modules/firebase-tools/node_modules/winston-transport/modern.js:103:17)
    at doWrite (/opt/homebrew/Cellar/firebase-cli/14.11.0/libexec/lib/node_modules/firebase-tools/node_modules/winston-transport/node_modules/readable-stream/lib/_stream_writable.js:390:139)
[error] 
[error] Error: An unexpected error has occurred.
[debug] [2026-07-03T10:44:03.230Z] Error: write EPIPE
    at afterWriteDispatched (node:internal/stream_base_commons:159:15)
    at writeGeneric (node:internal/stream_base_commons:150:3)
    at Socket._writeGeneric (node:net:1025:11)
    at Socket._write (node:net:1037:8)
    at writeOrBuffer (node:internal/streams/writable:570:12)
    at _write (node:internal/streams/writable:499:10)
    at Writable.write (node:internal/streams/writable:508:10)
    at Console.log (/opt/homebrew/Cellar/firebase-cli/14.11.0/libexec/lib/node_modules/firebase-tools/node_modules/winston/lib/winston/transports/console.js:87:23)
    at Console._write (/opt/homebrew/Cellar/firebase-cli/14.11.0/libexec/lib/node_modules/firebase-tools/node_modules/winston-transport/modern.js:103:17)
    at doWrite (/opt/homebrew/Cellar/firebase-cli/14.11.0/libexec/lib/node_modules/firebase-tools/node_modules/winston-transport/node_modules/readable-stream/lib/_stream_writable.js:390:139)
[error] 
[error] Error: An unexpected error has occurred.
[debug] [2026-07-03T10:44:03.230Z] Error: write EPIPE
    at afterWriteDispatched (node:internal/stream_base_commons:159:15)
    at writeGeneric (node:internal/stream_base_commons:150:3)
    at Socket._writeGeneric (node:net:1025:11)
    at Socket._write (node:net:1037:8)
    at writeOrBuffer (node:internal/streams/writable:570:12)
    at _write (node:internal/streams/writable:499:10)
    at Writable.write (node:internal/streams/writable:508:10)
    at Console.log (/opt/homebrew/Cellar/firebase-cli/14.11.0/libexec/lib/node_modules/firebase-tools/node_modules/winston/lib/winston/transports/console.js:87:23)
    at Console._write (/opt/homebrew/Cellar/firebase-cli/14.11.0/libexec/lib/node_modules/firebase-tools/node_modules/winston-transport/modern.js:103:17)
    at doWrite (/opt/homebrew/Cellar/firebase-cli/14.11.0/libexec/lib/node_modules/firebase-tools/node_modules/winston-transport/node_modules/readable-stream/lib/_stream_writable.js:390:139)
[error] 
[error] Error: An unexpected error has occurred.
[debug] [2026-07-03T10:44:03.230Z] Error: write EPIPE
    at afterWriteDispatched (node:internal/stream_base_commons:159:15)
    at writeGeneric (node:internal/stream_base_commons:150:3)
    at Socket._writeGeneric (node:net:1025:11)
    at Socket._write (node:net:1037:8)
    at writeOrBuffer (node:internal/streams/writable:570:12)
    at _write (node:internal/streams/writable:499:10)
    at Writable.write (node:internal/streams/writable:508:10)
    at Console.log (/opt/homebrew/Cellar/firebase-cli/14.11.0/libexec/lib/node_modules/firebase-tools/node_modules/winston/lib/winston/transports/console.js:87:23)
    at Console._write (/opt/homebrew/Cellar/firebase-cli/14.11.0/libexec/lib/node_modules/firebase-tools/node_modules/winston-transport/modern.js:103:17)
    at doWrite (/opt/homebrew/Cellar/firebase-cli/14.11.0/libexec/lib/node_modules/firebase-tools/node_modules/winston-transport/node_modules/readable-stream/lib/_stream_writable.js:390:139)
[error] 
[error] Error: An unexpected error has occurred.
[debug] [2026-07-03T10:44:03.230Z] Error: write EPIPE
    at afterWriteDispatched (node:internal/stream_base_commons:159:15)
    at writeGeneric (node:internal/stream_base_commons:150:3)
    at Socket._writeGeneric (node:net:1025:11)
    at Socket._write (node:net:1037:8)
    at writeOrBuffer (node:internal/streams/writable:570:12)
    at _write (node:internal/streams/writable:499:10)
    at Writable.write (node:internal/streams/writable:508:10)
    at Console.log (/opt/homebrew/Cellar/firebase-cli/14.11.0/libexec/lib/node_modules/firebase-tools/node_modules/winston/lib/winston/transports/console.js:87:23)
    at Console._write (/opt/homebrew/Cellar/firebase-cli/14.11.0/libexec/lib/node_modules/firebase-tools/node_modules/winston-transport/modern.js:103:17)
    at doWrite (/opt/homebrew/Cellar/firebase-cli/14.11.0/libexec/lib/node_modules/firebase-tools/node_modules/winston-transport/node_modules/readable-stream/lib/_stream_writable.js:390:139)
[error] 
[error] Error: An unexpected error has occurred.
[debug] [2026-07-03T10:44:03.231Z] Error: write EPIPE
    at afterWriteDispatched (node:internal/stream_base_commons:159:15)
    at writeGeneric (node:internal/stream_base_commons:150:3)
    at Socket._writeGeneric (node:net:1025:11)
    at Socket._write (node:net:1037:8)
    at writeOrBuffer (node:internal/streams/writable:570:12)
    at _write (node:internal/streams/writable:499:10)
    at Writable.write (node:internal/streams/writable:508:10)
    at Console.log (/opt/homebrew/Cellar/firebase-cli/14.11.0/libexec/lib/node_modules/firebase-tools/node_modules/winston/lib/winston/transports/console.js:87:23)
    at Console._write (/opt/homebrew/Cellar/firebase-cli/14.11.0/libexec/lib/node_modules/firebase-tools/node_modules/winston-transport/modern.js:103:17)
    at doWrite (/opt/homebrew/Cellar/firebase-cli/14.11.0/libexec/lib/node_modules/firebase-tools/node_modules/winston-transport/node_modules/readable-stream/lib/_stream_writable.js:390:139)
[error] 
[error] Error: An unexpected error has occurred.
[debug] [2026-07-03T10:44:03.231Z] Error: write EPIPE
    at afterWriteDispatched (node:internal/stream_base_commons:159:15)
    at writeGeneric (node:internal/stream_base_commons:150:3)
    at Socket._writeGeneric (node:net:1025:11)
    at Socket._write (node:net:1037:8)
    at writeOrBuffer (node:internal/streams/writable:570:12)
    at _write (node:internal/streams/writable:499:10)
    at Writable.write (node:internal/streams/writable:508:10)
    at Console.log (/opt/homebrew/Cellar/firebase-cli/14.11.0/libexec/lib/node_modules/firebase-tools/node_modules/winston/lib/winston/transports/console.js:87:23)
    at Console._write (/opt/homebrew/Cellar/firebase-cli/14.11.0/libexec/lib/node_modules/firebase-tools/node_modules/winston-transport/modern.js:103:17)
    at doWrite (/opt/homebrew/Cellar/firebase-cli/14.11.0/libexec/lib/node_modules/firebase-tools/node_modules/winston-transport/node_modules/readable-stream/lib/_stream_writable.js:390:139)
[error] 
[error] Error: An unexpected error has occurred.
[debug] [2026-07-03T10:44:03.231Z] Error: write EPIPE
    at afterWriteDispatched (node:internal/stream_base_commons:159:15)
    at writeGeneric (node:internal/stream_base_commons:150:3)
    at Socket._writeGeneric (node:net:1025:11)
    at Socket._write (node:net:1037:8)
    at writeOrBuffer (node:internal/streams/writable:570:12)
    at _write (node:internal/streams/writable:499:10)
    at Writable.write (node:internal/streams/writable:508:10)
    at Console.log (/opt/homebrew/Cellar/firebase-cli/14.11.0/libexec/lib/node_modules/firebase-tools/node_modules/winston/lib/winston/transports/console.js:87:23)
    at Console._write (/opt/homebrew/Cellar/firebase-cli/14.11.0/libexec/lib/node_modules/firebase-tools/node_modules/winston-transport/modern.js:103:17)
    at doWrite (/opt/homebrew/Cellar/firebase-cli/14.11.0/libexec/lib/node_modules/firebase-tools/node_modules/winston-transport/node_modules/readable-stream/lib/_stream_writable.js:390:139)
[error] 
[error] Error: An unexpected error has occurred.
[debug] [2026-07-03T10:44:03.231Z] Error: write EPIPE
    at afterWriteDispatched (node:internal/stream_base_commons:159:15)
    at writeGeneric (node:internal/stream_base_commons:150:3)
    at Socket._writeGeneric (node:net:1025:11)
    at Socket._write (node:net:1037:8)
    at writeOrBuffer (node:internal/streams/writable:570:12)
    at _write (node:internal/streams/writable:499:10)
    at Writable.write (node:internal/streams/writable:508:10)
    at Console.log (/opt/homebrew/Cellar/firebase-cli/14.11.0/libexec/lib/node_modules/firebase-tools/node_modules/winston/lib/winston/transports/console.js:87:23)
    at Console._write (/opt/homebrew/Cellar/firebase-cli/14.11.0/libexec/lib/node_modules/firebase-tools/node_modules/winston-transport/modern.js:103:17)
    at doWrite (/opt/homebrew/Cellar/firebase-cli/14.11.0/libexec/lib/node_modules/firebase-tools/node_modules/winston-transport/node_modules/readable-stream/lib/_stream_writable.js:390:139)
[error] 
[error] Error: An unexpected error has occurred.
[debug] [2026-07-03T10:44:03.231Z] Error: write EPIPE
    at afterWriteDispatched (node:internal/stream_base_commons:159:15)
    at writeGeneric (node:internal/stream_base_commons:150:3)
    at Socket._writeGeneric (node:net:1025:11)
    at Socket._write (node:net:1037:8)
    at writeOrBuffer (node:internal/streams/writable:570:12)
    at _write (node:internal/streams/writable:499:10)
    at Writable.write (node:internal/streams/writable:508:10)
    at Console.log (/opt/homebrew/Cellar/firebase-cli/14.11.0/libexec/lib/node_modules/firebase-tools/node_modules/winston/lib/winston/transports/console.js:87:23)
    at Console._write (/opt/homebrew/Cellar/firebase-cli/14.11.0/libexec/lib/node_modules/firebase-tools/node_modules/winston-transport/modern.js:103:17)
    at doWrite (/opt/homebrew/Cellar/firebase-cli/14.11.0/libexec/lib/node_modules/firebase-tools/node_modules/winston-transport/node_modules/readable-stream/lib/_stream_writable.js:390:139)
[error] 
[error] Error: An unexpected error has occurred.
[debug] [2026-07-03T10:44:03.231Z] Error: write EPIPE
    at afterWriteDispatched (node:internal/stream_base_commons:159:15)
    at writeGeneric (node:internal/stream_base_commons:150:3)
    at Socket._writeGeneric (node:net:1025:11)
    at Socket._write (node:net:1037:8)
    at writeOrBuffer (node:internal/streams/writable:570:12)
    at _write (node:internal/streams/writable:499:10)
    at Writable.write (node:internal/streams/writable:508:10)
    at Console.log (/opt/homebrew/Cellar/firebase-cli/14.11.0/libexec/lib/node_modules/firebase-tools/node_modules/winston/lib/winston/transports/console.js:87:23)
    at Console._write (/opt/homebrew/Cellar/firebase-cli/14.11.0/libexec/lib/node_modules/firebase-tools/node_modules/winston-transport/modern.js:103:17)
    at doWrite (/opt/homebrew/Cellar/firebase-cli/14.11.0/libexec/lib/node_modules/firebase-tools/node_modules/winston-transport/node_modules/readable-stream/lib/_stream_writable.js:390:139)
[error] 
[error] Error: An unexpected error has occurred.
[debug] [2026-07-03T10:44:03.231Z] Error: write EPIPE
    at afterWriteDispatched (node:internal/stream_base_commons:159:15)
    at writeGeneric (node:internal/stream_base_commons:150:3)
    at Socket._writeGeneric (node:net:1025:11)
    at Socket._write (node:net:1037:8)
    at writeOrBuffer (node:internal/streams/writable:570:12)
    at _write (node:internal/streams/writable:499:10)
    at Writable.write (node:internal/streams/writable:508:10)
    at Console.log (/opt/homebrew/Cellar/firebase-cli/14.11.0/libexec/lib/node_modules/firebase-tools/node_modules/winston/lib/winston/transports/console.js:87:23)
    at Console._write (/opt/homebrew/Cellar/firebase-cli/14.11.0/libexec/lib/node_modules/firebase-tools/node_modules/winston-transport/modern.js:103:17)
    at doWrite (/opt/homebrew/Cellar/firebase-cli/14.11.0/libexec/lib/node_modules/firebase-tools/node_modules/winston-transport/node_modules/readable-stream/lib/_stream_writable.js:390:139)
[error] 
[error] Error: An unexpected error has occurred.
[debug] [2026-07-03T10:44:03.232Z] Error: write EPIPE
    at afterWriteDispatched (node:internal/stream_base_commons:159:15)
    at writeGeneric (node:internal/stream_base_commons:150:3)
    at Socket._writeGeneric (node:net:1025:11)
    at Socket._write (node:net:1037:8)
    at writeOrBuffer (node:internal/streams/writable:570:12)
    at _write (node:internal/streams/writable:499:10)
    at Writable.write (node:internal/streams/writable:508:10)
    at Console.log (/opt/homebrew/Cellar/firebase-cli/14.11.0/libexec/lib/node_modules/firebase-tools/node_modules/winston/lib/winston/transports/console.js:87:23)
    at Console._write (/opt/homebrew/Cellar/firebase-cli/14.11.0/libexec/lib/node_modules/firebase-tools/node_modules/winston-transport/modern.js:103:17)
    at doWrite (/opt/homebrew/Cellar/firebase-cli/14.11.0/libexec/lib/node_modules/firebase-tools/node_modules/winston-transport/node_modules/readable-stream/lib/_stream_writable.js:390:139)
[error] 
[error] Error: An unexpected error has occurred.
[debug] [2026-07-03T10:44:03.232Z] Error: write EPIPE
    at afterWriteDispatched (node:internal/stream_base_commons:159:15)
    at writeGeneric (node:internal/stream_base_commons:150:3)
    at Socket._writeGeneric (node:net:1025:11)
    at Socket._write (node:net:1037:8)
    at writeOrBuffer (node:internal/streams/writable:570:12)
    at _write (node:internal/streams/writable:499:10)
    at Writable.write (node:internal/streams/writable:508:10)
    at Console.log (/opt/homebrew/Cellar/firebase-cli/14.11.0/libexec/lib/node_modules/firebase-tools/node_modules/winston/lib/winston/transports/console.js:87:23)
    at Console._write (/opt/homebrew/Cellar/firebase-cli/14.11.0/libexec/lib/node_modules/firebase-tools/node_modules/winston-transport/modern.js:103:17)
    at doWrite (/opt/homebrew/Cellar/firebase-cli/14.11.0/libexec/lib/node_modules/firebase-tools/node_modules/winston-transport/node_modules/readable-stream/lib/_stream_writable.js:390:139)
[error] 
[error] Error: An unexpected error has occurred.
[debug] [2026-07-03T10:44:03.234Z] Error: write EPIPE
    at afterWriteDispatched (node:internal/stream_base_commons:159:15)
    at writeGeneric (node:internal/stream_base_commons:150:3)
    at Socket._writeGeneric (node:net:1025:11)
    at Socket._write (node:net:1037:8)
    at writeOrBuffer (node:internal/streams/writable:570:12)
    at _write (node:internal/streams/writable:499:10)
    at Writable.write (node:internal/streams/writable:508:10)
    at Console.log (/opt/homebrew/Cellar/firebase-cli/14.11.0/libexec/lib/node_modules/firebase-tools/node_modules/winston/lib/winston/transports/console.js:87:23)
    at Console._write (/opt/homebrew/Cellar/firebase-cli/14.11.0/libexec/lib/node_modules/firebase-tools/node_modules/winston-transport/modern.js:103:17)
    at doWrite (/opt/homebrew/Cellar/firebase-cli/14.11.0/libexec/lib/node_modules/firebase-tools/node_modules/winston-transport/node_modules/readable-stream/lib/_stream_writable.js:390:139)
[error] 
[error] Error: An unexpected error has occurred.
[debug] [2026-07-03T10:44:03.234Z] Error: write EPIPE
    at afterWriteDispatched (node:internal/stream_base_commons:159:15)
    at writeGeneric (node:internal/stream_base_commons:150:3)
    at Socket._writeGeneric (node:net:1025:11)
    at Socket._write (node:net:1037:8)
    at writeOrBuffer (node:internal/streams/writable:570:12)
    at _write (node:internal/streams/writable:499:10)
    at Writable.write (node:internal/streams/writable:508:10)
    at Console.log (/opt/homebrew/Cellar/firebase-cli/14.11.0/libexec/lib/node_modules/firebase-tools/node_modules/winston/lib/winston/transports/console.js:87:23)
    at Console._write (/opt/homebrew/Cellar/firebase-cli/14.11.0/libexec/lib/node_modules/firebase-tools/node_modules/winston-transport/modern.js:103:17)
    at doWrite (/opt/homebrew/Cellar/firebase-cli/14.11.0/libexec/lib/node_modules/firebase-tools/node_modules/winston-transport/node_modules/readable-stream/lib/_stream_writable.js:390:139)
[error] 
[error] Error: An unexpected error has occurred.
[debug] [2026-07-03T10:44:03.234Z] Error: write EPIPE
    at afterWriteDispatched (node:internal/stream_base_commons:159:15)
    at writeGeneric (node:internal/stream_base_commons:150:3)
    at Socket._writeGeneric (node:net:1025:11)
    at Socket._write (node:net:1037:8)
    at writeOrBuffer (node:internal/streams/writable:570:12)
    at _write (node:internal/streams/writable:499:10)
    at Writable.write (node:internal/streams/writable:508:10)
    at Console.log (/opt/homebrew/Cellar/firebase-cli/14.11.0/libexec/lib/node_modules/firebase-tools/node_modules/winston/lib/winston/transports/console.js:87:23)
    at Console._write (/opt/homebrew/Cellar/firebase-cli/14.11.0/libexec/lib/node_modules/firebase-tools/node_modules/winston-transport/modern.js:103:17)
    at doWrite (/opt/homebrew/Cellar/firebase-cli/14.11.0/libexec/lib/node_modules/firebase-tools/node_modules/winston-transport/node_modules/readable-stream/lib/_stream_writable.js:390:139)
[error] 
[error] Error: An unexpected error has occurred.
[debug] [2026-07-03T10:44:03.234Z] Error: write EPIPE
    at afterWriteDispatched (node:internal/stream_base_commons:159:15)
    at writeGeneric (node:internal/stream_base_commons:150:3)
    at Socket._writeGeneric (node:net:1025:11)
    at Socket._write (node:net:1037:8)
    at writeOrBuffer (node:internal/streams/writable:570:12)
    at _write (node:internal/streams/writable:499:10)
    at Writable.write (node:internal/streams/writable:508:10)
    at Console.log (/opt/homebrew/Cellar/firebase-cli/14.11.0/libexec/lib/node_modules/firebase-tools/node_modules/winston/lib/winston/transports/console.js:87:23)
    at Console._write (/opt/homebrew/Cellar/firebase-cli/14.11.0/libexec/lib/node_modules/firebase-tools/node_modules/winston-transport/modern.js:103:17)
    at doWrite (/opt/homebrew/Cellar/firebase-cli/14.11.0/libexec/lib/node_modules/firebase-tools/node_modules/winston-transport/node_modules/readable-stream/lib/_stream_writable.js:390:139)
[error] 
[error] Error: An unexpected error has occurred.
[debug] [2026-07-03T10:44:03.234Z] Error: write EPIPE
    at afterWriteDispatched (node:internal/stream_base_commons:159:15)
    at writeGeneric (node:internal/stream_base_commons:150:3)
    at Socket._writeGeneric (node:net:1025:11)
    at Socket._write (node:net:1037:8)
    at writeOrBuffer (node:internal/streams/writable:570:12)
    at _write (node:internal/streams/writable:499:10)
    at Writable.write (node:internal/streams/writable:508:10)
    at Console.log (/opt/homebrew/Cellar/firebase-cli/14.11.0/libexec/lib/node_modules/firebase-tools/node_modules/winston/lib/winston/transports/console.js:87:23)
    at Console._write (/opt/homebrew/Cellar/firebase-cli/14.11.0/libexec/lib/node_modules/firebase-tools/node_modules/winston-transport/modern.js:103:17)
    at doWrite (/opt/homebrew/Cellar/firebase-cli/14.11.0/libexec/lib/node_modules/firebase-tools/node_modules/winston-transport/node_modules/readable-stream/lib/_stream_writable.js:390:139)
[error] 
[error] Error: An unexpected error has occurred.
[debug] [2026-07-03T10:44:03.234Z] Error: write EPIPE
    at afterWriteDispatched (node:internal/stream_base_commons:159:15)
    at writeGeneric (node:internal/stream_base_commons:150:3)
    at Socket._writeGeneric (node:net:1025:11)
    at Socket._write (node:net:1037:8)
    at writeOrBuffer (node:internal/streams/writable:570:12)
    at _write (node:internal/streams/writable:499:10)
    at Writable.write (node:internal/streams/writable:508:10)
    at Console.log (/opt/homebrew/Cellar/firebase-cli/14.11.0/libexec/lib/node_modules/firebase-tools/node_modules/winston/lib/winston/transports/console.js:87:23)
    at Console._write (/opt/homebrew/Cellar/firebase-cli/14.11.0/libexec/lib/node_modules/firebase-tools/node_modules/winston-transport/modern.js:103:17)
    at doWrite (/opt/homebrew/Cellar/firebase-cli/14.11.0/libexec/lib/node_modules/firebase-tools/node_modules/winston-transport/node_modules/readable-stream/lib/_stream_writable.js:390:139)
[error] 
[error] Error: An unexpected error has occurred.
[debug] [2026-07-03T10:44:03.234Z] Error: write EPIPE
    at afterWriteDispatched (node:internal/stream_base_commons:159:15)
    at writeGeneric (node:internal/stream_base_commons:150:3)
    at Socket._writeGeneric (node:net:1025:11)
    at Socket._write (node:net:1037:8)
    at writeOrBuffer (node:internal/streams/writable:570:12)
    at _write (node:internal/streams/writable:499:10)
    at Writable.write (node:internal/streams/writable:508:10)
    at Console.log (/opt/homebrew/Cellar/firebase-cli/14.11.0/libexec/lib/node_modules/firebase-tools/node_modules/winston/lib/winston/transports/console.js:87:23)
    at Console._write (/opt/homebrew/Cellar/firebase-cli/14.11.0/libexec/lib/node_modules/firebase-tools/node_modules/winston-transport/modern.js:103:17)
    at doWrite (/opt/homebrew/Cellar/firebase-cli/14.11.0/libexec/lib/node_modules/firebase-tools/node_modules/winston-transport/node_modules/readable-stream/lib/_stream_writable.js:390:139)
[error] 
[error] Error: An unexpected error has occurred.
[debug] [2026-07-03T10:44:03.234Z] Error: write EPIPE
    at afterWriteDispatched (node:internal/stream_base_commons:159:15)
    at writeGeneric (node:internal/stream_base_commons:150:3)
    at Socket._writeGeneric (node:net:1025:11)
    at Socket._write (node:net:1037:8)
    at writeOrBuffer (node:internal/streams/writable:570:12)
    at _write (node:internal/streams/writable:499:10)
    at Writable.write (node:internal/streams/writable:508:10)
    at Console.log (/opt/homebrew/Cellar/firebase-cli/14.11.0/libexec/lib/node_modules/firebase-tools/node_modules/winston/lib/winston/transports/console.js:87:23)
    at Console._write (/opt/homebrew/Cellar/firebase-cli/14.11.0/libexec/lib/node_modules/firebase-tools/node_modules/winston-transport/modern.js:103:17)
    at doWrite (/opt/homebrew/Cellar/firebase-cli/14.11.0/libexec/lib/node_modules/firebase-tools/node_modules/winston-transport/node_modules/readable-stream/lib/_stream_writable.js:390:139)
[error] 
[error] Error: An unexpected error has occurred.
[debug] [2026-07-03T10:44:03.234Z] Error: write EPIPE
    at afterWriteDispatched (node:internal/stream_base_commons:159:15)
    at writeGeneric (node:internal/stream_base_commons:150:3)
    at Socket._writeGeneric (node:net:1025:11)
    at Socket._write (node:net:1037:8)
    at writeOrBuffer (node:internal/streams/writable:570:12)
    at _write (node:internal/streams/writable:499:10)
    at Writable.write (node:internal/streams/writable:508:10)
    at Console.log (/opt/homebrew/Cellar/firebase-cli/14.11.0/libexec/lib/node_modules/firebase-tools/node_modules/winston/lib/winston/transports/console.js:87:23)
    at Console._write (/opt/homebrew/Cellar/firebase-cli/14.11.0/libexec/lib/node_modules/firebase-tools/node_modules/winston-transport/modern.js:103:17)
    at doWrite (/opt/homebrew/Cellar/firebase-cli/14.11.0/libexec/lib/node_modules/firebase-tools/node_modules/winston-transport/node_modules/readable-stream/lib/_stream_writable.js:390:139)
[error] 
[error] Error: An unexpected error has occurred.
[debug] [2026-07-03T10:44:03.234Z] Error: write EPIPE
    at afterWriteDispatched (node:internal/stream_base_commons:159:15)
    at writeGeneric (node:internal/stream_base_commons:150:3)
    at Socket._writeGeneric (node:net:1025:11)
    at Socket._write (node:net:1037:8)
    at writeOrBuffer (node:internal/streams/writable:570:12)
    at _write (node:internal/streams/writable:499:10)
    at Writable.write (node:internal/streams/writable:508:10)
    at Console.log (/opt/homebrew/Cellar/firebase-cli/14.11.0/libexec/lib/node_modules/firebase-tools/node_modules/winston/lib/winston/transports/console.js:87:23)
    at Console._write (/opt/homebrew/Cellar/firebase-cli/14.11.0/libexec/lib/node_modules/firebase-tools/node_modules/winston-transport/modern.js:103:17)
    at doWrite (/opt/homebrew/Cellar/firebase-cli/14.11.0/libexec/lib/node_modules/firebase-tools/node_modules/winston-transport/node_modules/readable-stream/lib/_stream_writable.js:390:139)
[error] 
[error] Error: An unexpected error has occurred.
[debug] [2026-07-03T10:44:03.235Z] Error: write EPIPE
    at afterWriteDispatched (node:internal/stream_base_commons:159:15)
    at writeGeneric (node:internal/stream_base_commons:150:3)
    at Socket._writeGeneric (node:net:1025:11)
    at Socket._write (node:net:1037:8)
    at writeOrBuffer (node:internal/streams/writable:570:12)
    at _write (node:internal/streams/writable:499:10)
    at Writable.write (node:internal/streams/writable:508:10)
    at Console.log (/opt/homebrew/Cellar/firebase-cli/14.11.0/libexec/lib/node_modules/firebase-tools/node_modules/winston/lib/winston/transports/console.js:87:23)
    at Console._write (/opt/homebrew/Cellar/firebase-cli/14.11.0/libexec/lib/node_modules/firebase-tools/node_modules/winston-transport/modern.js:103:17)
    at doWrite (/opt/homebrew/Cellar/firebase-cli/14.11.0/libexec/lib/node_modules/firebase-tools/node_modules/winston-transport/node_modules/readable-stream/lib/_stream_writable.js:390:139)
[error] 
[error] Error: An unexpected error has occurred.
[debug] [2026-07-03T10:44:03.235Z] Error: write EPIPE
    at afterWriteDispatched (node:internal/stream_base_commons:159:15)
    at writeGeneric (node:internal/stream_base_commons:150:3)
    at Socket._writeGeneric (node:net:1025:11)
    at Socket._write (node:net:1037:8)
    at writeOrBuffer (node:internal/streams/writable:570:12)
    at _write (node:internal/streams/writable:499:10)
    at Writable.write (node:internal/streams/writable:508:10)
    at Console.log (/opt/homebrew/Cellar/firebase-cli/14.11.0/libexec/lib/node_modules/firebase-tools/node_modules/winston/lib/winston/transports/console.js:87:23)
    at Console._write (/opt/homebrew/Cellar/firebase-cli/14.11.0/libexec/lib/node_modules/firebase-tools/node_modules/winston-transport/modern.js:103:17)
    at doWrite (/opt/homebrew/Cellar/firebase-cli/14.11.0/libexec/lib/node_modules/firebase-tools/node_modules/winston-transport/node_modules/readable-stream/lib/_stream_writable.js:390:139)
[error] 
[error] Error: An unexpected error has occurred.
[debug] [2026-07-03T10:44:03.235Z] Error: write EPIPE
    at afterWriteDispatched (node:internal/stream_base_commons:159:15)
    at writeGeneric (node:internal/stream_base_commons:150:3)
    at Socket._writeGeneric (node:net:1025:11)
    at Socket._write (node:net:1037:8)
    at writeOrBuffer (node:internal/streams/writable:570:12)
    at _write (node:internal/streams/writable:499:10)
    at Writable.write (node:internal/streams/writable:508:10)
    at Console.log (/opt/homebrew/Cellar/firebase-cli/14.11.0/libexec/lib/node_modules/firebase-tools/node_modules/winston/lib/winston/transports/console.js:87:23)
    at Console._write (/opt/homebrew/Cellar/firebase-cli/14.11.0/libexec/lib/node_modules/firebase-tools/node_modules/winston-transport/modern.js:103:17)
    at doWrite (/opt/homebrew/Cellar/firebase-cli/14.11.0/libexec/lib/node_modules/firebase-tools/node_modules/winston-transport/node_modules/readable-stream/lib/_stream_writable.js:390:139)
[error] 
[error] Error: An unexpected error has occurred.
[debug] [2026-07-03T10:44:03.236Z] Error: write EPIPE
    at afterWriteDispatched (node:internal/stream_base_commons:159:15)
    at writeGeneric (node:internal/stream_base_commons:150:3)
    at Socket._writeGeneric (node:net:1025:11)
    at Socket._write (node:net:1037:8)
    at writeOrBuffer (node:internal/streams/writable:570:12)
    at _write (node:internal/streams/writable:499:10)
    at Writable.write (node:internal/streams/writable:508:10)
    at Console.log (/opt/homebrew/Cellar/firebase-cli/14.11.0/libexec/lib/node_modules/firebase-tools/node_modules/winston/lib/winston/transports/console.js:87:23)
    at Console._write (/opt/homebrew/Cellar/firebase-cli/14.11.0/libexec/lib/node_modules/firebase-tools/node_modules/winston-transport/modern.js:103:17)
    at doWrite (/opt/homebrew/Cellar/firebase-cli/14.11.0/libexec/lib/node_modules/firebase-tools/node_modules/winston-transport/node_modules/readable-stream/lib/_stream_writable.js:390:139)
[error] 
[error] Error: An unexpected error has occurred.
[debug] [2026-07-03T10:44:03.237Z] Error: write EPIPE
    at afterWriteDispatched (node:internal/stream_base_commons:159:15)
    at writeGeneric (node:internal/stream_base_commons:150:3)
    at Socket._writeGeneric (node:net:1025:11)
    at Socket._write (node:net:1037:8)
    at writeOrBuffer (node:internal/streams/writable:570:12)
    at _write (node:internal/streams/writable:499:10)
    at Writable.write (node:internal/streams/writable:508:10)
    at Console.log (/opt/homebrew/Cellar/firebase-cli/14.11.0/libexec/lib/node_modules/firebase-tools/node_modules/winston/lib/winston/transports/console.js:87:23)
    at Console._write (/opt/homebrew/Cellar/firebase-cli/14.11.0/libexec/lib/node_modules/firebase-tools/node_modules/winston-transport/modern.js:103:17)
    at doWrite (/opt/homebrew/Cellar/firebase-cli/14.11.0/libexec/lib/node_modules/firebase-tools/node_modules/winston-transport/node_modules/readable-stream/lib/_stream_writable.js:390:139)
[error] 
[error] Error: An unexpected error has occurred.
[debug] [2026-07-03T10:44:03.237Z] Error: write EPIPE
    at afterWriteDispatched (node:internal/stream_base_commons:159:15)
    at writeGeneric (node:internal/stream_base_commons:150:3)
    at Socket._writeGeneric (node:net:1025:11)
    at Socket._write (node:net:1037:8)
    at writeOrBuffer (node:internal/streams/writable:570:12)
    at _write (node:internal/streams/writable:499:10)
    at Writable.write (node:internal/streams/writable:508:10)
    at Console.log (/opt/homebrew/Cellar/firebase-cli/14.11.0/libexec/lib/node_modules/firebase-tools/node_modules/winston/lib/winston/transports/console.js:87:23)
    at Console._write (/opt/homebrew/Cellar/firebase-cli/14.11.0/libexec/lib/node_modules/firebase-tools/node_modules/winston-transport/modern.js:103:17)
    at doWrite (/opt/homebrew/Cellar/firebase-cli/14.11.0/libexec/lib/node_modules/firebase-tools/node_modules/winston-transport/node_modules/readable-stream/lib/_stream_writable.js:390:139)
[error] 
[error] Error: An unexpected error has occurred.
[debug] [2026-07-03T10:44:03.237Z] Error: write EPIPE
    at afterWriteDispatched (node:internal/stream_base_commons:159:15)
    at writeGeneric (node:internal/stream_base_commons:150:3)
    at Socket._writeGeneric (node:net:1025:11)
    at Socket._write (node:net:1037:8)
    at writeOrBuffer (node:internal/streams/writable:570:12)
    at _write (node:internal/streams/writable:499:10)
    at Writable.write (node:internal/streams/writable:508:10)
    at Console.log (/opt/homebrew/Cellar/firebase-cli/14.11.0/libexec/lib/node_modules/firebase-tools/node_modules/winston/lib/winston/transports/console.js:87:23)
    at Console._write (/opt/homebrew/Cellar/firebase-cli/14.11.0/libexec/lib/node_modules/firebase-tools/node_modules/winston-transport/modern.js:103:17)
    at doWrite (/opt/homebrew/Cellar/firebase-cli/14.11.0/libexec/lib/node_modules/firebase-tools/node_modules/winston-transport/node_modules/readable-stream/lib/_stream_writable.js:390:139)
[error] 
[error] Error: An unexpected error has occurred.
[debug] [2026-07-03T10:44:03.237Z] Error: write EPIPE
    at afterWriteDispatched (node:internal/stream_base_commons:159:15)
    at writeGeneric (node:internal/stream_base_commons:150:3)
    at Socket._writeGeneric (node:net:1025:11)
    at Socket._write (node:net:1037:8)
    at writeOrBuffer (node:internal/streams/writable:570:12)
    at _write (node:internal/streams/writable:499:10)
    at Writable.write (node:internal/streams/writable:508:10)
    at Console.log (/opt/homebrew/Cellar/firebase-cli/14.11.0/libexec/lib/node_modules/firebase-tools/node_modules/winston/lib/winston/transports/console.js:87:23)
    at Console._write (/opt/homebrew/Cellar/firebase-cli/14.11.0/libexec/lib/node_modules/firebase-tools/node_modules/winston-transport/modern.js:103:17)
    at doWrite (/opt/homebrew/Cellar/firebase-cli/14.11.0/libexec/lib/node_modules/firebase-tools/node_modules/winston-transport/node_modules/readable-stream/lib/_stream_writable.js:390:139)
[error] 
[error] Error: An unexpected error has occurred.
[debug] [2026-07-03T10:44:03.237Z] Error: write EPIPE
    at afterWriteDispatched (node:internal/stream_base_commons:159:15)
    at writeGeneric (node:internal/stream_base_commons:150:3)
    at Socket._writeGeneric (node:net:1025:11)
    at Socket._write (node:net:1037:8)
    at writeOrBuffer (node:internal/streams/writable:570:12)
    at _write (node:internal/streams/writable:499:10)
    at Writable.write (node:internal/streams/writable:508:10)
    at Console.log (/opt/homebrew/Cellar/firebase-cli/14.11.0/libexec/lib/node_modules/firebase-tools/node_modules/winston/lib/winston/transports/console.js:87:23)
    at Console._write (/opt/homebrew/Cellar/firebase-cli/14.11.0/libexec/lib/node_modules/firebase-tools/node_modules/winston-transport/modern.js:103:17)
    at doWrite (/opt/homebrew/Cellar/firebase-cli/14.11.0/libexec/lib/node_modules/firebase-tools/node_modules/winston-transport/node_modules/readable-stream/lib/_stream_writable.js:390:139)
[error] 
[error] Error: An unexpected error has occurred.
[debug] [2026-07-03T10:44:03.237Z] Error: write EPIPE
    at afterWriteDispatched (node:internal/stream_base_commons:159:15)
    at writeGeneric (node:internal/stream_base_commons:150:3)
    at Socket._writeGeneric (node:net:1025:11)
    at Socket._write (node:net:1037:8)
    at writeOrBuffer (node:internal/streams/writable:570:12)
    at _write (node:internal/streams/writable:499:10)
    at Writable.write (node:internal/streams/writable:508:10)
    at Console.log (/opt/homebrew/Cellar/firebase-cli/14.11.0/libexec/lib/node_modules/firebase-tools/node_modules/winston/lib/winston/transports/console.js:87:23)
    at Console._write (/opt/homebrew/Cellar/firebase-cli/14.11.0/libexec/lib/node_modules/firebase-tools/node_modules/winston-transport/modern.js:103:17)
    at doWrite (/opt/homebrew/Cellar/firebase-cli/14.11.0/libexec/lib/node_modules/firebase-tools/node_modules/winston-transport/node_modules/readable-stream/lib/_stream_writable.js:390:139)
[error] 
[error] Error: An unexpected error has occurred.
[debug] [2026-07-03T10:44:03.237Z] Error: write EPIPE
    at afterWriteDispatched (node:internal/stream_base_commons:159:15)
    at writeGeneric (node:internal/stream_base_commons:150:3)
    at Socket._writeGeneric (node:net:1025:11)
    at Socket._write (node:net:1037:8)
    at writeOrBuffer (node:internal/streams/writable:570:12)
    at _write (node:internal/streams/writable:499:10)
    at Writable.write (node:internal/streams/writable:508:10)
    at Console.log (/opt/homebrew/Cellar/firebase-cli/14.11.0/libexec/lib/node_modules/firebase-tools/node_modules/winston/lib/winston/transports/console.js:87:23)
    at Console._write (/opt/homebrew/Cellar/firebase-cli/14.11.0/libexec/lib/node_modules/firebase-tools/node_modules/winston-transport/modern.js:103:17)
    at doWrite (/opt/homebrew/Cellar/firebase-cli/14.11.0/libexec/lib/node_modules/firebase-tools/node_modules/winston-transport/node_modules/readable-stream/lib/_stream_writable.js:390:139)
[error] 
[error] Error: An unexpected error has occurred.
[debug] [2026-07-03T10:44:03.238Z] Error: write EPIPE
    at afterWriteDispatched (node:internal/stream_base_commons:159:15)
    at writeGeneric (node:internal/stream_base_commons:150:3)
    at Socket._writeGeneric (node:net:1025:11)
    at Socket._write (node:net:1037:8)
    at writeOrBuffer (node:internal/streams/writable:570:12)
    at _write (node:internal/streams/writable:499:10)
    at Writable.write (node:internal/streams/writable:508:10)
    at Console.log (/opt/homebrew/Cellar/firebase-cli/14.11.0/libexec/lib/node_modules/firebase-tools/node_modules/winston/lib/winston/transports/console.js:87:23)
    at Console._write (/opt/homebrew/Cellar/firebase-cli/14.11.0/libexec/lib/node_modules/firebase-tools/node_modules/winston-transport/modern.js:103:17)
    at doWrite (/opt/homebrew/Cellar/firebase-cli/14.11.0/libexec/lib/node_modules/firebase-tools/node_modules/winston-transport/node_modules/readable-stream/lib/_stream_writable.js:390:139)
[error] 
[error] Error: An unexpected error has occurred.
[debug] [2026-07-03T10:44:03.238Z] Error: write EPIPE
    at afterWriteDispatched (node:internal/stream_base_commons:159:15)
    at writeGeneric (node:internal/stream_base_commons:150:3)
    at Socket._writeGeneric (node:net:1025:11)
    at Socket._write (node:net:1037:8)
    at writeOrBuffer (node:internal/streams/writable:570:12)
    at _write (node:internal/streams/writable:499:10)
    at Writable.write (node:internal/streams/writable:508:10)
    at Console.log (/opt/homebrew/Cellar/firebase-cli/14.11.0/libexec/lib/node_modules/firebase-tools/node_modules/winston/lib/winston/transports/console.js:87:23)
    at Console._write (/opt/homebrew/Cellar/firebase-cli/14.11.0/libexec/lib/node_modules/firebase-tools/node_modules/winston-transport/modern.js:103:17)
    at doWrite (/opt/homebrew/Cellar/firebase-cli/14.11.0/libexec/lib/node_modules/firebase-tools/node_modules/winston-transport/node_modules/readable-stream/lib/_stream_writable.js:390:139)
[error] 
[error] Error: An unexpected error has occurred.
[debug] [2026-07-03T10:44:03.238Z] Error: write EPIPE
    at afterWriteDispatched (node:internal/stream_base_commons:159:15)
    at writeGeneric (node:internal/stream_base_commons:150:3)
    at Socket._writeGeneric (node:net:1025:11)
    at Socket._write (node:net:1037:8)
    at writeOrBuffer (node:internal/streams/writable:570:12)
    at _write (node:internal/streams/writable:499:10)
    at Writable.write (node:internal/streams/writable:508:10)
    at Console.log (/opt/homebrew/Cellar/firebase-cli/14.11.0/libexec/lib/node_modules/firebase-tools/node_modules/winston/lib/winston/transports/console.js:87:23)
    at Console._write (/opt/homebrew/Cellar/firebase-cli/14.11.0/libexec/lib/node_modules/firebase-tools/node_modules/winston-transport/modern.js:103:17)
    at doWrite (/opt/homebrew/Cellar/firebase-cli/14.11.0/libexec/lib/node_modules/firebase-tools/node_modules/winston-transport/node_modules/readable-stream/lib/_stream_writable.js:390:139)
[error] 
[error] Error: An unexpected error has occurred.
[debug] [2026-07-03T10:44:03.238Z] Error: write EPIPE
    at afterWriteDispatched (node:internal/stream_base_commons:159:15)
    at writeGeneric (node:internal/stream_base_commons:150:3)
    at Socket._writeGeneric (node:net:1025:11)
    at Socket._write (node:net:1037:8)
    at writeOrBuffer (node:internal/streams/writable:570:12)
    at _write (node:internal/streams/writable:499:10)
    at Writable.write (node:internal/streams/writable:508:10)
    at Console.log (/opt/homebrew/Cellar/firebase-cli/14.11.0/libexec/lib/node_modules/firebase-tools/node_modules/winston/lib/winston/transports/console.js:87:23)
    at Console._write (/opt/homebrew/Cellar/firebase-cli/14.11.0/libexec/lib/node_modules/firebase-tools/node_modules/winston-transport/modern.js:103:17)
    at doWrite (/opt/homebrew/Cellar/firebase-cli/14.11.0/libexec/lib/node_modules/firebase-tools/node_modules/winston-transport/node_modules/readable-stream/lib/_stream_writable.js:390:139)
[error] 
[error] Error: An unexpected error has occurred.
[debug] [2026-07-03T10:44:03.239Z] Error: write EPIPE
    at afterWriteDispatched (node:internal/stream_base_commons:159:15)
    at writeGeneric (node:internal/stream_base_commons:150:3)
    at Socket._writeGeneric (node:net:1025:11)
    at Socket._write (node:net:1037:8)
    at writeOrBuffer (node:internal/streams/writable:570:12)
    at _write (node:internal/streams/writable:499:10)
    at Writable.write (node:internal/streams/writable:508:10)
    at Console.log (/opt/homebrew/Cellar/firebase-cli/14.11.0/libexec/lib/node_modules/firebase-tools/node_modules/winston/lib/winston/transports/console.js:87:23)
    at Console._write (/opt/homebrew/Cellar/firebase-cli/14.11.0/libexec/lib/node_modules/firebase-tools/node_modules/winston-transport/modern.js:103:17)
    at doWrite (/opt/homebrew/Cellar/firebase-cli/14.11.0/libexec/lib/node_modules/firebase-tools/node_modules/winston-transport/node_modules/readable-stream/lib/_stream_writable.js:390:139)
[error] 
[error] Error: An unexpected error has occurred.
[debug] [2026-07-03T10:44:03.239Z] Error: write EPIPE
    at afterWriteDispatched (node:internal/stream_base_commons:159:15)
    at writeGeneric (node:internal/stream_base_commons:150:3)
    at Socket._writeGeneric (node:net:1025:11)
    at Socket._write (node:net:1037:8)
    at writeOrBuffer (node:internal/streams/writable:570:12)
    at _write (node:internal/streams/writable:499:10)
    at Writable.write (node:internal/streams/writable:508:10)
    at Console.log (/opt/homebrew/Cellar/firebase-cli/14.11.0/libexec/lib/node_modules/firebase-tools/node_modules/winston/lib/winston/transports/console.js:87:23)
    at Console._write (/opt/homebrew/Cellar/firebase-cli/14.11.0/libexec/lib/node_modules/firebase-tools/node_modules/winston-transport/modern.js:103:17)
    at doWrite (/opt/homebrew/Cellar/firebase-cli/14.11.0/libexec/lib/node_modules/firebase-tools/node_modules/winston-transport/node_modules/readable-stream/lib/_stream_writable.js:390:139)
[error] 
[error] Error: An unexpected error has occurred.
[debug] [2026-07-03T10:44:03.240Z] Error: write EPIPE
    at afterWriteDispatched (node:internal/stream_base_commons:159:15)
    at writeGeneric (node:internal/stream_base_commons:150:3)
    at Socket._writeGeneric (node:net:1025:11)
    at Socket._write (node:net:1037:8)
    at writeOrBuffer (node:internal/streams/writable:570:12)
    at _write (node:internal/streams/writable:499:10)
    at Writable.write (node:internal/streams/writable:508:10)
    at Console.log (/opt/homebrew/Cellar/firebase-cli/14.11.0/libexec/lib/node_modules/firebase-tools/node_modules/winston/lib/winston/transports/console.js:87:23)
    at Console._write (/opt/homebrew/Cellar/firebase-cli/14.11.0/libexec/lib/node_modules/firebase-tools/node_modules/winston-transport/modern.js:103:17)
    at doWrite (/opt/homebrew/Cellar/firebase-cli/14.11.0/libexec/lib/node_modules/firebase-tools/node_modules/winston-transport/node_modules/readable-stream/lib/_stream_writable.js:390:139)
[error] 
[error] Error: An unexpected error has occurred.
[debug] [2026-07-03T10:44:03.240Z] Error: write EPIPE
    at afterWriteDispatched (node:internal/stream_base_commons:159:15)
    at writeGeneric (node:internal/stream_base_commons:150:3)
    at Socket._writeGeneric (node:net:1025:11)
    at Socket._write (node:net:1037:8)
    at writeOrBuffer (node:internal/streams/writable:570:12)
    at _write (node:internal/streams/writable:499:10)
    at Writable.write (node:internal/streams/writable:508:10)
    at Console.log (/opt/homebrew/Cellar/firebase-cli/14.11.0/libexec/lib/node_modules/firebase-tools/node_modules/winston/lib/winston/transports/console.js:87:23)
    at Console._write (/opt/homebrew/Cellar/firebase-cli/14.11.0/libexec/lib/node_modules/firebase-tools/node_modules/winston-transport/modern.js:103:17)
    at doWrite (/opt/homebrew/Cellar/firebase-cli/14.11.0/libexec/lib/node_modules/firebase-tools/node_modules/winston-transport/node_modules/readable-stream/lib/_stream_writable.js:390:139)
[error] 
[error] Error: An unexpected error has occurred.
[debug] [2026-07-03T10:44:03.240Z] Error: write EPIPE
    at afterWriteDispatched (node:internal/stream_base_commons:159:15)
    at writeGeneric (node:internal/stream_base_commons:150:3)
    at Socket._writeGeneric (node:net:1025:11)
    at Socket._write (node:net:1037:8)
    at writeOrBuffer (node:internal/streams/writable:570:12)
    at _write (node:internal/streams/writable:499:10)
    at Writable.write (node:internal/streams/writable:508:10)
    at Console.log (/opt/homebrew/Cellar/firebase-cli/14.11.0/libexec/lib/node_modules/firebase-tools/node_modules/winston/lib/winston/transports/console.js:87:23)
    at Console._write (/opt/homebrew/Cellar/firebase-cli/14.11.0/libexec/lib/node_modules/firebase-tools/node_modules/winston-transport/modern.js:103:17)
    at doWrite (/opt/homebrew/Cellar/firebase-cli/14.11.0/libexec/lib/node_modules/firebase-tools/node_modules/winston-transport/node_modules/readable-stream/lib/_stream_writable.js:390:139)
[error] 
[error] Error: An unexpected error has occurred.
[debug] [2026-07-03T10:44:03.241Z] Error: write EPIPE
    at afterWriteDispatched (node:internal/stream_base_commons:159:15)
    at writeGeneric (node:internal/stream_base_commons:150:3)
    at Socket._writeGeneric (node:net:1025:11)
    at Socket._write (node:net:1037:8)
    at writeOrBuffer (node:internal/streams/writable:570:12)
    at _write (node:internal/streams/writable:499:10)
    at Writable.write (node:internal/streams/writable:508:10)
    at Console.log (/opt/homebrew/Cellar/firebase-cli/14.11.0/libexec/lib/node_modules/firebase-tools/node_modules/winston/lib/winston/transports/console.js:87:23)
    at Console._write (/opt/homebrew/Cellar/firebase-cli/14.11.0/libexec/lib/node_modules/firebase-tools/node_modules/winston-transport/modern.js:103:17)
    at doWrite (/opt/homebrew/Cellar/firebase-cli/14.11.0/libexec/lib/node_modules/firebase-tools/node_modules/winston-transport/node_modules/readable-stream/lib/_stream_writable.js:390:139)
[error] 
[error] Error: An unexpected error has occurred.
[debug] [2026-07-03T10:44:03.241Z] Error: write EPIPE
    at afterWriteDispatched (node:internal/stream_base_commons:159:15)
    at writeGeneric (node:internal/stream_base_commons:150:3)
    at Socket._writeGeneric (node:net:1025:11)
    at Socket._write (node:net:1037:8)
    at writeOrBuffer (node:internal/streams/writable:570:12)
    at _write (node:internal/streams/writable:499:10)
    at Writable.write (node:internal/streams/writable:508:10)
    at Console.log (/opt/homebrew/Cellar/firebase-cli/14.11.0/libexec/lib/node_modules/firebase-tools/node_modules/winston/lib/winston/transports/console.js:87:23)
    at Console._write (/opt/homebrew/Cellar/firebase-cli/14.11.0/libexec/lib/node_modules/firebase-tools/node_modules/winston-transport/modern.js:103:17)
    at doWrite (/opt/homebrew/Cellar/firebase-cli/14.11.0/libexec/lib/node_modules/firebase-tools/node_modules/winston-transport/node_modules/readable-stream/lib/_stream_writable.js:390:139)
[error] 
[error] Error: An unexpected error has occurred.
[debug] [2026-07-03T10:44:03.242Z] Error: write EPIPE
    at afterWriteDispatched (node:internal/stream_base_commons:159:15)
    at writeGeneric (node:internal/stream_base_commons:150:3)
    at Socket._writeGeneric (node:net:1025:11)
    at Socket._write (node:net:1037:8)
    at writeOrBuffer (node:internal/streams/writable:570:12)
    at _write (node:internal/streams/writable:499:10)
    at Writable.write (node:internal/streams/writable:508:10)
    at Console.log (/opt/homebrew/Cellar/firebase-cli/14.11.0/libexec/lib/node_modules/firebase-tools/node_modules/winston/lib/winston/transports/console.js:87:23)
    at Console._write (/opt/homebrew/Cellar/firebase-cli/14.11.0/libexec/lib/node_modules/firebase-tools/node_modules/winston-transport/modern.js:103:17)
    at doWrite (/opt/homebrew/Cellar/firebase-cli/14.11.0/libexec/lib/node_modules/firebase-tools/node_modules/winston-transport/node_modules/readable-stream/lib/_stream_writable.js:390:139)
[error] 
[error] Error: An unexpected error has occurred.
[debug] [2026-07-03T10:44:03.242Z] Error: write EPIPE
    at afterWriteDispatched (node:internal/stream_base_commons:159:15)
    at writeGeneric (node:internal/stream_base_commons:150:3)
    at Socket._writeGeneric (node:net:1025:11)
    at Socket._write (node:net:1037:8)
    at writeOrBuffer (node:internal/streams/writable:570:12)
    at _write (node:internal/streams/writable:499:10)
    at Writable.write (node:internal/streams/writable:508:10)
    at Console.log (/opt/homebrew/Cellar/firebase-cli/14.11.0/libexec/lib/node_modules/firebase-tools/node_modules/winston/lib/winston/transports/console.js:87:23)
    at Console._write (/opt/homebrew/Cellar/firebase-cli/14.11.0/libexec/lib/node_modules/firebase-tools/node_modules/winston-transport/modern.js:103:17)
    at doWrite (/opt/homebrew/Cellar/firebase-cli/14.11.0/libexec/lib/node_modules/firebase-tools/node_modules/winston-transport/node_modules/readable-stream/lib/_stream_writable.js:390:139)
[error] 
[error] Error: An unexpected error has occurred.
[debug] [2026-07-03T10:44:03.242Z] Error: write EPIPE
    at afterWriteDispatched (node:internal/stream_base_commons:159:15)
    at writeGeneric (node:internal/stream_base_commons:150:3)
    at Socket._writeGeneric (node:net:1025:11)
    at Socket._write (node:net:1037:8)
    at writeOrBuffer (node:internal/streams/writable:570:12)
    at _write (node:internal/streams/writable:499:10)
    at Writable.write (node:internal/streams/writable:508:10)
    at Console.log (/opt/homebrew/Cellar/firebase-cli/14.11.0/libexec/lib/node_modules/firebase-tools/node_modules/winston/lib/winston/transports/console.js:87:23)
    at Console._write (/opt/homebrew/Cellar/firebase-cli/14.11.0/libexec/lib/node_modules/firebase-tools/node_modules/winston-transport/modern.js:103:17)
    at doWrite (/opt/homebrew/Cellar/firebase-cli/14.11.0/libexec/lib/node_modules/firebase-tools/node_modules/winston-transport/node_modules/readable-stream/lib/_stream_writable.js:390:139)
[error] 
[error] Error: An unexpected error has occurred.
[debug] [2026-07-03T10:44:03.243Z] Error: write EPIPE
    at afterWriteDispatched (node:internal/stream_base_commons:159:15)
    at writeGeneric (node:internal/stream_base_commons:150:3)
    at Socket._writeGeneric (node:net:1025:11)
    at Socket._write (node:net:1037:8)
    at writeOrBuffer (node:internal/streams/writable:570:12)
    at _write (node:internal/streams/writable:499:10)
    at Writable.write (node:internal/streams/writable:508:10)
    at Console.log (/opt/homebrew/Cellar/firebase-cli/14.11.0/libexec/lib/node_modules/firebase-tools/node_modules/winston/lib/winston/transports/console.js:87:23)
    at Console._write (/opt/homebrew/Cellar/firebase-cli/14.11.0/libexec/lib/node_modules/firebase-tools/node_modules/winston-transport/modern.js:103:17)
    at doWrite (/opt/homebrew/Cellar/firebase-cli/14.11.0/libexec/lib/node_modules/firebase-tools/node_modules/winston-transport/node_modules/readable-stream/lib/_stream_writable.js:390:139)
[error] 
[error] Error: An unexpected error has occurred.
[debug] [2026-07-03T10:44:03.243Z] Error: write EPIPE
    at afterWriteDispatched (node:internal/stream_base_commons:159:15)
    at writeGeneric (node:internal/stream_base_commons:150:3)
    at Socket._writeGeneric (node:net:1025:11)
    at Socket._write (node:net:1037:8)
    at writeOrBuffer (node:internal/streams/writable:570:12)
    at _write (node:internal/streams/writable:499:10)
    at Writable.write (node:internal/streams/writable:508:10)
    at Console.log (/opt/homebrew/Cellar/firebase-cli/14.11.0/libexec/lib/node_modules/firebase-tools/node_modules/winston/lib/winston/transports/console.js:87:23)
    at Console._write (/opt/homebrew/Cellar/firebase-cli/14.11.0/libexec/lib/node_modules/firebase-tools/node_modules/winston-transport/modern.js:103:17)
    at doWrite (/opt/homebrew/Cellar/firebase-cli/14.11.0/libexec/lib/node_modules/firebase-tools/node_modules/winston-transport/node_modules/readable-stream/lib/_stream_writable.js:390:139)
[error] 
[error] Error: An unexpected error has occurred.
[debug] [2026-07-03T10:44:03.243Z] Error: write EPIPE
    at afterWriteDispatched (node:internal/stream_base_commons:159:15)
    at writeGeneric (node:internal/stream_base_commons:150:3)
    at Socket._writeGeneric (node:net:1025:11)
    at Socket._write (node:net:1037:8)
    at writeOrBuffer (node:internal/streams/writable:570:12)
    at _write (node:internal/streams/writable:499:10)
    at Writable.write (node:internal/streams/writable:508:10)
    at Console.log (/opt/homebrew/Cellar/firebase-cli/14.11.0/libexec/lib/node_modules/firebase-tools/node_modules/winston/lib/winston/transports/console.js:87:23)
    at Console._write (/opt/homebrew/Cellar/firebase-cli/14.11.0/libexec/lib/node_modules/firebase-tools/node_modules/winston-transport/modern.js:103:17)
    at doWrite (/opt/homebrew/Cellar/firebase-cli/14.11.0/libexec/lib/node_modules/firebase-tools/node_modules/winston-transport/node_modules/readable-stream/lib/_stream_writable.js:390:139)
[error] 
[error] Error: An unexpected error has occurred.
[debug] [2026-07-03T10:44:03.243Z] Error: write EPIPE
    at afterWriteDispatched (node:internal/stream_base_commons:159:15)
    at writeGeneric (node:internal/stream_base_commons:150:3)
    at Socket._writeGeneric (node:net:1025:11)
    at Socket._write (node:net:1037:8)
    at writeOrBuffer (node:internal/streams/writable:570:12)
    at _write (node:internal/streams/writable:499:10)
    at Writable.write (node:internal/streams/writable:508:10)
    at Console.log (/opt/homebrew/Cellar/firebase-cli/14.11.0/libexec/lib/node_modules/firebase-tools/node_modules/winston/lib/winston/transports/console.js:87:23)
    at Console._write (/opt/homebrew/Cellar/firebase-cli/14.11.0/libexec/lib/node_modules/firebase-tools/node_modules/winston-transport/modern.js:103:17)
    at doWrite (/opt/homebrew/Cellar/firebase-cli/14.11.0/libexec/lib/node_modules/firebase-tools/node_modules/winston-transport/node_modules/readable-stream/lib/_stream_writable.js:390:139)
[error] 
[error] Error: An unexpected error has occurred.
[debug] [2026-07-03T10:44:03.243Z] Error: write EPIPE
    at afterWriteDispatched (node:internal/stream_base_commons:159:15)
    at writeGeneric (node:internal/stream_base_commons:150:3)
    at Socket._writeGeneric (node:net:1025:11)
    at Socket._write (node:net:1037:8)
    at writeOrBuffer (node:internal/streams/writable:570:12)
    at _write (node:internal/streams/writable:499:10)
    at Writable.write (node:internal/streams/writable:508:10)
    at Console.log (/opt/homebrew/Cellar/firebase-cli/14.11.0/libexec/lib/node_modules/firebase-tools/node_modules/winston/lib/winston/transports/console.js:87:23)
    at Console._write (/opt/homebrew/Cellar/firebase-cli/14.11.0/libexec/lib/node_modules/firebase-tools/node_modules/winston-transport/modern.js:103:17)
    at doWrite (/opt/homebrew/Cellar/firebase-cli/14.11.0/libexec/lib/node_modules/firebase-tools/node_modules/winston-transport/node_modules/readable-stream/lib/_stream_writable.js:390:139)
[error] 
[error] Error: An unexpected error has occurred.
[debug] [2026-07-03T10:44:03.243Z] Error: write EPIPE
    at afterWriteDispatched (node:internal/stream_base_commons:159:15)
    at writeGeneric (node:internal/stream_base_commons:150:3)
    at Socket._writeGeneric (node:net:1025:11)
    at Socket._write (node:net:1037:8)
    at writeOrBuffer (node:internal/streams/writable:570:12)
    at _write (node:internal/streams/writable:499:10)
    at Writable.write (node:internal/streams/writable:508:10)
    at Console.log (/opt/homebrew/Cellar/firebase-cli/14.11.0/libexec/lib/node_modules/firebase-tools/node_modules/winston/lib/winston/transports/console.js:87:23)
    at Console._write (/opt/homebrew/Cellar/firebase-cli/14.11.0/libexec/lib/node_modules/firebase-tools/node_modules/winston-transport/modern.js:103:17)
    at doWrite (/opt/homebrew/Cellar/firebase-cli/14.11.0/libexec/lib/node_modules/firebase-tools/node_modules/winston-transport/node_modules/readable-stream/lib/_stream_writable.js:390:139)
[error] 
[error] Error: An unexpected error has occurred.
[debug] [2026-07-03T10:44:03.244Z] Error: write EPIPE
    at afterWriteDispatched (node:internal/stream_base_commons:159:15)
    at writeGeneric (node:internal/stream_base_commons:150:3)
    at Socket._writeGeneric (node:net:1025:11)
    at Socket._write (node:net:1037:8)
    at writeOrBuffer (node:internal/streams/writable:570:12)
    at _write (node:internal/streams/writable:499:10)
    at Writable.write (node:internal/streams/writable:508:10)
    at Console.log (/opt/homebrew/Cellar/firebase-cli/14.11.0/libexec/lib/node_modules/firebase-tools/node_modules/winston/lib/winston/transports/console.js:87:23)
    at Console._write (/opt/homebrew/Cellar/firebase-cli/14.11.0/libexec/lib/node_modules/firebase-tools/node_modules/winston-transport/modern.js:103:17)
    at doWrite (/opt/homebrew/Cellar/firebase-cli/14.11.0/libexec/lib/node_modules/firebase-tools/node_modules/winston-transport/node_modules/readable-stream/lib/_stream_writable.js:390:139)
[error] 
[error] Error: An unexpected error has occurred.
[debug] [2026-07-03T10:44:03.244Z] Error: write EPIPE
    at afterWriteDispatched (node:internal/stream_base_commons:159:15)
    at writeGeneric (node:internal/stream_base_commons:150:3)
    at Socket._writeGeneric (node:net:1025:11)
    at Socket._write (node:net:1037:8)
    at writeOrBuffer (node:internal/streams/writable:570:12)
    at _write (node:internal/streams/writable:499:10)
    at Writable.write (node:internal/streams/writable:508:10)
    at Console.log (/opt/homebrew/Cellar/firebase-cli/14.11.0/libexec/lib/node_modules/firebase-tools/node_modules/winston/lib/winston/transports/console.js:87:23)
    at Console._write (/opt/homebrew/Cellar/firebase-cli/14.11.0/libexec/lib/node_modules/firebase-tools/node_modules/winston-transport/modern.js:103:17)
    at doWrite (/opt/homebrew/Cellar/firebase-cli/14.11.0/libexec/lib/node_modules/firebase-tools/node_modules/winston-transport/node_modules/readable-stream/lib/_stream_writable.js:390:139)
[error] 
[error] Error: An unexpected error has occurred.
[debug] [2026-07-03T10:44:03.245Z] Error: write EPIPE
    at afterWriteDispatched (node:internal/stream_base_commons:159:15)
    at writeGeneric (node:internal/stream_base_commons:150:3)
    at Socket._writeGeneric (node:net:1025:11)
    at Socket._write (node:net:1037:8)
    at writeOrBuffer (node:internal/streams/writable:570:12)
    at _write (node:internal/streams/writable:499:10)
    at Writable.write (node:internal/streams/writable:508:10)
    at Console.log (/opt/homebrew/Cellar/firebase-cli/14.11.0/libexec/lib/node_modules/firebase-tools/node_modules/winston/lib/winston/transports/console.js:87:23)
    at Console._write (/opt/homebrew/Cellar/firebase-cli/14.11.0/libexec/lib/node_modules/firebase-tools/node_modules/winston-transport/modern.js:103:17)
    at doWrite (/opt/homebrew/Cellar/firebase-cli/14.11.0/libexec/lib/node_modules/firebase-tools/node_modules/winston-transport/node_modules/readable-stream/lib/_stream_writable.js:390:139)
[error] 
[error] Error: An unexpected error has occurred.
[debug] [2026-07-03T10:44:03.245Z] Error: write EPIPE
    at afterWriteDispatched (node:internal/stream_base_commons:159:15)
    at writeGeneric (node:internal/stream_base_commons:150:3)
    at Socket._writeGeneric (node:net:1025:11)
    at Socket._write (node:net:1037:8)
    at writeOrBuffer (node:internal/streams/writable:570:12)
    at _write (node:internal/streams/writable:499:10)
    at Writable.write (node:internal/streams/writable:508:10)
    at Console.log (/opt/homebrew/Cellar/firebase-cli/14.11.0/libexec/lib/node_modules/firebase-tools/node_modules/winston/lib/winston/transports/console.js:87:23)
    at Console._write (/opt/homebrew/Cellar/firebase-cli/14.11.0/libexec/lib/node_modules/firebase-tools/node_modules/winston-transport/modern.js:103:17)
    at doWrite (/opt/homebrew/Cellar/firebase-cli/14.11.0/libexec/lib/node_modules/firebase-tools/node_modules/winston-transport/node_modules/readable-stream/lib/_stream_writable.js:390:139)
[error] 
[error] Error: An unexpected error has occurred.
[debug] [2026-07-03T10:44:03.248Z] Error: write EPIPE
    at afterWriteDispatched (node:internal/stream_base_commons:159:15)
    at writeGeneric (node:internal/stream_base_commons:150:3)
    at Socket._writeGeneric (node:net:1025:11)
    at Socket._write (node:net:1037:8)
    at writeOrBuffer (node:internal/streams/writable:570:12)
    at _write (node:internal/streams/writable:499:10)
    at Writable.write (node:internal/streams/writable:508:10)
    at Console.log (/opt/homebrew/Cellar/firebase-cli/14.11.0/libexec/lib/node_modules/firebase-tools/node_modules/winston/lib/winston/transports/console.js:87:23)
    at Console._write (/opt/homebrew/Cellar/firebase-cli/14.11.0/libexec/lib/node_modules/firebase-tools/node_modules/winston-transport/modern.js:103:17)
    at doWrite (/opt/homebrew/Cellar/firebase-cli/14.11.0/libexec/lib/node_modules/firebase-tools/node_modules/winston-transport/node_modules/readable-stream/lib/_stream_writable.js:390:139)
[error] 
[error] Error: An unexpected error has occurred.
[debug] [2026-07-03T10:44:03.248Z] Error: write EPIPE
    at afterWriteDispatched (node:internal/stream_base_commons:159:15)
    at writeGeneric (node:internal/stream_base_commons:150:3)
    at Socket._writeGeneric (node:net:1025:11)
    at Socket._write (node:net:1037:8)
    at writeOrBuffer (node:internal/streams/writable:570:12)
    at _write (node:internal/streams/writable:499:10)
    at Writable.write (node:internal/streams/writable:508:10)
    at Console.log (/opt/homebrew/Cellar/firebase-cli/14.11.0/libexec/lib/node_modules/firebase-tools/node_modules/winston/lib/winston/transports/console.js:87:23)
    at Console._write (/opt/homebrew/Cellar/firebase-cli/14.11.0/libexec/lib/node_modules/firebase-tools/node_modules/winston-transport/modern.js:103:17)
    at doWrite (/opt/homebrew/Cellar/firebase-cli/14.11.0/libexec/lib/node_modules/firebase-tools/node_modules/winston-transport/node_modules/readable-stream/lib/_stream_writable.js:390:139)
[error] 
[error] Error: An unexpected error has occurred.
[debug] [2026-07-03T10:44:03.248Z] Error: write EPIPE
    at afterWriteDispatched (node:internal/stream_base_commons:159:15)
    at writeGeneric (node:internal/stream_base_commons:150:3)
    at Socket._writeGeneric (node:net:1025:11)
    at Socket._write (node:net:1037:8)
    at writeOrBuffer (node:internal/streams/writable:570:12)
    at _write (node:internal/streams/writable:499:10)
    at Writable.write (node:internal/streams/writable:508:10)
    at Console.log (/opt/homebrew/Cellar/firebase-cli/14.11.0/libexec/lib/node_modules/firebase-tools/node_modules/winston/lib/winston/transports/console.js:87:23)
    at Console._write (/opt/homebrew/Cellar/firebase-cli/14.11.0/libexec/lib/node_modules/firebase-tools/node_modules/winston-transport/modern.js:103:17)
    at doWrite (/opt/homebrew/Cellar/firebase-cli/14.11.0/libexec/lib/node_modules/firebase-tools/node_modules/winston-transport/node_modules/readable-stream/lib/_stream_writable.js:390:139)
[error] 
[error] Error: An unexpected error has occurred.
[debug] [2026-07-03T10:44:03.248Z] Error: write EPIPE
    at afterWriteDispatched (node:internal/stream_base_commons:159:15)
    at writeGeneric (node:internal/stream_base_commons:150:3)
    at Socket._writeGeneric (node:net:1025:11)
    at Socket._write (node:net:1037:8)
    at writeOrBuffer (node:internal/streams/writable:570:12)
    at _write (node:internal/streams/writable:499:10)
    at Writable.write (node:internal/streams/writable:508:10)
    at Console.log (/opt/homebrew/Cellar/firebase-cli/14.11.0/libexec/lib/node_modules/firebase-tools/node_modules/winston/lib/winston/transports/console.js:87:23)
    at Console._write (/opt/homebrew/Cellar/firebase-cli/14.11.0/libexec/lib/node_modules/firebase-tools/node_modules/winston-transport/modern.js:103:17)
    at doWrite (/opt/homebrew/Cellar/firebase-cli/14.11.0/libexec/lib/node_modules/firebase-tools/node_modules/winston-transport/node_modules/readable-stream/lib/_stream_writable.js:390:139)
[error] 
[error] Error: An unexpected error has occurred.
[debug] [2026-07-03T10:44:03.248Z] Error: write EPIPE
    at afterWriteDispatched (node:internal/stream_base_commons:159:15)
    at writeGeneric (node:internal/stream_base_commons:150:3)
    at Socket._writeGeneric (node:net:1025:11)
    at Socket._write (node:net:1037:8)
    at writeOrBuffer (node:internal/streams/writable:570:12)
    at _write (node:internal/streams/writable:499:10)
    at Writable.write (node:internal/streams/writable:508:10)
    at Console.log (/opt/homebrew/Cellar/firebase-cli/14.11.0/libexec/lib/node_modules/firebase-tools/node_modules/winston/lib/winston/transports/console.js:87:23)
    at Console._write (/opt/homebrew/Cellar/firebase-cli/14.11.0/libexec/lib/node_modules/firebase-tools/node_modules/winston-transport/modern.js:103:17)
    at doWrite (/opt/homebrew/Cellar/firebase-cli/14.11.0/libexec/lib/node_modules/firebase-tools/node_modules/winston-transport/node_modules/readable-stream/lib/_stream_writable.js:390:139)
[error] 
[error] Error: An unexpected error has occurred.
[debug] [2026-07-03T10:44:03.248Z] Error: write EPIPE
    at afterWriteDispatched (node:internal/stream_base_commons:159:15)
    at writeGeneric (node:internal/stream_base_commons:150:3)
    at Socket._writeGeneric (node:net:1025:11)
    at Socket._write (node:net:1037:8)
    at writeOrBuffer (node:internal/streams/writable:570:12)
    at _write (node:internal/streams/writable:499:10)
    at Writable.write (node:internal/streams/writable:508:10)
    at Console.log (/opt/homebrew/Cellar/firebase-cli/14.11.0/libexec/lib/node_modules/firebase-tools/node_modules/winston/lib/winston/transports/console.js:87:23)
    at Console._write (/opt/homebrew/Cellar/firebase-cli/14.11.0/libexec/lib/node_modules/firebase-tools/node_modules/winston-transport/modern.js:103:17)
    at doWrite (/opt/homebrew/Cellar/firebase-cli/14.11.0/libexec/lib/node_modules/firebase-tools/node_modules/winston-transport/node_modules/readable-stream/lib/_stream_writable.js:390:139)
[error] 
[error] Error: An unexpected error has occurred.
[debug] [2026-07-03T10:44:03.249Z] Error: write EPIPE
    at afterWriteDispatched (node:internal/stream_base_commons:159:15)
    at writeGeneric (node:internal/stream_base_commons:150:3)
    at Socket._writeGeneric (node:net:1025:11)
    at Socket._write (node:net:1037:8)
    at writeOrBuffer (node:internal/streams/writable:570:12)
    at _write (node:internal/streams/writable:499:10)
    at Writable.write (node:internal/streams/writable:508:10)
    at Console.log (/opt/homebrew/Cellar/firebase-cli/14.11.0/libexec/lib/node_modules/firebase-tools/node_modules/winston/lib/winston/transports/console.js:87:23)
    at Console._write (/opt/homebrew/Cellar/firebase-cli/14.11.0/libexec/lib/node_modules/firebase-tools/node_modules/winston-transport/modern.js:103:17)
    at doWrite (/opt/homebrew/Cellar/firebase-cli/14.11.0/libexec/lib/node_modules/firebase-tools/node_modules/winston-transport/node_modules/readable-stream/lib/_stream_writable.js:390:139)
[error] 
[error] Error: An unexpected error has occurred.
[debug] [2026-07-03T10:44:03.249Z] Error: write EPIPE
    at afterWriteDispatched (node:internal/stream_base_commons:159:15)
    at writeGeneric (node:internal/stream_base_commons:150:3)
    at Socket._writeGeneric (node:net:1025:11)
    at Socket._write (node:net:1037:8)
    at writeOrBuffer (node:internal/streams/writable:570:12)
    at _write (node:internal/streams/writable:499:10)
    at Writable.write (node:internal/streams/writable:508:10)
    at Console.log (/opt/homebrew/Cellar/firebase-cli/14.11.0/libexec/lib/node_modules/firebase-tools/node_modules/winston/lib/winston/transports/console.js:87:23)
    at Console._write (/opt/homebrew/Cellar/firebase-cli/14.11.0/libexec/lib/node_modules/firebase-tools/node_modules/winston-transport/modern.js:103:17)
    at doWrite (/opt/homebrew/Cellar/firebase-cli/14.11.0/libexec/lib/node_modules/firebase-tools/node_modules/winston-transport/node_modules/readable-stream/lib/_stream_writable.js:390:139)
[error] 
[error] Error: An unexpected error has occurred.
[debug] [2026-07-03T10:44:03.249Z] Error: write EPIPE
    at afterWriteDispatched (node:internal/stream_base_commons:159:15)
    at writeGeneric (node:internal/stream_base_commons:150:3)
    at Socket._writeGeneric (node:net:1025:11)
    at Socket._write (node:net:1037:8)
    at writeOrBuffer (node:internal/streams/writable:570:12)
    at _write (node:internal/streams/writable:499:10)
    at Writable.write (node:internal/streams/writable:508:10)
    at Console.log (/opt/homebrew/Cellar/firebase-cli/14.11.0/libexec/lib/node_modules/firebase-tools/node_modules/winston/lib/winston/transports/console.js:87:23)
    at Console._write (/opt/homebrew/Cellar/firebase-cli/14.11.0/libexec/lib/node_modules/firebase-tools/node_modules/winston-transport/modern.js:103:17)
    at doWrite (/opt/homebrew/Cellar/firebase-cli/14.11.0/libexec/lib/node_modules/firebase-tools/node_modules/winston-transport/node_modules/readable-stream/lib/_stream_writable.js:390:139)
[error] 
[error] Error: An unexpected error has occurred.
[debug] [2026-07-03T10:44:03.249Z] Error: write EPIPE
    at afterWriteDispatched (node:internal/stream_base_commons:159:15)
    at writeGeneric (node:internal/stream_base_commons:150:3)
    at Socket._writeGeneric (node:net:1025:11)
    at Socket._write (node:net:1037:8)
    at writeOrBuffer (node:internal/streams/writable:570:12)
    at _write (node:internal/streams/writable:499:10)
    at Writable.write (node:internal/streams/writable:508:10)
    at Console.log (/opt/homebrew/Cellar/firebase-cli/14.11.0/libexec/lib/node_modules/firebase-tools/node_modules/winston/lib/winston/transports/console.js:87:23)
    at Console._write (/opt/homebrew/Cellar/firebase-cli/14.11.0/libexec/lib/node_modules/firebase-tools/node_modules/winston-transport/modern.js:103:17)
    at doWrite (/opt/homebrew/Cellar/firebase-cli/14.11.0/libexec/lib/node_modules/firebase-tools/node_modules/winston-transport/node_modules/readable-stream/lib/_stream_writable.js:390:139)
[error] 
[error] Error: An unexpected error has occurred.
[debug] [2026-07-03T10:44:03.249Z] *** shutting down gRPC server since JVM is shutting down
 {"metadata":{"emulator":{"name":"firestore"},"message":"*** shutting down gRPC server since JVM is shutting down\n"}}
[debug] [2026-07-03T10:44:03.249Z] Error: write EPIPE
    at afterWriteDispatched (node:internal/stream_base_commons:159:15)
    at writeGeneric (node:internal/stream_base_commons:150:3)
    at Socket._writeGeneric (node:net:1025:11)
    at Socket._write (node:net:1037:8)
    at writeOrBuffer (node:internal/streams/writable:570:12)
    at _write (node:internal/streams/writable:499:10)
    at Writable.write (node:internal/streams/writable:508:10)
    at Console.log (/opt/homebrew/Cellar/firebase-cli/14.11.0/libexec/lib/node_modules/firebase-tools/node_modules/winston/lib/winston/transports/console.js:87:23)
    at Console._write (/opt/homebrew/Cellar/firebase-cli/14.11.0/libexec/lib/node_modules/firebase-tools/node_modules/winston-transport/modern.js:103:17)
    at doWrite (/opt/homebrew/Cellar/firebase-cli/14.11.0/libexec/lib/node_modules/firebase-tools/node_modules/winston-transport/node_modules/readable-stream/lib/_stream_writable.js:390:139)
[error] 
[error] Error: An unexpected error has occurred.
[debug] [2026-07-03T10:44:03.249Z] Error: write EPIPE
    at afterWriteDispatched (node:internal/stream_base_commons:159:15)
    at writeGeneric (node:internal/stream_base_commons:150:3)
    at Socket._writeGeneric (node:net:1025:11)
    at Socket._write (node:net:1037:8)
    at writeOrBuffer (node:internal/streams/writable:570:12)
    at _write (node:internal/streams/writable:499:10)
    at Writable.write (node:internal/streams/writable:508:10)
    at Console.log (/opt/homebrew/Cellar/firebase-cli/14.11.0/libexec/lib/node_modules/firebase-tools/node_modules/winston/lib/winston/transports/console.js:87:23)
    at Console._write (/opt/homebrew/Cellar/firebase-cli/14.11.0/libexec/lib/node_modules/firebase-tools/node_modules/winston-transport/modern.js:103:17)
    at doWrite (/opt/homebrew/Cellar/firebase-cli/14.11.0/libexec/lib/node_modules/firebase-tools/node_modules/winston-transport/node_modules/readable-stream/lib/_stream_writable.js:390:139)
[error] 
[error] Error: An unexpected error has occurred.
[debug] [2026-07-03T10:44:03.249Z] Error: write EPIPE
    at afterWriteDispatched (node:internal/stream_base_commons:159:15)
    at writeGeneric (node:internal/stream_base_commons:150:3)
    at Socket._writeGeneric (node:net:1025:11)
    at Socket._write (node:net:1037:8)
    at writeOrBuffer (node:internal/streams/writable:570:12)
    at _write (node:internal/streams/writable:499:10)
    at Writable.write (node:internal/streams/writable:508:10)
    at Console.log (/opt/homebrew/Cellar/firebase-cli/14.11.0/libexec/lib/node_modules/firebase-tools/node_modules/winston/lib/winston/transports/console.js:87:23)
    at Console._write (/opt/homebrew/Cellar/firebase-cli/14.11.0/libexec/lib/node_modules/firebase-tools/node_modules/winston-transport/modern.js:103:17)
    at doWrite (/opt/homebrew/Cellar/firebase-cli/14.11.0/libexec/lib/node_modules/firebase-tools/node_modules/winston-transport/node_modules/readable-stream/lib/_stream_writable.js:390:139)
[error] 
[error] Error: An unexpected error has occurred.
[debug] [2026-07-03T10:44:03.249Z] Error: write EPIPE
    at afterWriteDispatched (node:internal/stream_base_commons:159:15)
    at writeGeneric (node:internal/stream_base_commons:150:3)
    at Socket._writeGeneric (node:net:1025:11)
    at Socket._write (node:net:1037:8)
    at writeOrBuffer (node:internal/streams/writable:570:12)
    at _write (node:internal/streams/writable:499:10)
    at Writable.write (node:internal/streams/writable:508:10)
    at Console.log (/opt/homebrew/Cellar/firebase-cli/14.11.0/libexec/lib/node_modules/firebase-tools/node_modules/winston/lib/winston/transports/console.js:87:23)
    at Console._write (/opt/homebrew/Cellar/firebase-cli/14.11.0/libexec/lib/node_modules/firebase-tools/node_modules/winston-transport/modern.js:103:17)
    at doWrite (/opt/homebrew/Cellar/firebase-cli/14.11.0/libexec/lib/node_modules/firebase-tools/node_modules/winston-transport/node_modules/readable-stream/lib/_stream_writable.js:390:139)
[error] 
[error] Error: An unexpected error has occurred.
[debug] [2026-07-03T10:44:03.249Z] Error: write EPIPE
    at afterWriteDispatched (node:internal/stream_base_commons:159:15)
    at writeGeneric (node:internal/stream_base_commons:150:3)
    at Socket._writeGeneric (node:net:1025:11)
    at Socket._write (node:net:1037:8)
    at writeOrBuffer (node:internal/streams/writable:570:12)
    at _write (node:internal/streams/writable:499:10)
    at Writable.write (node:internal/streams/writable:508:10)
    at Console.log (/opt/homebrew/Cellar/firebase-cli/14.11.0/libexec/lib/node_modules/firebase-tools/node_modules/winston/lib/winston/transports/console.js:87:23)
    at Console._write (/opt/homebrew/Cellar/firebase-cli/14.11.0/libexec/lib/node_modules/firebase-tools/node_modules/winston-transport/modern.js:103:17)
    at doWrite (/opt/homebrew/Cellar/firebase-cli/14.11.0/libexec/lib/node_modules/firebase-tools/node_modules/winston-transport/node_modules/readable-stream/lib/_stream_writable.js:390:139)
[error] 
[error] Error: An unexpected error has occurred.
[debug] [2026-07-03T10:44:03.249Z] Error: write EPIPE
    at afterWriteDispatched (node:internal/stream_base_commons:159:15)
    at writeGeneric (node:internal/stream_base_commons:150:3)
    at Socket._writeGeneric (node:net:1025:11)
    at Socket._write (node:net:1037:8)
    at writeOrBuffer (node:internal/streams/writable:570:12)
    at _write (node:internal/streams/writable:499:10)
    at Writable.write (node:internal/streams/writable:508:10)
    at Console.log (/opt/homebrew/Cellar/firebase-cli/14.11.0/libexec/lib/node_modules/firebase-tools/node_modules/winston/lib/winston/transports/console.js:87:23)
    at Console._write (/opt/homebrew/Cellar/firebase-cli/14.11.0/libexec/lib/node_modules/firebase-tools/node_modules/winston-transport/modern.js:103:17)
    at doWrite (/opt/homebrew/Cellar/firebase-cli/14.11.0/libexec/lib/node_modules/firebase-tools/node_modules/winston-transport/node_modules/readable-stream/lib/_stream_writable.js:390:139)
[error] 
[error] Error: An unexpected error has occurred.
[debug] [2026-07-03T10:44:03.250Z] Error: write EPIPE
    at afterWriteDispatched (node:internal/stream_base_commons:159:15)
    at writeGeneric (node:internal/stream_base_commons:150:3)
    at Socket._writeGeneric (node:net:1025:11)
    at Socket._write (node:net:1037:8)
    at writeOrBuffer (node:internal/streams/writable:570:12)
    at _write (node:internal/streams/writable:499:10)
    at Writable.write (node:internal/streams/writable:508:10)
    at Console.log (/opt/homebrew/Cellar/firebase-cli/14.11.0/libexec/lib/node_modules/firebase-tools/node_modules/winston/lib/winston/transports/console.js:87:23)
    at Console._write (/opt/homebrew/Cellar/firebase-cli/14.11.0/libexec/lib/node_modules/firebase-tools/node_modules/winston-transport/modern.js:103:17)
    at doWrite (/opt/homebrew/Cellar/firebase-cli/14.11.0/libexec/lib/node_modules/firebase-tools/node_modules/winston-transport/node_modules/readable-stream/lib/_stream_writable.js:390:139)
[error] 
[error] Error: An unexpected error has occurred.
[debug] [2026-07-03T10:44:03.250Z] Error: write EPIPE
    at afterWriteDispatched (node:internal/stream_base_commons:159:15)
    at writeGeneric (node:internal/stream_base_commons:150:3)
    at Socket._writeGeneric (node:net:1025:11)
    at Socket._write (node:net:1037:8)
    at writeOrBuffer (node:internal/streams/writable:570:12)
    at _write (node:internal/streams/writable:499:10)
    at Writable.write (node:internal/streams/writable:508:10)
    at Console.log (/opt/homebrew/Cellar/firebase-cli/14.11.0/libexec/lib/node_modules/firebase-tools/node_modules/winston/lib/winston/transports/console.js:87:23)
    at Console._write (/opt/homebrew/Cellar/firebase-cli/14.11.0/libexec/lib/node_modules/firebase-tools/node_modules/winston-transport/modern.js:103:17)
    at doWrite (/opt/homebrew/Cellar/firebase-cli/14.11.0/libexec/lib/node_modules/firebase-tools/node_modules/winston-transport/node_modules/readable-stream/lib/_stream_writable.js:390:139)
[error] 
[error] Error: An unexpected error has occurred.
[debug] [2026-07-03T10:44:03.250Z] Error: write EPIPE
    at afterWriteDispatched (node:internal/stream_base_commons:159:15)
    at writeGeneric (node:internal/stream_base_commons:150:3)
    at Socket._writeGeneric (node:net:1025:11)
    at Socket._write (node:net:1037:8)
    at writeOrBuffer (node:internal/streams/writable:570:12)
    at _write (node:internal/streams/writable:499:10)
    at Writable.write (node:internal/streams/writable:508:10)
    at Console.log (/opt/homebrew/Cellar/firebase-cli/14.11.0/libexec/lib/node_modules/firebase-tools/node_modules/winston/lib/winston/transports/console.js:87:23)
    at Console._write (/opt/homebrew/Cellar/firebase-cli/14.11.0/libexec/lib/node_modules/firebase-tools/node_modules/winston-transport/modern.js:103:17)
    at doWrite (/opt/homebrew/Cellar/firebase-cli/14.11.0/libexec/lib/node_modules/firebase-tools/node_modules/winston-transport/node_modules/readable-stream/lib/_stream_writable.js:390:139)
[error] 
[error] Error: An unexpected error has occurred.
[debug] [2026-07-03T10:44:03.250Z] Error: write EPIPE
    at afterWriteDispatched (node:internal/stream_base_commons:159:15)
    at writeGeneric (node:internal/stream_base_commons:150:3)
    at Socket._writeGeneric (node:net:1025:11)
    at Socket._write (node:net:1037:8)
    at writeOrBuffer (node:internal/streams/writable:570:12)
    at _write (node:internal/streams/writable:499:10)
    at Writable.write (node:internal/streams/writable:508:10)
    at Console.log (/opt/homebrew/Cellar/firebase-cli/14.11.0/libexec/lib/node_modules/firebase-tools/node_modules/winston/lib/winston/transports/console.js:87:23)
    at Console._write (/opt/homebrew/Cellar/firebase-cli/14.11.0/libexec/lib/node_modules/firebase-tools/node_modules/winston-transport/modern.js:103:17)
    at doWrite (/opt/homebrew/Cellar/firebase-cli/14.11.0/libexec/lib/node_modules/firebase-tools/node_modules/winston-transport/node_modules/readable-stream/lib/_stream_writable.js:390:139)
[error] 
[error] Error: An unexpected error has occurred.
[debug] [2026-07-03T10:44:03.250Z] Error: write EPIPE
    at afterWriteDispatched (node:internal/stream_base_commons:159:15)
    at writeGeneric (node:internal/stream_base_commons:150:3)
    at Socket._writeGeneric (node:net:1025:11)
    at Socket._write (node:net:1037:8)
    at writeOrBuffer (node:internal/streams/writable:570:12)
    at _write (node:internal/streams/writable:499:10)
    at Writable.write (node:internal/streams/writable:508:10)
    at Console.log (/opt/homebrew/Cellar/firebase-cli/14.11.0/libexec/lib/node_modules/firebase-tools/node_modules/winston/lib/winston/transports/console.js:87:23)
    at Console._write (/opt/homebrew/Cellar/firebase-cli/14.11.0/libexec/lib/node_modules/firebase-tools/node_modules/winston-transport/modern.js:103:17)
    at doWrite (/opt/homebrew/Cellar/firebase-cli/14.11.0/libexec/lib/node_modules/firebase-tools/node_modules/winston-transport/node_modules/readable-stream/lib/_stream_writable.js:390:139)
[error] 
[error] Error: An unexpected error has occurred.
[debug] [2026-07-03T10:44:03.250Z] Error: write EPIPE
    at afterWriteDispatched (node:internal/stream_base_commons:159:15)
    at writeGeneric (node:internal/stream_base_commons:150:3)
    at Socket._writeGeneric (node:net:1025:11)
    at Socket._write (node:net:1037:8)
    at writeOrBuffer (node:internal/streams/writable:570:12)
    at _write (node:internal/streams/writable:499:10)
    at Writable.write (node:internal/streams/writable:508:10)
    at Console.log (/opt/homebrew/Cellar/firebase-cli/14.11.0/libexec/lib/node_modules/firebase-tools/node_modules/winston/lib/winston/transports/console.js:87:23)
    at Console._write (/opt/homebrew/Cellar/firebase-cli/14.11.0/libexec/lib/node_modules/firebase-tools/node_modules/winston-transport/modern.js:103:17)
    at doWrite (/opt/homebrew/Cellar/firebase-cli/14.11.0/libexec/lib/node_modules/firebase-tools/node_modules/winston-transport/node_modules/readable-stream/lib/_stream_writable.js:390:139)
[error] 
[error] Error: An unexpected error has occurred.
[debug] [2026-07-03T10:44:03.250Z] Error: write EPIPE
    at afterWriteDispatched (node:internal/stream_base_commons:159:15)
    at writeGeneric (node:internal/stream_base_commons:150:3)
    at Socket._writeGeneric (node:net:1025:11)
    at Socket._write (node:net:1037:8)
    at writeOrBuffer (node:internal/streams/writable:570:12)
    at _write (node:internal/streams/writable:499:10)
    at Writable.write (node:internal/streams/writable:508:10)
    at Console.log (/opt/homebrew/Cellar/firebase-cli/14.11.0/libexec/lib/node_modules/firebase-tools/node_modules/winston/lib/winston/transports/console.js:87:23)
    at Console._write (/opt/homebrew/Cellar/firebase-cli/14.11.0/libexec/lib/node_modules/firebase-tools/node_modules/winston-transport/modern.js:103:17)
    at doWrite (/opt/homebrew/Cellar/firebase-cli/14.11.0/libexec/lib/node_modules/firebase-tools/node_modules/winston-transport/node_modules/readable-stream/lib/_stream_writable.js:390:139)
[error] 
[error] Error: An unexpected error has occurred.
[debug] [2026-07-03T10:44:03.250Z] Error: write EPIPE
    at afterWriteDispatched (node:internal/stream_base_commons:159:15)
    at writeGeneric (node:internal/stream_base_commons:150:3)
    at Socket._writeGeneric (node:net:1025:11)
    at Socket._write (node:net:1037:8)
    at writeOrBuffer (node:internal/streams/writable:570:12)
    at _write (node:internal/streams/writable:499:10)
    at Writable.write (node:internal/streams/writable:508:10)
    at Console.log (/opt/homebrew/Cellar/firebase-cli/14.11.0/libexec/lib/node_modules/firebase-tools/node_modules/winston/lib/winston/transports/console.js:87:23)
    at Console._write (/opt/homebrew/Cellar/firebase-cli/14.11.0/libexec/lib/node_modules/firebase-tools/node_modules/winston-transport/modern.js:103:17)
    at doWrite (/opt/homebrew/Cellar/firebase-cli/14.11.0/libexec/lib/node_modules/firebase-tools/node_modules/winston-transport/node_modules/readable-stream/lib/_stream_writable.js:390:139)
[error] 
[error] Error: An unexpected error has occurred.
[debug] [2026-07-03T10:44:03.250Z] Error: write EPIPE
    at afterWriteDispatched (node:internal/stream_base_commons:159:15)
    at writeGeneric (node:internal/stream_base_commons:150:3)
    at Socket._writeGeneric (node:net:1025:11)
    at Socket._write (node:net:1037:8)
    at writeOrBuffer (node:internal/streams/writable:570:12)
    at _write (node:internal/streams/writable:499:10)
    at Writable.write (node:internal/streams/writable:508:10)
    at Console.log (/opt/homebrew/Cellar/firebase-cli/14.11.0/libexec/lib/node_modules/firebase-tools/node_modules/winston/lib/winston/transports/console.js:87:23)
    at Console._write (/opt/homebrew/Cellar/firebase-cli/14.11.0/libexec/lib/node_modules/firebase-tools/node_modules/winston-transport/modern.js:103:17)
    at doWrite (/opt/homebrew/Cellar/firebase-cli/14.11.0/libexec/lib/node_modules/firebase-tools/node_modules/winston-transport/node_modules/readable-stream/lib/_stream_writable.js:390:139)
[error] 
[error] Error: An unexpected error has occurred.
[debug] [2026-07-03T10:44:03.250Z] Error: write EPIPE
    at afterWriteDispatched (node:internal/stream_base_commons:159:15)
    at writeGeneric (node:internal/stream_base_commons:150:3)
    at Socket._writeGeneric (node:net:1025:11)
    at Socket._write (node:net:1037:8)
    at writeOrBuffer (node:internal/streams/writable:570:12)
    at _write (node:internal/streams/writable:499:10)
    at Writable.write (node:internal/streams/writable:508:10)
    at Console.log (/opt/homebrew/Cellar/firebase-cli/14.11.0/libexec/lib/node_modules/firebase-tools/node_modules/winston/lib/winston/transports/console.js:87:23)
    at Console._write (/opt/homebrew/Cellar/firebase-cli/14.11.0/libexec/lib/node_modules/firebase-tools/node_modules/winston-transport/modern.js:103:17)
    at doWrite (/opt/homebrew/Cellar/firebase-cli/14.11.0/libexec/lib/node_modules/firebase-tools/node_modules/winston-transport/node_modules/readable-stream/lib/_stream_writable.js:390:139)
[error] 
[error] Error: An unexpected error has occurred.
[debug] [2026-07-03T10:44:03.250Z] Error: write EPIPE
    at afterWriteDispatched (node:internal/stream_base_commons:159:15)
    at writeGeneric (node:internal/stream_base_commons:150:3)
    at Socket._writeGeneric (node:net:1025:11)
    at Socket._write (node:net:1037:8)
    at writeOrBuffer (node:internal/streams/writable:570:12)
    at _write (node:internal/streams/writable:499:10)
    at Writable.write (node:internal/streams/writable:508:10)
    at Console.log (/opt/homebrew/Cellar/firebase-cli/14.11.0/libexec/lib/node_modules/firebase-tools/node_modules/winston/lib/winston/transports/console.js:87:23)
    at Console._write (/opt/homebrew/Cellar/firebase-cli/14.11.0/libexec/lib/node_modules/firebase-tools/node_modules/winston-transport/modern.js:103:17)
    at doWrite (/opt/homebrew/Cellar/firebase-cli/14.11.0/libexec/lib/node_modules/firebase-tools/node_modules/winston-transport/node_modules/readable-stream/lib/_stream_writable.js:390:139)
[error] 
[error] Error: An unexpected error has occurred.
[debug] [2026-07-03T10:44:03.251Z] Error: write EPIPE
    at afterWriteDispatched (node:internal/stream_base_commons:159:15)
    at writeGeneric (node:internal/stream_base_commons:150:3)
    at Socket._writeGeneric (node:net:1025:11)
    at Socket._write (node:net:1037:8)
    at writeOrBuffer (node:internal/streams/writable:570:12)
    at _write (node:internal/streams/writable:499:10)
    at Writable.write (node:internal/streams/writable:508:10)
    at Console.log (/opt/homebrew/Cellar/firebase-cli/14.11.0/libexec/lib/node_modules/firebase-tools/node_modules/winston/lib/winston/transports/console.js:87:23)
    at Console._write (/opt/homebrew/Cellar/firebase-cli/14.11.0/libexec/lib/node_modules/firebase-tools/node_modules/winston-transport/modern.js:103:17)
    at doWrite (/opt/homebrew/Cellar/firebase-cli/14.11.0/libexec/lib/node_modules/firebase-tools/node_modules/winston-transport/node_modules/readable-stream/lib/_stream_writable.js:390:139)
[error] 
[error] Error: An unexpected error has occurred.
[debug] [2026-07-03T10:44:03.251Z] Error: write EPIPE
    at afterWriteDispatched (node:internal/stream_base_commons:159:15)
    at writeGeneric (node:internal/stream_base_commons:150:3)
    at Socket._writeGeneric (node:net:1025:11)
    at Socket._write (node:net:1037:8)
    at writeOrBuffer (node:internal/streams/writable:570:12)
    at _write (node:internal/streams/writable:499:10)
    at Writable.write (node:internal/streams/writable:508:10)
    at Console.log (/opt/homebrew/Cellar/firebase-cli/14.11.0/libexec/lib/node_modules/firebase-tools/node_modules/winston/lib/winston/transports/console.js:87:23)
    at Console._write (/opt/homebrew/Cellar/firebase-cli/14.11.0/libexec/lib/node_modules/firebase-tools/node_modules/winston-transport/modern.js:103:17)
    at doWrite (/opt/homebrew/Cellar/firebase-cli/14.11.0/libexec/lib/node_modules/firebase-tools/node_modules/winston-transport/node_modules/readable-stream/lib/_stream_writable.js:390:139)
[error] 
[error] Error: An unexpected error has occurred.
[debug] [2026-07-03T10:44:03.251Z] Error: write EPIPE
    at afterWriteDispatched (node:internal/stream_base_commons:159:15)
    at writeGeneric (node:internal/stream_base_commons:150:3)
    at Socket._writeGeneric (node:net:1025:11)
    at Socket._write (node:net:1037:8)
    at writeOrBuffer (node:internal/streams/writable:570:12)
    at _write (node:internal/streams/writable:499:10)
    at Writable.write (node:internal/streams/writable:508:10)
    at Console.log (/opt/homebrew/Cellar/firebase-cli/14.11.0/libexec/lib/node_modules/firebase-tools/node_modules/winston/lib/winston/transports/console.js:87:23)
    at Console._write (/opt/homebrew/Cellar/firebase-cli/14.11.0/libexec/lib/node_modules/firebase-tools/node_modules/winston-transport/modern.js:103:17)
    at doWrite (/opt/homebrew/Cellar/firebase-cli/14.11.0/libexec/lib/node_modules/firebase-tools/node_modules/winston-transport/node_modules/readable-stream/lib/_stream_writable.js:390:139)
[error] 
[error] Error: An unexpected error has occurred.
[debug] [2026-07-03T10:44:03.251Z] Error: write EPIPE
    at afterWriteDispatched (node:internal/stream_base_commons:159:15)
    at writeGeneric (node:internal/stream_base_commons:150:3)
    at Socket._writeGeneric (node:net:1025:11)
    at Socket._write (node:net:1037:8)
    at writeOrBuffer (node:internal/streams/writable:570:12)
    at _write (node:internal/streams/writable:499:10)
    at Writable.write (node:internal/streams/writable:508:10)
    at Console.log (/opt/homebrew/Cellar/firebase-cli/14.11.0/libexec/lib/node_modules/firebase-tools/node_modules/winston/lib/winston/transports/console.js:87:23)
    at Console._write (/opt/homebrew/Cellar/firebase-cli/14.11.0/libexec/lib/node_modules/firebase-tools/node_modules/winston-transport/modern.js:103:17)
    at doWrite (/opt/homebrew/Cellar/firebase-cli/14.11.0/libexec/lib/node_modules/firebase-tools/node_modules/winston-transport/node_modules/readable-stream/lib/_stream_writable.js:390:139)
[error] 
[error] Error: An unexpected error has occurred.
[debug] [2026-07-03T10:44:03.251Z] Error: write EPIPE
    at afterWriteDispatched (node:internal/stream_base_commons:159:15)
    at writeGeneric (node:internal/stream_base_commons:150:3)
    at Socket._writeGeneric (node:net:1025:11)
    at Socket._write (node:net:1037:8)
    at writeOrBuffer (node:internal/streams/writable:570:12)
    at _write (node:internal/streams/writable:499:10)
    at Writable.write (node:internal/streams/writable:508:10)
    at Console.log (/opt/homebrew/Cellar/firebase-cli/14.11.0/libexec/lib/node_modules/firebase-tools/node_modules/winston/lib/winston/transports/console.js:87:23)
    at Console._write (/opt/homebrew/Cellar/firebase-cli/14.11.0/libexec/lib/node_modules/firebase-tools/node_modules/winston-transport/modern.js:103:17)
    at doWrite (/opt/homebrew/Cellar/firebase-cli/14.11.0/libexec/lib/node_modules/firebase-tools/node_modules/winston-transport/node_modules/readable-stream/lib/_stream_writable.js:390:139)
[error] 
[error] Error: An unexpected error has occurred.
[debug] [2026-07-03T10:44:03.251Z] Error: write EPIPE
    at afterWriteDispatched (node:internal/stream_base_commons:159:15)
    at writeGeneric (node:internal/stream_base_commons:150:3)
    at Socket._writeGeneric (node:net:1025:11)
    at Socket._write (node:net:1037:8)
    at writeOrBuffer (node:internal/streams/writable:570:12)
    at _write (node:internal/streams/writable:499:10)
    at Writable.write (node:internal/streams/writable:508:10)
    at Console.log (/opt/homebrew/Cellar/firebase-cli/14.11.0/libexec/lib/node_modules/firebase-tools/node_modules/winston/lib/winston/transports/console.js:87:23)
    at Console._write (/opt/homebrew/Cellar/firebase-cli/14.11.0/libexec/lib/node_modules/firebase-tools/node_modules/winston-transport/modern.js:103:17)
    at doWrite (/opt/homebrew/Cellar/firebase-cli/14.11.0/libexec/lib/node_modules/firebase-tools/node_modules/winston-transport/node_modules/readable-stream/lib/_stream_writable.js:390:139)
[error] 
[error] Error: An unexpected error has occurred.
[debug] [2026-07-03T10:44:03.251Z] Error: write EPIPE
    at afterWriteDispatched (node:internal/stream_base_commons:159:15)
    at writeGeneric (node:internal/stream_base_commons:150:3)
    at Socket._writeGeneric (node:net:1025:11)
    at Socket._write (node:net:1037:8)
    at writeOrBuffer (node:internal/streams/writable:570:12)
    at _write (node:internal/streams/writable:499:10)
    at Writable.write (node:internal/streams/writable:508:10)
    at Console.log (/opt/homebrew/Cellar/firebase-cli/14.11.0/libexec/lib/node_modules/firebase-tools/node_modules/winston/lib/winston/transports/console.js:87:23)
    at Console._write (/opt/homebrew/Cellar/firebase-cli/14.11.0/libexec/lib/node_modules/firebase-tools/node_modules/winston-transport/modern.js:103:17)
    at doWrite (/opt/homebrew/Cellar/firebase-cli/14.11.0/libexec/lib/node_modules/firebase-tools/node_modules/winston-transport/node_modules/readable-stream/lib/_stream_writable.js:390:139)
[error] 
[error] Error: An unexpected error has occurred.
[debug] [2026-07-03T10:44:03.251Z] Error: write EPIPE
    at afterWriteDispatched (node:internal/stream_base_commons:159:15)
    at writeGeneric (node:internal/stream_base_commons:150:3)
    at Socket._writeGeneric (node:net:1025:11)
    at Socket._write (node:net:1037:8)
    at writeOrBuffer (node:internal/streams/writable:570:12)
    at _write (node:internal/streams/writable:499:10)
    at Writable.write (node:internal/streams/writable:508:10)
    at Console.log (/opt/homebrew/Cellar/firebase-cli/14.11.0/libexec/lib/node_modules/firebase-tools/node_modules/winston/lib/winston/transports/console.js:87:23)
    at Console._write (/opt/homebrew/Cellar/firebase-cli/14.11.0/libexec/lib/node_modules/firebase-tools/node_modules/winston-transport/modern.js:103:17)
    at doWrite (/opt/homebrew/Cellar/firebase-cli/14.11.0/libexec/lib/node_modules/firebase-tools/node_modules/winston-transport/node_modules/readable-stream/lib/_stream_writable.js:390:139)
[error] 
[error] Error: An unexpected error has occurred.
[debug] [2026-07-03T10:44:03.252Z] Error: write EPIPE
    at afterWriteDispatched (node:internal/stream_base_commons:159:15)
    at writeGeneric (node:internal/stream_base_commons:150:3)
    at Socket._writeGeneric (node:net:1025:11)
    at Socket._write (node:net:1037:8)
    at writeOrBuffer (node:internal/streams/writable:570:12)
    at _write (node:internal/streams/writable:499:10)
    at Writable.write (node:internal/streams/writable:508:10)
    at Console.log (/opt/homebrew/Cellar/firebase-cli/14.11.0/libexec/lib/node_modules/firebase-tools/node_modules/winston/lib/winston/transports/console.js:87:23)
    at Console._write (/opt/homebrew/Cellar/firebase-cli/14.11.0/libexec/lib/node_modules/firebase-tools/node_modules/winston-transport/modern.js:103:17)
    at doWrite (/opt/homebrew/Cellar/firebase-cli/14.11.0/libexec/lib/node_modules/firebase-tools/node_modules/winston-transport/node_modules/readable-stream/lib/_stream_writable.js:390:139)
[error] 
[error] Error: An unexpected error has occurred.
[debug] [2026-07-03T10:44:03.252Z] Error: write EPIPE
    at afterWriteDispatched (node:internal/stream_base_commons:159:15)
    at writeGeneric (node:internal/stream_base_commons:150:3)
    at Socket._writeGeneric (node:net:1025:11)
    at Socket._write (node:net:1037:8)
    at writeOrBuffer (node:internal/streams/writable:570:12)
    at _write (node:internal/streams/writable:499:10)
    at Writable.write (node:internal/streams/writable:508:10)
    at Console.log (/opt/homebrew/Cellar/firebase-cli/14.11.0/libexec/lib/node_modules/firebase-tools/node_modules/winston/lib/winston/transports/console.js:87:23)
    at Console._write (/opt/homebrew/Cellar/firebase-cli/14.11.0/libexec/lib/node_modules/firebase-tools/node_modules/winston-transport/modern.js:103:17)
    at doWrite (/opt/homebrew/Cellar/firebase-cli/14.11.0/libexec/lib/node_modules/firebase-tools/node_modules/winston-transport/node_modules/readable-stream/lib/_stream_writable.js:390:139)
[error] 
[error] Error: An unexpected error has occurred.
[debug] [2026-07-03T10:44:03.252Z] Error: write EPIPE
    at afterWriteDispatched (node:internal/stream_base_commons:159:15)
    at writeGeneric (node:internal/stream_base_commons:150:3)
    at Socket._writeGeneric (node:net:1025:11)
    at Socket._write (node:net:1037:8)
    at writeOrBuffer (node:internal/streams/writable:570:12)
    at _write (node:internal/streams/writable:499:10)
    at Writable.write (node:internal/streams/writable:508:10)
    at Console.log (/opt/homebrew/Cellar/firebase-cli/14.11.0/libexec/lib/node_modules/firebase-tools/node_modules/winston/lib/winston/transports/console.js:87:23)
    at Console._write (/opt/homebrew/Cellar/firebase-cli/14.11.0/libexec/lib/node_modules/firebase-tools/node_modules/winston-transport/modern.js:103:17)
    at doWrite (/opt/homebrew/Cellar/firebase-cli/14.11.0/libexec/lib/node_modules/firebase-tools/node_modules/winston-transport/node_modules/readable-stream/lib/_stream_writable.js:390:139)
[error] 
[error] Error: An unexpected error has occurred.
[debug] [2026-07-03T10:44:03.252Z] Error: write EPIPE
    at afterWriteDispatched (node:internal/stream_base_commons:159:15)
    at writeGeneric (node:internal/stream_base_commons:150:3)
    at Socket._writeGeneric (node:net:1025:11)
    at Socket._write (node:net:1037:8)
    at writeOrBuffer (node:internal/streams/writable:570:12)
    at _write (node:internal/streams/writable:499:10)
    at Writable.write (node:internal/streams/writable:508:10)
    at Console.log (/opt/homebrew/Cellar/firebase-cli/14.11.0/libexec/lib/node_modules/firebase-tools/node_modules/winston/lib/winston/transports/console.js:87:23)
    at Console._write (/opt/homebrew/Cellar/firebase-cli/14.11.0/libexec/lib/node_modules/firebase-tools/node_modules/winston-transport/modern.js:103:17)
    at doWrite (/opt/homebrew/Cellar/firebase-cli/14.11.0/libexec/lib/node_modules/firebase-tools/node_modules/winston-transport/node_modules/readable-stream/lib/_stream_writable.js:390:139)
[error] 
[error] Error: An unexpected error has occurred.
[debug] [2026-07-03T10:44:03.253Z] Error: write EPIPE
    at afterWriteDispatched (node:internal/stream_base_commons:159:15)
    at writeGeneric (node:internal/stream_base_commons:150:3)
    at Socket._writeGeneric (node:net:1025:11)
    at Socket._write (node:net:1037:8)
    at writeOrBuffer (node:internal/streams/writable:570:12)
    at _write (node:internal/streams/writable:499:10)
    at Writable.write (node:internal/streams/writable:508:10)
    at Console.log (/opt/homebrew/Cellar/firebase-cli/14.11.0/libexec/lib/node_modules/firebase-tools/node_modules/winston/lib/winston/transports/console.js:87:23)
    at Console._write (/opt/homebrew/Cellar/firebase-cli/14.11.0/libexec/lib/node_modules/firebase-tools/node_modules/winston-transport/modern.js:103:17)
    at doWrite (/opt/homebrew/Cellar/firebase-cli/14.11.0/libexec/lib/node_modules/firebase-tools/node_modules/winston-transport/node_modules/readable-stream/lib/_stream_writable.js:390:139)
[error] 
[error] Error: An unexpected error has occurred.
[debug] [2026-07-03T10:44:03.253Z] Error: write EPIPE
    at afterWriteDispatched (node:internal/stream_base_commons:159:15)
    at writeGeneric (node:internal/stream_base_commons:150:3)
    at Socket._writeGeneric (node:net:1025:11)
    at Socket._write (node:net:1037:8)
    at writeOrBuffer (node:internal/streams/writable:570:12)
    at _write (node:internal/streams/writable:499:10)
    at Writable.write (node:internal/streams/writable:508:10)
    at Console.log (/opt/homebrew/Cellar/firebase-cli/14.11.0/libexec/lib/node_modules/firebase-tools/node_modules/winston/lib/winston/transports/console.js:87:23)
    at Console._write (/opt/homebrew/Cellar/firebase-cli/14.11.0/libexec/lib/node_modules/firebase-tools/node_modules/winston-transport/modern.js:103:17)
    at doWrite (/opt/homebrew/Cellar/firebase-cli/14.11.0/libexec/lib/node_modules/firebase-tools/node_modules/winston-transport/node_modules/readable-stream/lib/_stream_writable.js:390:139)
[error] 
[error] Error: An unexpected error has occurred.
[debug] [2026-07-03T10:44:03.253Z] Error: write EPIPE
    at afterWriteDispatched (node:internal/stream_base_commons:159:15)
    at writeGeneric (node:internal/stream_base_commons:150:3)
    at Socket._writeGeneric (node:net:1025:11)
    at Socket._write (node:net:1037:8)
    at writeOrBuffer (node:internal/streams/writable:570:12)
    at _write (node:internal/streams/writable:499:10)
    at Writable.write (node:internal/streams/writable:508:10)
    at Console.log (/opt/homebrew/Cellar/firebase-cli/14.11.0/libexec/lib/node_modules/firebase-tools/node_modules/winston/lib/winston/transports/console.js:87:23)
    at Console._write (/opt/homebrew/Cellar/firebase-cli/14.11.0/libexec/lib/node_modules/firebase-tools/node_modules/winston-transport/modern.js:103:17)
    at doWrite (/opt/homebrew/Cellar/firebase-cli/14.11.0/libexec/lib/node_modules/firebase-tools/node_modules/winston-transport/node_modules/readable-stream/lib/_stream_writable.js:390:139)
[error] 
[error] Error: An unexpected error has occurred.
[debug] [2026-07-03T10:44:03.253Z] Error: write EPIPE
    at afterWriteDispatched (node:internal/stream_base_commons:159:15)
    at writeGeneric (node:internal/stream_base_commons:150:3)
    at Socket._writeGeneric (node:net:1025:11)
    at Socket._write (node:net:1037:8)
    at writeOrBuffer (node:internal/streams/writable:570:12)
    at _write (node:internal/streams/writable:499:10)
    at Writable.write (node:internal/streams/writable:508:10)
    at Console.log (/opt/homebrew/Cellar/firebase-cli/14.11.0/libexec/lib/node_modules/firebase-tools/node_modules/winston/lib/winston/transports/console.js:87:23)
    at Console._write (/opt/homebrew/Cellar/firebase-cli/14.11.0/libexec/lib/node_modules/firebase-tools/node_modules/winston-transport/modern.js:103:17)
    at doWrite (/opt/homebrew/Cellar/firebase-cli/14.11.0/libexec/lib/node_modules/firebase-tools/node_modules/winston-transport/node_modules/readable-stream/lib/_stream_writable.js:390:139)
[error] 
[error] Error: An unexpected error has occurred.
[debug] [2026-07-03T10:44:03.253Z] Error: write EPIPE
    at afterWriteDispatched (node:internal/stream_base_commons:159:15)
    at writeGeneric (node:internal/stream_base_commons:150:3)
    at Socket._writeGeneric (node:net:1025:11)
    at Socket._write (node:net:1037:8)
    at writeOrBuffer (node:internal/streams/writable:570:12)
    at _write (node:internal/streams/writable:499:10)
    at Writable.write (node:internal/streams/writable:508:10)
    at Console.log (/opt/homebrew/Cellar/firebase-cli/14.11.0/libexec/lib/node_modules/firebase-tools/node_modules/winston/lib/winston/transports/console.js:87:23)
    at Console._write (/opt/homebrew/Cellar/firebase-cli/14.11.0/libexec/lib/node_modules/firebase-tools/node_modules/winston-transport/modern.js:103:17)
    at doWrite (/opt/homebrew/Cellar/firebase-cli/14.11.0/libexec/lib/node_modules/firebase-tools/node_modules/winston-transport/node_modules/readable-stream/lib/_stream_writable.js:390:139)
[error] 
[error] Error: An unexpected error has occurred.
[debug] [2026-07-03T10:44:03.253Z] Error: write EPIPE
    at afterWriteDispatched (node:internal/stream_base_commons:159:15)
    at writeGeneric (node:internal/stream_base_commons:150:3)
    at Socket._writeGeneric (node:net:1025:11)
    at Socket._write (node:net:1037:8)
    at writeOrBuffer (node:internal/streams/writable:570:12)
    at _write (node:internal/streams/writable:499:10)
    at Writable.write (node:internal/streams/writable:508:10)
    at Console.log (/opt/homebrew/Cellar/firebase-cli/14.11.0/libexec/lib/node_modules/firebase-tools/node_modules/winston/lib/winston/transports/console.js:87:23)
    at Console._write (/opt/homebrew/Cellar/firebase-cli/14.11.0/libexec/lib/node_modules/firebase-tools/node_modules/winston-transport/modern.js:103:17)
    at doWrite (/opt/homebrew/Cellar/firebase-cli/14.11.0/libexec/lib/node_modules/firebase-tools/node_modules/winston-transport/node_modules/readable-stream/lib/_stream_writable.js:390:139)
[error] 
[error] Error: An unexpected error has occurred.
[debug] [2026-07-03T10:44:03.253Z] Error: write EPIPE
    at afterWriteDispatched (node:internal/stream_base_commons:159:15)
    at writeGeneric (node:internal/stream_base_commons:150:3)
    at Socket._writeGeneric (node:net:1025:11)
    at Socket._write (node:net:1037:8)
    at writeOrBuffer (node:internal/streams/writable:570:12)
    at _write (node:internal/streams/writable:499:10)
    at Writable.write (node:internal/streams/writable:508:10)
    at Console.log (/opt/homebrew/Cellar/firebase-cli/14.11.0/libexec/lib/node_modules/firebase-tools/node_modules/winston/lib/winston/transports/console.js:87:23)
    at Console._write (/opt/homebrew/Cellar/firebase-cli/14.11.0/libexec/lib/node_modules/firebase-tools/node_modules/winston-transport/modern.js:103:17)
    at doWrite (/opt/homebrew/Cellar/firebase-cli/14.11.0/libexec/lib/node_modules/firebase-tools/node_modules/winston-transport/node_modules/readable-stream/lib/_stream_writable.js:390:139)
[error] 
[error] Error: An unexpected error has occurred.
[debug] [2026-07-03T10:44:03.253Z] Error: write EPIPE
    at afterWriteDispatched (node:internal/stream_base_commons:159:15)
    at writeGeneric (node:internal/stream_base_commons:150:3)
    at Socket._writeGeneric (node:net:1025:11)
    at Socket._write (node:net:1037:8)
    at writeOrBuffer (node:internal/streams/writable:570:12)
    at _write (node:internal/streams/writable:499:10)
    at Writable.write (node:internal/streams/writable:508:10)
    at Console.log (/opt/homebrew/Cellar/firebase-cli/14.11.0/libexec/lib/node_modules/firebase-tools/node_modules/winston/lib/winston/transports/console.js:87:23)
    at Console._write (/opt/homebrew/Cellar/firebase-cli/14.11.0/libexec/lib/node_modules/firebase-tools/node_modules/winston-transport/modern.js:103:17)
    at doWrite (/opt/homebrew/Cellar/firebase-cli/14.11.0/libexec/lib/node_modules/firebase-tools/node_modules/winston-transport/node_modules/readable-stream/lib/_stream_writable.js:390:139)
[error] 
[error] Error: An unexpected error has occurred.
[debug] [2026-07-03T10:44:03.253Z] Error: write EPIPE
    at afterWriteDispatched (node:internal/stream_base_commons:159:15)
    at writeGeneric (node:internal/stream_base_commons:150:3)
    at Socket._writeGeneric (node:net:1025:11)
    at Socket._write (node:net:1037:8)
    at writeOrBuffer (node:internal/streams/writable:570:12)
    at _write (node:internal/streams/writable:499:10)
    at Writable.write (node:internal/streams/writable:508:10)
    at Console.log (/opt/homebrew/Cellar/firebase-cli/14.11.0/libexec/lib/node_modules/firebase-tools/node_modules/winston/lib/winston/transports/console.js:87:23)
    at Console._write (/opt/homebrew/Cellar/firebase-cli/14.11.0/libexec/lib/node_modules/firebase-tools/node_modules/winston-transport/modern.js:103:17)
    at doWrite (/opt/homebrew/Cellar/firebase-cli/14.11.0/libexec/lib/node_modules/firebase-tools/node_modules/winston-transport/node_modules/readable-stream/lib/_stream_writable.js:390:139)
[error] 
[error] Error: An unexpected error has occurred.
[debug] [2026-07-03T10:44:03.253Z] Error: write EPIPE
    at afterWriteDispatched (node:internal/stream_base_commons:159:15)
    at writeGeneric (node:internal/stream_base_commons:150:3)
    at Socket._writeGeneric (node:net:1025:11)
    at Socket._write (node:net:1037:8)
    at writeOrBuffer (node:internal/streams/writable:570:12)
    at _write (node:internal/streams/writable:499:10)
    at Writable.write (node:internal/streams/writable:508:10)
    at Console.log (/opt/homebrew/Cellar/firebase-cli/14.11.0/libexec/lib/node_modules/firebase-tools/node_modules/winston/lib/winston/transports/console.js:87:23)
    at Console._write (/opt/homebrew/Cellar/firebase-cli/14.11.0/libexec/lib/node_modules/firebase-tools/node_modules/winston-transport/modern.js:103:17)
    at doWrite (/opt/homebrew/Cellar/firebase-cli/14.11.0/libexec/lib/node_modules/firebase-tools/node_modules/winston-transport/node_modules/readable-stream/lib/_stream_writable.js:390:139)
[error] 
[error] Error: An unexpected error has occurred.
[debug] [2026-07-03T10:44:03.253Z] Error: write EPIPE
    at afterWriteDispatched (node:internal/stream_base_commons:159:15)
    at writeGeneric (node:internal/stream_base_commons:150:3)
    at Socket._writeGeneric (node:net:1025:11)
    at Socket._write (node:net:1037:8)
    at writeOrBuffer (node:internal/streams/writable:570:12)
    at _write (node:internal/streams/writable:499:10)
    at Writable.write (node:internal/streams/writable:508:10)
    at Console.log (/opt/homebrew/Cellar/firebase-cli/14.11.0/libexec/lib/node_modules/firebase-tools/node_modules/winston/lib/winston/transports/console.js:87:23)
    at Console._write (/opt/homebrew/Cellar/firebase-cli/14.11.0/libexec/lib/node_modules/firebase-tools/node_modules/winston-transport/modern.js:103:17)
    at doWrite (/opt/homebrew/Cellar/firebase-cli/14.11.0/libexec/lib/node_modules/firebase-tools/node_modules/winston-transport/node_modules/readable-stream/lib/_stream_writable.js:390:139)
[error] 
[error] Error: An unexpected error has occurred.
[debug] [2026-07-03T10:44:03.253Z] Error: write EPIPE
    at afterWriteDispatched (node:internal/stream_base_commons:159:15)
    at writeGeneric (node:internal/stream_base_commons:150:3)
    at Socket._writeGeneric (node:net:1025:11)
    at Socket._write (node:net:1037:8)
    at writeOrBuffer (node:internal/streams/writable:570:12)
    at _write (node:internal/streams/writable:499:10)
    at Writable.write (node:internal/streams/writable:508:10)
    at Console.log (/opt/homebrew/Cellar/firebase-cli/14.11.0/libexec/lib/node_modules/firebase-tools/node_modules/winston/lib/winston/transports/console.js:87:23)
    at Console._write (/opt/homebrew/Cellar/firebase-cli/14.11.0/libexec/lib/node_modules/firebase-tools/node_modules/winston-transport/modern.js:103:17)
    at doWrite (/opt/homebrew/Cellar/firebase-cli/14.11.0/libexec/lib/node_modules/firebase-tools/node_modules/winston-transport/node_modules/readable-stream/lib/_stream_writable.js:390:139)
[error] 
[error] Error: An unexpected error has occurred.
[debug] [2026-07-03T10:44:03.253Z] Error: write EPIPE
    at afterWriteDispatched (node:internal/stream_base_commons:159:15)
    at writeGeneric (node:internal/stream_base_commons:150:3)
    at Socket._writeGeneric (node:net:1025:11)
    at Socket._write (node:net:1037:8)
    at writeOrBuffer (node:internal/streams/writable:570:12)
    at _write (node:internal/streams/writable:499:10)
    at Writable.write (node:internal/streams/writable:508:10)
    at Console.log (/opt/homebrew/Cellar/firebase-cli/14.11.0/libexec/lib/node_modules/firebase-tools/node_modules/winston/lib/winston/transports/console.js:87:23)
    at Console._write (/opt/homebrew/Cellar/firebase-cli/14.11.0/libexec/lib/node_modules/firebase-tools/node_modules/winston-transport/modern.js:103:17)
    at doWrite (/opt/homebrew/Cellar/firebase-cli/14.11.0/libexec/lib/node_modules/firebase-tools/node_modules/winston-transport/node_modules/readable-stream/lib/_stream_writable.js:390:139)
[error] 
[error] Error: An unexpected error has occurred.
[debug] [2026-07-03T10:44:03.254Z] Error: write EPIPE
    at afterWriteDispatched (node:internal/stream_base_commons:159:15)
    at writeGeneric (node:internal/stream_base_commons:150:3)
    at Socket._writeGeneric (node:net:1025:11)
    at Socket._write (node:net:1037:8)
    at writeOrBuffer (node:internal/streams/writable:570:12)
    at _write (node:internal/streams/writable:499:10)
    at Writable.write (node:internal/streams/writable:508:10)
    at Console.log (/opt/homebrew/Cellar/firebase-cli/14.11.0/libexec/lib/node_modules/firebase-tools/node_modules/winston/lib/winston/transports/console.js:87:23)
    at Console._write (/opt/homebrew/Cellar/firebase-cli/14.11.0/libexec/lib/node_modules/firebase-tools/node_modules/winston-transport/modern.js:103:17)
    at doWrite (/opt/homebrew/Cellar/firebase-cli/14.11.0/libexec/lib/node_modules/firebase-tools/node_modules/winston-transport/node_modules/readable-stream/lib/_stream_writable.js:390:139)
[error] 
[error] Error: An unexpected error has occurred.
[debug] [2026-07-03T10:44:03.254Z] Error: write EPIPE
    at afterWriteDispatched (node:internal/stream_base_commons:159:15)
    at writeGeneric (node:internal/stream_base_commons:150:3)
    at Socket._writeGeneric (node:net:1025:11)
    at Socket._write (node:net:1037:8)
    at writeOrBuffer (node:internal/streams/writable:570:12)
    at _write (node:internal/streams/writable:499:10)
    at Writable.write (node:internal/streams/writable:508:10)
    at Console.log (/opt/homebrew/Cellar/firebase-cli/14.11.0/libexec/lib/node_modules/firebase-tools/node_modules/winston/lib/winston/transports/console.js:87:23)
    at Console._write (/opt/homebrew/Cellar/firebase-cli/14.11.0/libexec/lib/node_modules/firebase-tools/node_modules/winston-transport/modern.js:103:17)
    at doWrite (/opt/homebrew/Cellar/firebase-cli/14.11.0/libexec/lib/node_modules/firebase-tools/node_modules/winston-transport/node_modules/readable-stream/lib/_stream_writable.js:390:139)
[error] 
[error] Error: An unexpected error has occurred.
[debug] [2026-07-03T10:44:03.254Z] Error: write EPIPE
    at afterWriteDispatched (node:internal/stream_base_commons:159:15)
    at writeGeneric (node:internal/stream_base_commons:150:3)
    at Socket._writeGeneric (node:net:1025:11)
    at Socket._write (node:net:1037:8)
    at writeOrBuffer (node:internal/streams/writable:570:12)
    at _write (node:internal/streams/writable:499:10)
    at Writable.write (node:internal/streams/writable:508:10)
    at Console.log (/opt/homebrew/Cellar/firebase-cli/14.11.0/libexec/lib/node_modules/firebase-tools/node_modules/winston/lib/winston/transports/console.js:87:23)
    at Console._write (/opt/homebrew/Cellar/firebase-cli/14.11.0/libexec/lib/node_modules/firebase-tools/node_modules/winston-transport/modern.js:103:17)
    at doWrite (/opt/homebrew/Cellar/firebase-cli/14.11.0/libexec/lib/node_modules/firebase-tools/node_modules/winston-transport/node_modules/readable-stream/lib/_stream_writable.js:390:139)
[error] 
[error] Error: An unexpected error has occurred.
[debug] [2026-07-03T10:44:03.254Z] Error: write EPIPE
    at afterWriteDispatched (node:internal/stream_base_commons:159:15)
    at writeGeneric (node:internal/stream_base_commons:150:3)
    at Socket._writeGeneric (node:net:1025:11)
    at Socket._write (node:net:1037:8)
    at writeOrBuffer (node:internal/streams/writable:570:12)
    at _write (node:internal/streams/writable:499:10)
    at Writable.write (node:internal/streams/writable:508:10)
    at Console.log (/opt/homebrew/Cellar/firebase-cli/14.11.0/libexec/lib/node_modules/firebase-tools/node_modules/winston/lib/winston/transports/console.js:87:23)
    at Console._write (/opt/homebrew/Cellar/firebase-cli/14.11.0/libexec/lib/node_modules/firebase-tools/node_modules/winston-transport/modern.js:103:17)
    at doWrite (/opt/homebrew/Cellar/firebase-cli/14.11.0/libexec/lib/node_modules/firebase-tools/node_modules/winston-transport/node_modules/readable-stream/lib/_stream_writable.js:390:139)
[error] 
[error] Error: An unexpected error has occurred.
[debug] [2026-07-03T10:44:03.254Z] Error: write EPIPE
    at afterWriteDispatched (node:internal/stream_base_commons:159:15)
    at writeGeneric (node:internal/stream_base_commons:150:3)
    at Socket._writeGeneric (node:net:1025:11)
    at Socket._write (node:net:1037:8)
    at writeOrBuffer (node:internal/streams/writable:570:12)
    at _write (node:internal/streams/writable:499:10)
    at Writable.write (node:internal/streams/writable:508:10)
    at Console.log (/opt/homebrew/Cellar/firebase-cli/14.11.0/libexec/lib/node_modules/firebase-tools/node_modules/winston/lib/winston/transports/console.js:87:23)
    at Console._write (/opt/homebrew/Cellar/firebase-cli/14.11.0/libexec/lib/node_modules/firebase-tools/node_modules/winston-transport/modern.js:103:17)
    at doWrite (/opt/homebrew/Cellar/firebase-cli/14.11.0/libexec/lib/node_modules/firebase-tools/node_modules/winston-transport/node_modules/readable-stream/lib/_stream_writable.js:390:139)
[error] 
[error] Error: An unexpected error has occurred.
[debug] [2026-07-03T10:44:03.254Z] Error: write EPIPE
    at afterWriteDispatched (node:internal/stream_base_commons:159:15)
    at writeGeneric (node:internal/stream_base_commons:150:3)
    at Socket._writeGeneric (node:net:1025:11)
    at Socket._write (node:net:1037:8)
    at writeOrBuffer (node:internal/streams/writable:570:12)
    at _write (node:internal/streams/writable:499:10)
    at Writable.write (node:internal/streams/writable:508:10)
    at Console.log (/opt/homebrew/Cellar/firebase-cli/14.11.0/libexec/lib/node_modules/firebase-tools/node_modules/winston/lib/winston/transports/console.js:87:23)
    at Console._write (/opt/homebrew/Cellar/firebase-cli/14.11.0/libexec/lib/node_modules/firebase-tools/node_modules/winston-transport/modern.js:103:17)
    at doWrite (/opt/homebrew/Cellar/firebase-cli/14.11.0/libexec/lib/node_modules/firebase-tools/node_modules/winston-transport/node_modules/readable-stream/lib/_stream_writable.js:390:139)
[error] 
[error] Error: An unexpected error has occurred.
[debug] [2026-07-03T10:44:03.254Z] Error: write EPIPE
    at afterWriteDispatched (node:internal/stream_base_commons:159:15)
    at writeGeneric (node:internal/stream_base_commons:150:3)
    at Socket._writeGeneric (node:net:1025:11)
    at Socket._write (node:net:1037:8)
    at writeOrBuffer (node:internal/streams/writable:570:12)
    at _write (node:internal/streams/writable:499:10)
    at Writable.write (node:internal/streams/writable:508:10)
    at Console.log (/opt/homebrew/Cellar/firebase-cli/14.11.0/libexec/lib/node_modules/firebase-tools/node_modules/winston/lib/winston/transports/console.js:87:23)
    at Console._write (/opt/homebrew/Cellar/firebase-cli/14.11.0/libexec/lib/node_modules/firebase-tools/node_modules/winston-transport/modern.js:103:17)
    at doWrite (/opt/homebrew/Cellar/firebase-cli/14.11.0/libexec/lib/node_modules/firebase-tools/node_modules/winston-transport/node_modules/readable-stream/lib/_stream_writable.js:390:139)
[error] 
[error] Error: An unexpected error has occurred.
[debug] [2026-07-03T10:44:03.254Z] Error: write EPIPE
    at afterWriteDispatched (node:internal/stream_base_commons:159:15)
    at writeGeneric (node:internal/stream_base_commons:150:3)
    at Socket._writeGeneric (node:net:1025:11)
    at Socket._write (node:net:1037:8)
    at writeOrBuffer (node:internal/streams/writable:570:12)
    at _write (node:internal/streams/writable:499:10)
    at Writable.write (node:internal/streams/writable:508:10)
    at Console.log (/opt/homebrew/Cellar/firebase-cli/14.11.0/libexec/lib/node_modules/firebase-tools/node_modules/winston/lib/winston/transports/console.js:87:23)
    at Console._write (/opt/homebrew/Cellar/firebase-cli/14.11.0/libexec/lib/node_modules/firebase-tools/node_modules/winston-transport/modern.js:103:17)
    at doWrite (/opt/homebrew/Cellar/firebase-cli/14.11.0/libexec/lib/node_modules/firebase-tools/node_modules/winston-transport/node_modules/readable-stream/lib/_stream_writable.js:390:139)
[error] 
[error] Error: An unexpected error has occurred.
[debug] [2026-07-03T10:44:03.254Z] Error: write EPIPE
    at afterWriteDispatched (node:internal/stream_base_commons:159:15)
    at writeGeneric (node:internal/stream_base_commons:150:3)
    at Socket._writeGeneric (node:net:1025:11)
    at Socket._write (node:net:1037:8)
    at writeOrBuffer (node:internal/streams/writable:570:12)
    at _write (node:internal/streams/writable:499:10)
    at Writable.write (node:internal/streams/writable:508:10)
    at Console.log (/opt/homebrew/Cellar/firebase-cli/14.11.0/libexec/lib/node_modules/firebase-tools/node_modules/winston/lib/winston/transports/console.js:87:23)
    at Console._write (/opt/homebrew/Cellar/firebase-cli/14.11.0/libexec/lib/node_modules/firebase-tools/node_modules/winston-transport/modern.js:103:17)
    at doWrite (/opt/homebrew/Cellar/firebase-cli/14.11.0/libexec/lib/node_modules/firebase-tools/node_modules/winston-transport/node_modules/readable-stream/lib/_stream_writable.js:390:139)
[error] 
[error] Error: An unexpected error has occurred.
[debug] [2026-07-03T10:44:03.254Z] Error: write EPIPE
    at afterWriteDispatched (node:internal/stream_base_commons:159:15)
    at writeGeneric (node:internal/stream_base_commons:150:3)
    at Socket._writeGeneric (node:net:1025:11)
    at Socket._write (node:net:1037:8)
    at writeOrBuffer (node:internal/streams/writable:570:12)
    at _write (node:internal/streams/writable:499:10)
    at Writable.write (node:internal/streams/writable:508:10)
    at Console.log (/opt/homebrew/Cellar/firebase-cli/14.11.0/libexec/lib/node_modules/firebase-tools/node_modules/winston/lib/winston/transports/console.js:87:23)
    at Console._write (/opt/homebrew/Cellar/firebase-cli/14.11.0/libexec/lib/node_modules/firebase-tools/node_modules/winston-transport/modern.js:103:17)
    at doWrite (/opt/homebrew/Cellar/firebase-cli/14.11.0/libexec/lib/node_modules/firebase-tools/node_modules/winston-transport/node_modules/readable-stream/lib/_stream_writable.js:390:139)
[error] 
[error] Error: An unexpected error has occurred.
[debug] [2026-07-03T10:44:03.254Z] Error: write EPIPE
    at afterWriteDispatched (node:internal/stream_base_commons:159:15)
    at writeGeneric (node:internal/stream_base_commons:150:3)
    at Socket._writeGeneric (node:net:1025:11)
    at Socket._write (node:net:1037:8)
    at writeOrBuffer (node:internal/streams/writable:570:12)
    at _write (node:internal/streams/writable:499:10)
    at Writable.write (node:internal/streams/writable:508:10)
    at Console.log (/opt/homebrew/Cellar/firebase-cli/14.11.0/libexec/lib/node_modules/firebase-tools/node_modules/winston/lib/winston/transports/console.js:87:23)
    at Console._write (/opt/homebrew/Cellar/firebase-cli/14.11.0/libexec/lib/node_modules/firebase-tools/node_modules/winston-transport/modern.js:103:17)
    at doWrite (/opt/homebrew/Cellar/firebase-cli/14.11.0/libexec/lib/node_modules/firebase-tools/node_modules/winston-transport/node_modules/readable-stream/lib/_stream_writable.js:390:139)
[error] 
[error] Error: An unexpected error has occurred.
[debug] [2026-07-03T10:44:03.255Z] Error: write EPIPE
    at afterWriteDispatched (node:internal/stream_base_commons:159:15)
    at writeGeneric (node:internal/stream_base_commons:150:3)
    at Socket._writeGeneric (node:net:1025:11)
    at Socket._write (node:net:1037:8)
    at writeOrBuffer (node:internal/streams/writable:570:12)
    at _write (node:internal/streams/writable:499:10)
    at Writable.write (node:internal/streams/writable:508:10)
    at Console.log (/opt/homebrew/Cellar/firebase-cli/14.11.0/libexec/lib/node_modules/firebase-tools/node_modules/winston/lib/winston/transports/console.js:87:23)
    at Console._write (/opt/homebrew/Cellar/firebase-cli/14.11.0/libexec/lib/node_modules/firebase-tools/node_modules/winston-transport/modern.js:103:17)
    at doWrite (/opt/homebrew/Cellar/firebase-cli/14.11.0/libexec/lib/node_modules/firebase-tools/node_modules/winston-transport/node_modules/readable-stream/lib/_stream_writable.js:390:139)
[error] 
[error] Error: An unexpected error has occurred.
[debug] [2026-07-03T10:44:03.255Z] Error: write EPIPE
    at afterWriteDispatched (node:internal/stream_base_commons:159:15)
    at writeGeneric (node:internal/stream_base_commons:150:3)
    at Socket._writeGeneric (node:net:1025:11)
    at Socket._write (node:net:1037:8)
    at writeOrBuffer (node:internal/streams/writable:570:12)
    at _write (node:internal/streams/writable:499:10)
    at Writable.write (node:internal/streams/writable:508:10)
    at Console.log (/opt/homebrew/Cellar/firebase-cli/14.11.0/libexec/lib/node_modules/firebase-tools/node_modules/winston/lib/winston/transports/console.js:87:23)
    at Console._write (/opt/homebrew/Cellar/firebase-cli/14.11.0/libexec/lib/node_modules/firebase-tools/node_modules/winston-transport/modern.js:103:17)
    at doWrite (/opt/homebrew/Cellar/firebase-cli/14.11.0/libexec/lib/node_modules/firebase-tools/node_modules/winston-transport/node_modules/readable-stream/lib/_stream_writable.js:390:139)
[error] 
[error] Error: An unexpected error has occurred.
[debug] [2026-07-03T10:44:03.255Z] Error: write EPIPE
    at afterWriteDispatched (node:internal/stream_base_commons:159:15)
    at writeGeneric (node:internal/stream_base_commons:150:3)
    at Socket._writeGeneric (node:net:1025:11)
    at Socket._write (node:net:1037:8)
    at writeOrBuffer (node:internal/streams/writable:570:12)
    at _write (node:internal/streams/writable:499:10)
    at Writable.write (node:internal/streams/writable:508:10)
    at Console.log (/opt/homebrew/Cellar/firebase-cli/14.11.0/libexec/lib/node_modules/firebase-tools/node_modules/winston/lib/winston/transports/console.js:87:23)
    at Console._write (/opt/homebrew/Cellar/firebase-cli/14.11.0/libexec/lib/node_modules/firebase-tools/node_modules/winston-transport/modern.js:103:17)
    at doWrite (/opt/homebrew/Cellar/firebase-cli/14.11.0/libexec/lib/node_modules/firebase-tools/node_modules/winston-transport/node_modules/readable-stream/lib/_stream_writable.js:390:139)
[error] 
[error] Error: An unexpected error has occurred.
[debug] [2026-07-03T10:44:03.255Z] Error: write EPIPE
    at afterWriteDispatched (node:internal/stream_base_commons:159:15)
    at writeGeneric (node:internal/stream_base_commons:150:3)
    at Socket._writeGeneric (node:net:1025:11)
    at Socket._write (node:net:1037:8)
    at writeOrBuffer (node:internal/streams/writable:570:12)
    at _write (node:internal/streams/writable:499:10)
    at Writable.write (node:internal/streams/writable:508:10)
    at Console.log (/opt/homebrew/Cellar/firebase-cli/14.11.0/libexec/lib/node_modules/firebase-tools/node_modules/winston/lib/winston/transports/console.js:87:23)
    at Console._write (/opt/homebrew/Cellar/firebase-cli/14.11.0/libexec/lib/node_modules/firebase-tools/node_modules/winston-transport/modern.js:103:17)
    at doWrite (/opt/homebrew/Cellar/firebase-cli/14.11.0/libexec/lib/node_modules/firebase-tools/node_modules/winston-transport/node_modules/readable-stream/lib/_stream_writable.js:390:139)
[error] 
[error] Error: An unexpected error has occurred.
[debug] [2026-07-03T10:44:03.255Z] Error: write EPIPE
    at afterWriteDispatched (node:internal/stream_base_commons:159:15)
    at writeGeneric (node:internal/stream_base_commons:150:3)
    at Socket._writeGeneric (node:net:1025:11)
    at Socket._write (node:net:1037:8)
    at writeOrBuffer (node:internal/streams/writable:570:12)
    at _write (node:internal/streams/writable:499:10)
    at Writable.write (node:internal/streams/writable:508:10)
    at Console.log (/opt/homebrew/Cellar/firebase-cli/14.11.0/libexec/lib/node_modules/firebase-tools/node_modules/winston/lib/winston/transports/console.js:87:23)
    at Console._write (/opt/homebrew/Cellar/firebase-cli/14.11.0/libexec/lib/node_modules/firebase-tools/node_modules/winston-transport/modern.js:103:17)
    at doWrite (/opt/homebrew/Cellar/firebase-cli/14.11.0/libexec/lib/node_modules/firebase-tools/node_modules/winston-transport/node_modules/readable-stream/lib/_stream_writable.js:390:139)
[error] 
[error] Error: An unexpected error has occurred.
[debug] [2026-07-03T10:44:03.255Z] Error: write EPIPE
    at afterWriteDispatched (node:internal/stream_base_commons:159:15)
    at writeGeneric (node:internal/stream_base_commons:150:3)
    at Socket._writeGeneric (node:net:1025:11)
    at Socket._write (node:net:1037:8)
    at writeOrBuffer (node:internal/streams/writable:570:12)
    at _write (node:internal/streams/writable:499:10)
    at Writable.write (node:internal/streams/writable:508:10)
    at Console.log (/opt/homebrew/Cellar/firebase-cli/14.11.0/libexec/lib/node_modules/firebase-tools/node_modules/winston/lib/winston/transports/console.js:87:23)
    at Console._write (/opt/homebrew/Cellar/firebase-cli/14.11.0/libexec/lib/node_modules/firebase-tools/node_modules/winston-transport/modern.js:103:17)
    at doWrite (/opt/homebrew/Cellar/firebase-cli/14.11.0/libexec/lib/node_modules/firebase-tools/node_modules/winston-transport/node_modules/readable-stream/lib/_stream_writable.js:390:139)
[error] 
[error] Error: An unexpected error has occurred.
[debug] [2026-07-03T10:44:03.255Z] Error: write EPIPE
    at afterWriteDispatched (node:internal/stream_base_commons:159:15)
    at writeGeneric (node:internal/stream_base_commons:150:3)
    at Socket._writeGeneric (node:net:1025:11)
    at Socket._write (node:net:1037:8)
    at writeOrBuffer (node:internal/streams/writable:570:12)
    at _write (node:internal/streams/writable:499:10)
    at Writable.write (node:internal/streams/writable:508:10)
    at Console.log (/opt/homebrew/Cellar/firebase-cli/14.11.0/libexec/lib/node_modules/firebase-tools/node_modules/winston/lib/winston/transports/console.js:87:23)
    at Console._write (/opt/homebrew/Cellar/firebase-cli/14.11.0/libexec/lib/node_modules/firebase-tools/node_modules/winston-transport/modern.js:103:17)
    at doWrite (/opt/homebrew/Cellar/firebase-cli/14.11.0/libexec/lib/node_modules/firebase-tools/node_modules/winston-transport/node_modules/readable-stream/lib/_stream_writable.js:390:139)
[error] 
[error] Error: An unexpected error has occurred.
[debug] [2026-07-03T10:44:03.255Z] Error: write EPIPE
    at afterWriteDispatched (node:internal/stream_base_commons:159:15)
    at writeGeneric (node:internal/stream_base_commons:150:3)
    at Socket._writeGeneric (node:net:1025:11)
    at Socket._write (node:net:1037:8)
    at writeOrBuffer (node:internal/streams/writable:570:12)
    at _write (node:internal/streams/writable:499:10)
    at Writable.write (node:internal/streams/writable:508:10)
    at Console.log (/opt/homebrew/Cellar/firebase-cli/14.11.0/libexec/lib/node_modules/firebase-tools/node_modules/winston/lib/winston/transports/console.js:87:23)
    at Console._write (/opt/homebrew/Cellar/firebase-cli/14.11.0/libexec/lib/node_modules/firebase-tools/node_modules/winston-transport/modern.js:103:17)
    at doWrite (/opt/homebrew/Cellar/firebase-cli/14.11.0/libexec/lib/node_modules/firebase-tools/node_modules/winston-transport/node_modules/readable-stream/lib/_stream_writable.js:390:139)
[error] 
[error] Error: An unexpected error has occurred.
[debug] [2026-07-03T10:44:03.255Z] Error: write EPIPE
    at afterWriteDispatched (node:internal/stream_base_commons:159:15)
    at writeGeneric (node:internal/stream_base_commons:150:3)
    at Socket._writeGeneric (node:net:1025:11)
    at Socket._write (node:net:1037:8)
    at writeOrBuffer (node:internal/streams/writable:570:12)
    at _write (node:internal/streams/writable:499:10)
    at Writable.write (node:internal/streams/writable:508:10)
    at Console.log (/opt/homebrew/Cellar/firebase-cli/14.11.0/libexec/lib/node_modules/firebase-tools/node_modules/winston/lib/winston/transports/console.js:87:23)
    at Console._write (/opt/homebrew/Cellar/firebase-cli/14.11.0/libexec/lib/node_modules/firebase-tools/node_modules/winston-transport/modern.js:103:17)
    at doWrite (/opt/homebrew/Cellar/firebase-cli/14.11.0/libexec/lib/node_modules/firebase-tools/node_modules/winston-transport/node_modules/readable-stream/lib/_stream_writable.js:390:139)
[error] 
[error] Error: An unexpected error has occurred.
[debug] [2026-07-03T10:44:03.255Z] Error: write EPIPE
    at afterWriteDispatched (node:internal/stream_base_commons:159:15)
    at writeGeneric (node:internal/stream_base_commons:150:3)
    at Socket._writeGeneric (node:net:1025:11)
    at Socket._write (node:net:1037:8)
    at writeOrBuffer (node:internal/streams/writable:570:12)
    at _write (node:internal/streams/writable:499:10)
    at Writable.write (node:internal/streams/writable:508:10)
    at Console.log (/opt/homebrew/Cellar/firebase-cli/14.11.0/libexec/lib/node_modules/firebase-tools/node_modules/winston/lib/winston/transports/console.js:87:23)
    at Console._write (/opt/homebrew/Cellar/firebase-cli/14.11.0/libexec/lib/node_modules/firebase-tools/node_modules/winston-transport/modern.js:103:17)
    at doWrite (/opt/homebrew/Cellar/firebase-cli/14.11.0/libexec/lib/node_modules/firebase-tools/node_modules/winston-transport/node_modules/readable-stream/lib/_stream_writable.js:390:139)
[error] 
[error] Error: An unexpected error has occurred.
[debug] [2026-07-03T10:44:03.255Z] Error: write EPIPE
    at afterWriteDispatched (node:internal/stream_base_commons:159:15)
    at writeGeneric (node:internal/stream_base_commons:150:3)
    at Socket._writeGeneric (node:net:1025:11)
    at Socket._write (node:net:1037:8)
    at writeOrBuffer (node:internal/streams/writable:570:12)
    at _write (node:internal/streams/writable:499:10)
    at Writable.write (node:internal/streams/writable:508:10)
    at Console.log (/opt/homebrew/Cellar/firebase-cli/14.11.0/libexec/lib/node_modules/firebase-tools/node_modules/winston/lib/winston/transports/console.js:87:23)
    at Console._write (/opt/homebrew/Cellar/firebase-cli/14.11.0/libexec/lib/node_modules/firebase-tools/node_modules/winston-transport/modern.js:103:17)
    at doWrite (/opt/homebrew/Cellar/firebase-cli/14.11.0/libexec/lib/node_modules/firebase-tools/node_modules/winston-transport/node_modules/readable-stream/lib/_stream_writable.js:390:139)
[error] 
[error] Error: An unexpected error has occurred.
[debug] [2026-07-03T10:44:03.255Z] Error: write EPIPE
    at afterWriteDispatched (node:internal/stream_base_commons:159:15)
    at writeGeneric (node:internal/stream_base_commons:150:3)
    at Socket._writeGeneric (node:net:1025:11)
    at Socket._write (node:net:1037:8)
    at writeOrBuffer (node:internal/streams/writable:570:12)
    at _write (node:internal/streams/writable:499:10)
    at Writable.write (node:internal/streams/writable:508:10)
    at Console.log (/opt/homebrew/Cellar/firebase-cli/14.11.0/libexec/lib/node_modules/firebase-tools/node_modules/winston/lib/winston/transports/console.js:87:23)
    at Console._write (/opt/homebrew/Cellar/firebase-cli/14.11.0/libexec/lib/node_modules/firebase-tools/node_modules/winston-transport/modern.js:103:17)
    at doWrite (/opt/homebrew/Cellar/firebase-cli/14.11.0/libexec/lib/node_modules/firebase-tools/node_modules/winston-transport/node_modules/readable-stream/lib/_stream_writable.js:390:139)
[error] 
[error] Error: An unexpected error has occurred.
[debug] [2026-07-03T10:44:03.256Z] Error: write EPIPE
    at afterWriteDispatched (node:internal/stream_base_commons:159:15)
    at writeGeneric (node:internal/stream_base_commons:150:3)
    at Socket._writeGeneric (node:net:1025:11)
    at Socket._write (node:net:1037:8)
    at writeOrBuffer (node:internal/streams/writable:570:12)
    at _write (node:internal/streams/writable:499:10)
    at Writable.write (node:internal/streams/writable:508:10)
    at Console.log (/opt/homebrew/Cellar/firebase-cli/14.11.0/libexec/lib/node_modules/firebase-tools/node_modules/winston/lib/winston/transports/console.js:87:23)
    at Console._write (/opt/homebrew/Cellar/firebase-cli/14.11.0/libexec/lib/node_modules/firebase-tools/node_modules/winston-transport/modern.js:103:17)
    at doWrite (/opt/homebrew/Cellar/firebase-cli/14.11.0/libexec/lib/node_modules/firebase-tools/node_modules/winston-transport/node_modules/readable-stream/lib/_stream_writable.js:390:139)
[error] 
[error] Error: An unexpected error has occurred.
[debug] [2026-07-03T10:44:03.256Z] Error: write EPIPE
    at afterWriteDispatched (node:internal/stream_base_commons:159:15)
    at writeGeneric (node:internal/stream_base_commons:150:3)
    at Socket._writeGeneric (node:net:1025:11)
    at Socket._write (node:net:1037:8)
    at writeOrBuffer (node:internal/streams/writable:570:12)
    at _write (node:internal/streams/writable:499:10)
    at Writable.write (node:internal/streams/writable:508:10)
    at Console.log (/opt/homebrew/Cellar/firebase-cli/14.11.0/libexec/lib/node_modules/firebase-tools/node_modules/winston/lib/winston/transports/console.js:87:23)
    at Console._write (/opt/homebrew/Cellar/firebase-cli/14.11.0/libexec/lib/node_modules/firebase-tools/node_modules/winston-transport/modern.js:103:17)
    at doWrite (/opt/homebrew/Cellar/firebase-cli/14.11.0/libexec/lib/node_modules/firebase-tools/node_modules/winston-transport/node_modules/readable-stream/lib/_stream_writable.js:390:139)
[error] 
[error] Error: An unexpected error has occurred.
[debug] [2026-07-03T10:44:03.256Z] Error: write EPIPE
    at afterWriteDispatched (node:internal/stream_base_commons:159:15)
    at writeGeneric (node:internal/stream_base_commons:150:3)
    at Socket._writeGeneric (node:net:1025:11)
    at Socket._write (node:net:1037:8)
    at writeOrBuffer (node:internal/streams/writable:570:12)
    at _write (node:internal/streams/writable:499:10)
    at Writable.write (node:internal/streams/writable:508:10)
    at Console.log (/opt/homebrew/Cellar/firebase-cli/14.11.0/libexec/lib/node_modules/firebase-tools/node_modules/winston/lib/winston/transports/console.js:87:23)
    at Console._write (/opt/homebrew/Cellar/firebase-cli/14.11.0/libexec/lib/node_modules/firebase-tools/node_modules/winston-transport/modern.js:103:17)
    at doWrite (/opt/homebrew/Cellar/firebase-cli/14.11.0/libexec/lib/node_modules/firebase-tools/node_modules/winston-transport/node_modules/readable-stream/lib/_stream_writable.js:390:139)
[error] 
[error] Error: An unexpected error has occurred.
[debug] [2026-07-03T10:44:03.256Z] Error: write EPIPE
    at afterWriteDispatched (node:internal/stream_base_commons:159:15)
    at writeGeneric (node:internal/stream_base_commons:150:3)
    at Socket._writeGeneric (node:net:1025:11)
    at Socket._write (node:net:1037:8)
    at writeOrBuffer (node:internal/streams/writable:570:12)
    at _write (node:internal/streams/writable:499:10)
    at Writable.write (node:internal/streams/writable:508:10)
    at Console.log (/opt/homebrew/Cellar/firebase-cli/14.11.0/libexec/lib/node_modules/firebase-tools/node_modules/winston/lib/winston/transports/console.js:87:23)
    at Console._write (/opt/homebrew/Cellar/firebase-cli/14.11.0/libexec/lib/node_modules/firebase-tools/node_modules/winston-transport/modern.js:103:17)
    at doWrite (/opt/homebrew/Cellar/firebase-cli/14.11.0/libexec/lib/node_modules/firebase-tools/node_modules/winston-transport/node_modules/readable-stream/lib/_stream_writable.js:390:139)
[error] 
[error] Error: An unexpected error has occurred.
[debug] [2026-07-03T10:44:03.256Z] Error: write EPIPE
    at afterWriteDispatched (node:internal/stream_base_commons:159:15)
    at writeGeneric (node:internal/stream_base_commons:150:3)
    at Socket._writeGeneric (node:net:1025:11)
    at Socket._write (node:net:1037:8)
    at writeOrBuffer (node:internal/streams/writable:570:12)
    at _write (node:internal/streams/writable:499:10)
    at Writable.write (node:internal/streams/writable:508:10)
    at Console.log (/opt/homebrew/Cellar/firebase-cli/14.11.0/libexec/lib/node_modules/firebase-tools/node_modules/winston/lib/winston/transports/console.js:87:23)
    at Console._write (/opt/homebrew/Cellar/firebase-cli/14.11.0/libexec/lib/node_modules/firebase-tools/node_modules/winston-transport/modern.js:103:17)
    at doWrite (/opt/homebrew/Cellar/firebase-cli/14.11.0/libexec/lib/node_modules/firebase-tools/node_modules/winston-transport/node_modules/readable-stream/lib/_stream_writable.js:390:139)
[error] 
[error] Error: An unexpected error has occurred.
[debug] [2026-07-03T10:44:03.256Z] Error: write EPIPE
    at afterWriteDispatched (node:internal/stream_base_commons:159:15)
    at writeGeneric (node:internal/stream_base_commons:150:3)
    at Socket._writeGeneric (node:net:1025:11)
    at Socket._write (node:net:1037:8)
    at writeOrBuffer (node:internal/streams/writable:570:12)
    at _write (node:internal/streams/writable:499:10)
    at Writable.write (node:internal/streams/writable:508:10)
    at Console.log (/opt/homebrew/Cellar/firebase-cli/14.11.0/libexec/lib/node_modules/firebase-tools/node_modules/winston/lib/winston/transports/console.js:87:23)
    at Console._write (/opt/homebrew/Cellar/firebase-cli/14.11.0/libexec/lib/node_modules/firebase-tools/node_modules/winston-transport/modern.js:103:17)
    at doWrite (/opt/homebrew/Cellar/firebase-cli/14.11.0/libexec/lib/node_modules/firebase-tools/node_modules/winston-transport/node_modules/readable-stream/lib/_stream_writable.js:390:139)
[error] 
[error] Error: An unexpected error has occurred.
[debug] [2026-07-03T10:44:03.256Z] Error: write EPIPE
    at afterWriteDispatched (node:internal/stream_base_commons:159:15)
    at writeGeneric (node:internal/stream_base_commons:150:3)
    at Socket._writeGeneric (node:net:1025:11)
    at Socket._write (node:net:1037:8)
    at writeOrBuffer (node:internal/streams/writable:570:12)
    at _write (node:internal/streams/writable:499:10)
    at Writable.write (node:internal/streams/writable:508:10)
    at Console.log (/opt/homebrew/Cellar/firebase-cli/14.11.0/libexec/lib/node_modules/firebase-tools/node_modules/winston/lib/winston/transports/console.js:87:23)
    at Console._write (/opt/homebrew/Cellar/firebase-cli/14.11.0/libexec/lib/node_modules/firebase-tools/node_modules/winston-transport/modern.js:103:17)
    at doWrite (/opt/homebrew/Cellar/firebase-cli/14.11.0/libexec/lib/node_modules/firebase-tools/node_modules/winston-transport/node_modules/readable-stream/lib/_stream_writable.js:390:139)
[error] 
[error] Error: An unexpected error has occurred.
[debug] [2026-07-03T10:44:03.256Z] Error: write EPIPE
    at afterWriteDispatched (node:internal/stream_base_commons:159:15)
    at writeGeneric (node:internal/stream_base_commons:150:3)
    at Socket._writeGeneric (node:net:1025:11)
    at Socket._write (node:net:1037:8)
    at writeOrBuffer (node:internal/streams/writable:570:12)
    at _write (node:internal/streams/writable:499:10)
    at Writable.write (node:internal/streams/writable:508:10)
    at Console.log (/opt/homebrew/Cellar/firebase-cli/14.11.0/libexec/lib/node_modules/firebase-tools/node_modules/winston/lib/winston/transports/console.js:87:23)
    at Console._write (/opt/homebrew/Cellar/firebase-cli/14.11.0/libexec/lib/node_modules/firebase-tools/node_modules/winston-transport/modern.js:103:17)
    at doWrite (/opt/homebrew/Cellar/firebase-cli/14.11.0/libexec/lib/node_modules/firebase-tools/node_modules/winston-transport/node_modules/readable-stream/lib/_stream_writable.js:390:139)
[error] 
[error] Error: An unexpected error has occurred.
[debug] [2026-07-03T10:44:03.256Z] Error: write EPIPE
    at afterWriteDispatched (node:internal/stream_base_commons:159:15)
    at writeGeneric (node:internal/stream_base_commons:150:3)
    at Socket._writeGeneric (node:net:1025:11)
    at Socket._write (node:net:1037:8)
    at writeOrBuffer (node:internal/streams/writable:570:12)
    at _write (node:internal/streams/writable:499:10)
    at Writable.write (node:internal/streams/writable:508:10)
    at Console.log (/opt/homebrew/Cellar/firebase-cli/14.11.0/libexec/lib/node_modules/firebase-tools/node_modules/winston/lib/winston/transports/console.js:87:23)
    at Console._write (/opt/homebrew/Cellar/firebase-cli/14.11.0/libexec/lib/node_modules/firebase-tools/node_modules/winston-transport/modern.js:103:17)
    at doWrite (/opt/homebrew/Cellar/firebase-cli/14.11.0/libexec/lib/node_modules/firebase-tools/node_modules/winston-transport/node_modules/readable-stream/lib/_stream_writable.js:390:139)
[error] 
[error] Error: An unexpected error has occurred.
[debug] [2026-07-03T10:44:03.256Z] Error: write EPIPE
    at afterWriteDispatched (node:internal/stream_base_commons:159:15)
    at writeGeneric (node:internal/stream_base_commons:150:3)
    at Socket._writeGeneric (node:net:1025:11)
    at Socket._write (node:net:1037:8)
    at writeOrBuffer (node:internal/streams/writable:570:12)
    at _write (node:internal/streams/writable:499:10)
    at Writable.write (node:internal/streams/writable:508:10)
    at Console.log (/opt/homebrew/Cellar/firebase-cli/14.11.0/libexec/lib/node_modules/firebase-tools/node_modules/winston/lib/winston/transports/console.js:87:23)
    at Console._write (/opt/homebrew/Cellar/firebase-cli/14.11.0/libexec/lib/node_modules/firebase-tools/node_modules/winston-transport/modern.js:103:17)
    at doWrite (/opt/homebrew/Cellar/firebase-cli/14.11.0/libexec/lib/node_modules/firebase-tools/node_modules/winston-transport/node_modules/readable-stream/lib/_stream_writable.js:390:139)
[error] 
[error] Error: An unexpected error has occurred.
[debug] [2026-07-03T10:44:03.256Z] Error: write EPIPE
    at afterWriteDispatched (node:internal/stream_base_commons:159:15)
    at writeGeneric (node:internal/stream_base_commons:150:3)
    at Socket._writeGeneric (node:net:1025:11)
    at Socket._write (node:net:1037:8)
    at writeOrBuffer (node:internal/streams/writable:570:12)
    at _write (node:internal/streams/writable:499:10)
    at Writable.write (node:internal/streams/writable:508:10)
    at Console.log (/opt/homebrew/Cellar/firebase-cli/14.11.0/libexec/lib/node_modules/firebase-tools/node_modules/winston/lib/winston/transports/console.js:87:23)
    at Console._write (/opt/homebrew/Cellar/firebase-cli/14.11.0/libexec/lib/node_modules/firebase-tools/node_modules/winston-transport/modern.js:103:17)
    at doWrite (/opt/homebrew/Cellar/firebase-cli/14.11.0/libexec/lib/node_modules/firebase-tools/node_modules/winston-transport/node_modules/readable-stream/lib/_stream_writable.js:390:139)
[error] 
[error] Error: An unexpected error has occurred.
[debug] [2026-07-03T10:44:03.256Z] Error: write EPIPE
    at afterWriteDispatched (node:internal/stream_base_commons:159:15)
    at writeGeneric (node:internal/stream_base_commons:150:3)
    at Socket._writeGeneric (node:net:1025:11)
    at Socket._write (node:net:1037:8)
    at writeOrBuffer (node:internal/streams/writable:570:12)
    at _write (node:internal/streams/writable:499:10)
    at Writable.write (node:internal/streams/writable:508:10)
    at Console.log (/opt/homebrew/Cellar/firebase-cli/14.11.0/libexec/lib/node_modules/firebase-tools/node_modules/winston/lib/winston/transports/console.js:87:23)
    at Console._write (/opt/homebrew/Cellar/firebase-cli/14.11.0/libexec/lib/node_modules/firebase-tools/node_modules/winston-transport/modern.js:103:17)
    at doWrite (/opt/homebrew/Cellar/firebase-cli/14.11.0/libexec/lib/node_modules/firebase-tools/node_modules/winston-transport/node_modules/readable-stream/lib/_stream_writable.js:390:139)
[error] 
[error] Error: An unexpected error has occurred.
[debug] [2026-07-03T10:44:03.256Z] Error: write EPIPE
    at afterWriteDispatched (node:internal/stream_base_commons:159:15)
    at writeGeneric (node:internal/stream_base_commons:150:3)
    at Socket._writeGeneric (node:net:1025:11)
    at Socket._write (node:net:1037:8)
    at writeOrBuffer (node:internal/streams/writable:570:12)
    at _write (node:internal/streams/writable:499:10)
    at Writable.write (node:internal/streams/writable:508:10)
    at Console.log (/opt/homebrew/Cellar/firebase-cli/14.11.0/libexec/lib/node_modules/firebase-tools/node_modules/winston/lib/winston/transports/console.js:87:23)
    at Console._write (/opt/homebrew/Cellar/firebase-cli/14.11.0/libexec/lib/node_modules/firebase-tools/node_modules/winston-transport/modern.js:103:17)
    at doWrite (/opt/homebrew/Cellar/firebase-cli/14.11.0/libexec/lib/node_modules/firebase-tools/node_modules/winston-transport/node_modules/readable-stream/lib/_stream_writable.js:390:139)
[error] 
[error] Error: An unexpected error has occurred.
[debug] [2026-07-03T10:44:03.257Z] Error: write EPIPE
    at afterWriteDispatched (node:internal/stream_base_commons:159:15)
    at writeGeneric (node:internal/stream_base_commons:150:3)
    at Socket._writeGeneric (node:net:1025:11)
    at Socket._write (node:net:1037:8)
    at writeOrBuffer (node:internal/streams/writable:570:12)
    at _write (node:internal/streams/writable:499:10)
    at Writable.write (node:internal/streams/writable:508:10)
    at Console.log (/opt/homebrew/Cellar/firebase-cli/14.11.0/libexec/lib/node_modules/firebase-tools/node_modules/winston/lib/winston/transports/console.js:87:23)
    at Console._write (/opt/homebrew/Cellar/firebase-cli/14.11.0/libexec/lib/node_modules/firebase-tools/node_modules/winston-transport/modern.js:103:17)
    at doWrite (/opt/homebrew/Cellar/firebase-cli/14.11.0/libexec/lib/node_modules/firebase-tools/node_modules/winston-transport/node_modules/readable-stream/lib/_stream_writable.js:390:139)
[error] 
[error] Error: An unexpected error has occurred.
[debug] [2026-07-03T10:44:03.257Z] Error: write EPIPE
    at afterWriteDispatched (node:internal/stream_base_commons:159:15)
    at writeGeneric (node:internal/stream_base_commons:150:3)
    at Socket._writeGeneric (node:net:1025:11)
    at Socket._write (node:net:1037:8)
    at writeOrBuffer (node:internal/streams/writable:570:12)
    at _write (node:internal/streams/writable:499:10)
    at Writable.write (node:internal/streams/writable:508:10)
    at Console.log (/opt/homebrew/Cellar/firebase-cli/14.11.0/libexec/lib/node_modules/firebase-tools/node_modules/winston/lib/winston/transports/console.js:87:23)
    at Console._write (/opt/homebrew/Cellar/firebase-cli/14.11.0/libexec/lib/node_modules/firebase-tools/node_modules/winston-transport/modern.js:103:17)
    at doWrite (/opt/homebrew/Cellar/firebase-cli/14.11.0/libexec/lib/node_modules/firebase-tools/node_modules/winston-transport/node_modules/readable-stream/lib/_stream_writable.js:390:139)
[error] 
[error] Error: An unexpected error has occurred.
[debug] [2026-07-03T10:44:03.257Z] Error: write EPIPE
    at afterWriteDispatched (node:internal/stream_base_commons:159:15)
    at writeGeneric (node:internal/stream_base_commons:150:3)
    at Socket._writeGeneric (node:net:1025:11)
    at Socket._write (node:net:1037:8)
    at writeOrBuffer (node:internal/streams/writable:570:12)
    at _write (node:internal/streams/writable:499:10)
    at Writable.write (node:internal/streams/writable:508:10)
    at Console.log (/opt/homebrew/Cellar/firebase-cli/14.11.0/libexec/lib/node_modules/firebase-tools/node_modules/winston/lib/winston/transports/console.js:87:23)
    at Console._write (/opt/homebrew/Cellar/firebase-cli/14.11.0/libexec/lib/node_modules/firebase-tools/node_modules/winston-transport/modern.js:103:17)
    at doWrite (/opt/homebrew/Cellar/firebase-cli/14.11.0/libexec/lib/node_modules/firebase-tools/node_modules/winston-transport/node_modules/readable-stream/lib/_stream_writable.js:390:139)
[error] 
[error] Error: An unexpected error has occurred.
[debug] [2026-07-03T10:44:03.257Z] Error: write EPIPE
    at afterWriteDispatched (node:internal/stream_base_commons:159:15)
    at writeGeneric (node:internal/stream_base_commons:150:3)
    at Socket._writeGeneric (node:net:1025:11)
    at Socket._write (node:net:1037:8)
    at writeOrBuffer (node:internal/streams/writable:570:12)
    at _write (node:internal/streams/writable:499:10)
    at Writable.write (node:internal/streams/writable:508:10)
    at Console.log (/opt/homebrew/Cellar/firebase-cli/14.11.0/libexec/lib/node_modules/firebase-tools/node_modules/winston/lib/winston/transports/console.js:87:23)
    at Console._write (/opt/homebrew/Cellar/firebase-cli/14.11.0/libexec/lib/node_modules/firebase-tools/node_modules/winston-transport/modern.js:103:17)
    at doWrite (/opt/homebrew/Cellar/firebase-cli/14.11.0/libexec/lib/node_modules/firebase-tools/node_modules/winston-transport/node_modules/readable-stream/lib/_stream_writable.js:390:139)
[error] 
[error] Error: An unexpected error has occurred.
[debug] [2026-07-03T10:44:03.257Z] Error: write EPIPE
    at afterWriteDispatched (node:internal/stream_base_commons:159:15)
    at writeGeneric (node:internal/stream_base_commons:150:3)
    at Socket._writeGeneric (node:net:1025:11)
    at Socket._write (node:net:1037:8)
    at writeOrBuffer (node:internal/streams/writable:570:12)
    at _write (node:internal/streams/writable:499:10)
    at Writable.write (node:internal/streams/writable:508:10)
    at Console.log (/opt/homebrew/Cellar/firebase-cli/14.11.0/libexec/lib/node_modules/firebase-tools/node_modules/winston/lib/winston/transports/console.js:87:23)
    at Console._write (/opt/homebrew/Cellar/firebase-cli/14.11.0/libexec/lib/node_modules/firebase-tools/node_modules/winston-transport/modern.js:103:17)
    at doWrite (/opt/homebrew/Cellar/firebase-cli/14.11.0/libexec/lib/node_modules/firebase-tools/node_modules/winston-transport/node_modules/readable-stream/lib/_stream_writable.js:390:139)
[error] 
[error] Error: An unexpected error has occurred.
[debug] [2026-07-03T10:44:03.257Z] Error: write EPIPE
    at afterWriteDispatched (node:internal/stream_base_commons:159:15)
    at writeGeneric (node:internal/stream_base_commons:150:3)
    at Socket._writeGeneric (node:net:1025:11)
    at Socket._write (node:net:1037:8)
    at writeOrBuffer (node:internal/streams/writable:570:12)
    at _write (node:internal/streams/writable:499:10)
    at Writable.write (node:internal/streams/writable:508:10)
    at Console.log (/opt/homebrew/Cellar/firebase-cli/14.11.0/libexec/lib/node_modules/firebase-tools/node_modules/winston/lib/winston/transports/console.js:87:23)
    at Console._write (/opt/homebrew/Cellar/firebase-cli/14.11.0/libexec/lib/node_modules/firebase-tools/node_modules/winston-transport/modern.js:103:17)
    at doWrite (/opt/homebrew/Cellar/firebase-cli/14.11.0/libexec/lib/node_modules/firebase-tools/node_modules/winston-transport/node_modules/readable-stream/lib/_stream_writable.js:390:139)
[error] 
[error] Error: An unexpected error has occurred.
[debug] [2026-07-03T10:44:03.257Z] Error: write EPIPE
    at afterWriteDispatched (node:internal/stream_base_commons:159:15)
    at writeGeneric (node:internal/stream_base_commons:150:3)
    at Socket._writeGeneric (node:net:1025:11)
    at Socket._write (node:net:1037:8)
    at writeOrBuffer (node:internal/streams/writable:570:12)
    at _write (node:internal/streams/writable:499:10)
    at Writable.write (node:internal/streams/writable:508:10)
    at Console.log (/opt/homebrew/Cellar/firebase-cli/14.11.0/libexec/lib/node_modules/firebase-tools/node_modules/winston/lib/winston/transports/console.js:87:23)
    at Console._write (/opt/homebrew/Cellar/firebase-cli/14.11.0/libexec/lib/node_modules/firebase-tools/node_modules/winston-transport/modern.js:103:17)
    at doWrite (/opt/homebrew/Cellar/firebase-cli/14.11.0/libexec/lib/node_modules/firebase-tools/node_modules/winston-transport/node_modules/readable-stream/lib/_stream_writable.js:390:139)
[error] 
[error] Error: An unexpected error has occurred.
[debug] [2026-07-03T10:44:03.257Z] Error: write EPIPE
    at afterWriteDispatched (node:internal/stream_base_commons:159:15)
    at writeGeneric (node:internal/stream_base_commons:150:3)
    at Socket._writeGeneric (node:net:1025:11)
    at Socket._write (node:net:1037:8)
    at writeOrBuffer (node:internal/streams/writable:570:12)
    at _write (node:internal/streams/writable:499:10)
    at Writable.write (node:internal/streams/writable:508:10)
    at Console.log (/opt/homebrew/Cellar/firebase-cli/14.11.0/libexec/lib/node_modules/firebase-tools/node_modules/winston/lib/winston/transports/console.js:87:23)
    at Console._write (/opt/homebrew/Cellar/firebase-cli/14.11.0/libexec/lib/node_modules/firebase-tools/node_modules/winston-transport/modern.js:103:17)
    at doWrite (/opt/homebrew/Cellar/firebase-cli/14.11.0/libexec/lib/node_modules/firebase-tools/node_modules/winston-transport/node_modules/readable-stream/lib/_stream_writable.js:390:139)
[error] 
[error] Error: An unexpected error has occurred.
[debug] [2026-07-03T10:44:03.257Z] Error: write EPIPE
    at afterWriteDispatched (node:internal/stream_base_commons:159:15)
    at writeGeneric (node:internal/stream_base_commons:150:3)
    at Socket._writeGeneric (node:net:1025:11)
    at Socket._write (node:net:1037:8)
    at writeOrBuffer (node:internal/streams/writable:570:12)
    at _write (node:internal/streams/writable:499:10)
    at Writable.write (node:internal/streams/writable:508:10)
    at Console.log (/opt/homebrew/Cellar/firebase-cli/14.11.0/libexec/lib/node_modules/firebase-tools/node_modules/winston/lib/winston/transports/console.js:87:23)
    at Console._write (/opt/homebrew/Cellar/firebase-cli/14.11.0/libexec/lib/node_modules/firebase-tools/node_modules/winston-transport/modern.js:103:17)
    at doWrite (/opt/homebrew/Cellar/firebase-cli/14.11.0/libexec/lib/node_modules/firebase-tools/node_modules/winston-transport/node_modules/readable-stream/lib/_stream_writable.js:390:139)
[error] 
[error] Error: An unexpected error has occurred.
[debug] [2026-07-03T10:44:03.258Z] Error: write EPIPE
    at afterWriteDispatched (node:internal/stream_base_commons:159:15)
    at writeGeneric (node:internal/stream_base_commons:150:3)
    at Socket._writeGeneric (node:net:1025:11)
    at Socket._write (node:net:1037:8)
    at writeOrBuffer (node:internal/streams/writable:570:12)
    at _write (node:internal/streams/writable:499:10)
    at Writable.write (node:internal/streams/writable:508:10)
    at Console.log (/opt/homebrew/Cellar/firebase-cli/14.11.0/libexec/lib/node_modules/firebase-tools/node_modules/winston/lib/winston/transports/console.js:87:23)
    at Console._write (/opt/homebrew/Cellar/firebase-cli/14.11.0/libexec/lib/node_modules/firebase-tools/node_modules/winston-transport/modern.js:103:17)
    at doWrite (/opt/homebrew/Cellar/firebase-cli/14.11.0/libexec/lib/node_modules/firebase-tools/node_modules/winston-transport/node_modules/readable-stream/lib/_stream_writable.js:390:139)
[error] 
[error] Error: An unexpected error has occurred.
[debug] [2026-07-03T10:44:03.258Z] Error: write EPIPE
    at afterWriteDispatched (node:internal/stream_base_commons:159:15)
    at writeGeneric (node:internal/stream_base_commons:150:3)
    at Socket._writeGeneric (node:net:1025:11)
    at Socket._write (node:net:1037:8)
    at writeOrBuffer (node:internal/streams/writable:570:12)
    at _write (node:internal/streams/writable:499:10)
    at Writable.write (node:internal/streams/writable:508:10)
    at Console.log (/opt/homebrew/Cellar/firebase-cli/14.11.0/libexec/lib/node_modules/firebase-tools/node_modules/winston/lib/winston/transports/console.js:87:23)
    at Console._write (/opt/homebrew/Cellar/firebase-cli/14.11.0/libexec/lib/node_modules/firebase-tools/node_modules/winston-transport/modern.js:103:17)
    at doWrite (/opt/homebrew/Cellar/firebase-cli/14.11.0/libexec/lib/node_modules/firebase-tools/node_modules/winston-transport/node_modules/readable-stream/lib/_stream_writable.js:390:139)
[error] 
[error] Error: An unexpected error has occurred.
[debug] [2026-07-03T10:44:03.258Z] Error: write EPIPE
    at afterWriteDispatched (node:internal/stream_base_commons:159:15)
    at writeGeneric (node:internal/stream_base_commons:150:3)
    at Socket._writeGeneric (node:net:1025:11)
    at Socket._write (node:net:1037:8)
    at writeOrBuffer (node:internal/streams/writable:570:12)
    at _write (node:internal/streams/writable:499:10)
    at Writable.write (node:internal/streams/writable:508:10)
    at Console.log (/opt/homebrew/Cellar/firebase-cli/14.11.0/libexec/lib/node_modules/firebase-tools/node_modules/winston/lib/winston/transports/console.js:87:23)
    at Console._write (/opt/homebrew/Cellar/firebase-cli/14.11.0/libexec/lib/node_modules/firebase-tools/node_modules/winston-transport/modern.js:103:17)
    at doWrite (/opt/homebrew/Cellar/firebase-cli/14.11.0/libexec/lib/node_modules/firebase-tools/node_modules/winston-transport/node_modules/readable-stream/lib/_stream_writable.js:390:139)
[error] 
[error] Error: An unexpected error has occurred.
[debug] [2026-07-03T10:44:03.258Z] Error: write EPIPE
    at afterWriteDispatched (node:internal/stream_base_commons:159:15)
    at writeGeneric (node:internal/stream_base_commons:150:3)
    at Socket._writeGeneric (node:net:1025:11)
    at Socket._write (node:net:1037:8)
    at writeOrBuffer (node:internal/streams/writable:570:12)
    at _write (node:internal/streams/writable:499:10)
    at Writable.write (node:internal/streams/writable:508:10)
    at Console.log (/opt/homebrew/Cellar/firebase-cli/14.11.0/libexec/lib/node_modules/firebase-tools/node_modules/winston/lib/winston/transports/console.js:87:23)
    at Console._write (/opt/homebrew/Cellar/firebase-cli/14.11.0/libexec/lib/node_modules/firebase-tools/node_modules/winston-transport/modern.js:103:17)
    at doWrite (/opt/homebrew/Cellar/firebase-cli/14.11.0/libexec/lib/node_modules/firebase-tools/node_modules/winston-transport/node_modules/readable-stream/lib/_stream_writable.js:390:139)
[error] 
[error] Error: An unexpected error has occurred.
[debug] [2026-07-03T10:44:03.258Z] Error: write EPIPE
    at afterWriteDispatched (node:internal/stream_base_commons:159:15)
    at writeGeneric (node:internal/stream_base_commons:150:3)
    at Socket._writeGeneric (node:net:1025:11)
    at Socket._write (node:net:1037:8)
    at writeOrBuffer (node:internal/streams/writable:570:12)
    at _write (node:internal/streams/writable:499:10)
    at Writable.write (node:internal/streams/writable:508:10)
    at Console.log (/opt/homebrew/Cellar/firebase-cli/14.11.0/libexec/lib/node_modules/firebase-tools/node_modules/winston/lib/winston/transports/console.js:87:23)
    at Console._write (/opt/homebrew/Cellar/firebase-cli/14.11.0/libexec/lib/node_modules/firebase-tools/node_modules/winston-transport/modern.js:103:17)
    at doWrite (/opt/homebrew/Cellar/firebase-cli/14.11.0/libexec/lib/node_modules/firebase-tools/node_modules/winston-transport/node_modules/readable-stream/lib/_stream_writable.js:390:139)
[error] 
[error] Error: An unexpected error has occurred.
[debug] [2026-07-03T10:44:03.258Z] Error: write EPIPE
    at afterWriteDispatched (node:internal/stream_base_commons:159:15)
    at writeGeneric (node:internal/stream_base_commons:150:3)
    at Socket._writeGeneric (node:net:1025:11)
    at Socket._write (node:net:1037:8)
    at writeOrBuffer (node:internal/streams/writable:570:12)
    at _write (node:internal/streams/writable:499:10)
    at Writable.write (node:internal/streams/writable:508:10)
    at Console.log (/opt/homebrew/Cellar/firebase-cli/14.11.0/libexec/lib/node_modules/firebase-tools/node_modules/winston/lib/winston/transports/console.js:87:23)
    at Console._write (/opt/homebrew/Cellar/firebase-cli/14.11.0/libexec/lib/node_modules/firebase-tools/node_modules/winston-transport/modern.js:103:17)
    at doWrite (/opt/homebrew/Cellar/firebase-cli/14.11.0/libexec/lib/node_modules/firebase-tools/node_modules/winston-transport/node_modules/readable-stream/lib/_stream_writable.js:390:139)
[error] 
[error] Error: An unexpected error has occurred.
[debug] [2026-07-03T10:44:03.258Z] Error: write EPIPE
    at afterWriteDispatched (node:internal/stream_base_commons:159:15)
    at writeGeneric (node:internal/stream_base_commons:150:3)
    at Socket._writeGeneric (node:net:1025:11)
    at Socket._write (node:net:1037:8)
    at writeOrBuffer (node:internal/streams/writable:570:12)
    at _write (node:internal/streams/writable:499:10)
    at Writable.write (node:internal/streams/writable:508:10)
    at Console.log (/opt/homebrew/Cellar/firebase-cli/14.11.0/libexec/lib/node_modules/firebase-tools/node_modules/winston/lib/winston/transports/console.js:87:23)
    at Console._write (/opt/homebrew/Cellar/firebase-cli/14.11.0/libexec/lib/node_modules/firebase-tools/node_modules/winston-transport/modern.js:103:17)
    at doWrite (/opt/homebrew/Cellar/firebase-cli/14.11.0/libexec/lib/node_modules/firebase-tools/node_modules/winston-transport/node_modules/readable-stream/lib/_stream_writable.js:390:139)
[error] 
[error] Error: An unexpected error has occurred.
[debug] [2026-07-03T10:44:03.258Z] Error: write EPIPE
    at afterWriteDispatched (node:internal/stream_base_commons:159:15)
    at writeGeneric (node:internal/stream_base_commons:150:3)
    at Socket._writeGeneric (node:net:1025:11)
    at Socket._write (node:net:1037:8)
    at writeOrBuffer (node:internal/streams/writable:570:12)
    at _write (node:internal/streams/writable:499:10)
    at Writable.write (node:internal/streams/writable:508:10)
    at Console.log (/opt/homebrew/Cellar/firebase-cli/14.11.0/libexec/lib/node_modules/firebase-tools/node_modules/winston/lib/winston/transports/console.js:87:23)
    at Console._write (/opt/homebrew/Cellar/firebase-cli/14.11.0/libexec/lib/node_modules/firebase-tools/node_modules/winston-transport/modern.js:103:17)
    at doWrite (/opt/homebrew/Cellar/firebase-cli/14.11.0/libexec/lib/node_modules/firebase-tools/node_modules/winston-transport/node_modules/readable-stream/lib/_stream_writable.js:390:139)
[error] 
[error] Error: An unexpected error has occurred.
[debug] [2026-07-03T10:44:03.258Z] Error: write EPIPE
    at afterWriteDispatched (node:internal/stream_base_commons:159:15)
    at writeGeneric (node:internal/stream_base_commons:150:3)
    at Socket._writeGeneric (node:net:1025:11)
    at Socket._write (node:net:1037:8)
    at writeOrBuffer (node:internal/streams/writable:570:12)
    at _write (node:internal/streams/writable:499:10)
    at Writable.write (node:internal/streams/writable:508:10)
    at Console.log (/opt/homebrew/Cellar/firebase-cli/14.11.0/libexec/lib/node_modules/firebase-tools/node_modules/winston/lib/winston/transports/console.js:87:23)
    at Console._write (/opt/homebrew/Cellar/firebase-cli/14.11.0/libexec/lib/node_modules/firebase-tools/node_modules/winston-transport/modern.js:103:17)
    at doWrite (/opt/homebrew/Cellar/firebase-cli/14.11.0/libexec/lib/node_modules/firebase-tools/node_modules/winston-transport/node_modules/readable-stream/lib/_stream_writable.js:390:139)
[error] 
[error] Error: An unexpected error has occurred.
[debug] [2026-07-03T10:44:03.258Z] Error: write EPIPE
    at afterWriteDispatched (node:internal/stream_base_commons:159:15)
    at writeGeneric (node:internal/stream_base_commons:150:3)
    at Socket._writeGeneric (node:net:1025:11)
    at Socket._write (node:net:1037:8)
    at writeOrBuffer (node:internal/streams/writable:570:12)
    at _write (node:internal/streams/writable:499:10)
    at Writable.write (node:internal/streams/writable:508:10)
    at Console.log (/opt/homebrew/Cellar/firebase-cli/14.11.0/libexec/lib/node_modules/firebase-tools/node_modules/winston/lib/winston/transports/console.js:87:23)
    at Console._write (/opt/homebrew/Cellar/firebase-cli/14.11.0/libexec/lib/node_modules/firebase-tools/node_modules/winston-transport/modern.js:103:17)
    at doWrite (/opt/homebrew/Cellar/firebase-cli/14.11.0/libexec/lib/node_modules/firebase-tools/node_modules/winston-transport/node_modules/readable-stream/lib/_stream_writable.js:390:139)
[error] 
[error] Error: An unexpected error has occurred.
[debug] [2026-07-03T10:44:03.258Z] Error: write EPIPE
    at afterWriteDispatched (node:internal/stream_base_commons:159:15)
    at writeGeneric (node:internal/stream_base_commons:150:3)
    at Socket._writeGeneric (node:net:1025:11)
    at Socket._write (node:net:1037:8)
    at writeOrBuffer (node:internal/streams/writable:570:12)
    at _write (node:internal/streams/writable:499:10)
    at Writable.write (node:internal/streams/writable:508:10)
    at Console.log (/opt/homebrew/Cellar/firebase-cli/14.11.0/libexec/lib/node_modules/firebase-tools/node_modules/winston/lib/winston/transports/console.js:87:23)
    at Console._write (/opt/homebrew/Cellar/firebase-cli/14.11.0/libexec/lib/node_modules/firebase-tools/node_modules/winston-transport/modern.js:103:17)
    at doWrite (/opt/homebrew/Cellar/firebase-cli/14.11.0/libexec/lib/node_modules/firebase-tools/node_modules/winston-transport/node_modules/readable-stream/lib/_stream_writable.js:390:139)
[error] 
[error] Error: An unexpected error has occurred.
[debug] [2026-07-03T10:44:03.259Z] Error: write EPIPE
    at afterWriteDispatched (node:internal/stream_base_commons:159:15)
    at writeGeneric (node:internal/stream_base_commons:150:3)
    at Socket._writeGeneric (node:net:1025:11)
    at Socket._write (node:net:1037:8)
    at writeOrBuffer (node:internal/streams/writable:570:12)
    at _write (node:internal/streams/writable:499:10)
    at Writable.write (node:internal/streams/writable:508:10)
    at Console.log (/opt/homebrew/Cellar/firebase-cli/14.11.0/libexec/lib/node_modules/firebase-tools/node_modules/winston/lib/winston/transports/console.js:87:23)
    at Console._write (/opt/homebrew/Cellar/firebase-cli/14.11.0/libexec/lib/node_modules/firebase-tools/node_modules/winston-transport/modern.js:103:17)
    at doWrite (/opt/homebrew/Cellar/firebase-cli/14.11.0/libexec/lib/node_modules/firebase-tools/node_modules/winston-transport/node_modules/readable-stream/lib/_stream_writable.js:390:139)
[error] 
[error] Error: An unexpected error has occurred.
[debug] [2026-07-03T10:44:03.259Z] Error: write EPIPE
    at afterWriteDispatched (node:internal/stream_base_commons:159:15)
    at writeGeneric (node:internal/stream_base_commons:150:3)
    at Socket._writeGeneric (node:net:1025:11)
    at Socket._write (node:net:1037:8)
    at writeOrBuffer (node:internal/streams/writable:570:12)
    at _write (node:internal/streams/writable:499:10)
    at Writable.write (node:internal/streams/writable:508:10)
    at Console.log (/opt/homebrew/Cellar/firebase-cli/14.11.0/libexec/lib/node_modules/firebase-tools/node_modules/winston/lib/winston/transports/console.js:87:23)
    at Console._write (/opt/homebrew/Cellar/firebase-cli/14.11.0/libexec/lib/node_modules/firebase-tools/node_modules/winston-transport/modern.js:103:17)
    at doWrite (/opt/homebrew/Cellar/firebase-cli/14.11.0/libexec/lib/node_modules/firebase-tools/node_modules/winston-transport/node_modules/readable-stream/lib/_stream_writable.js:390:139)
[error] 
[error] Error: An unexpected error has occurred.
[debug] [2026-07-03T10:44:03.259Z] Error: write EPIPE
    at afterWriteDispatched (node:internal/stream_base_commons:159:15)
    at writeGeneric (node:internal/stream_base_commons:150:3)
    at Socket._writeGeneric (node:net:1025:11)
    at Socket._write (node:net:1037:8)
    at writeOrBuffer (node:internal/streams/writable:570:12)
    at _write (node:internal/streams/writable:499:10)
    at Writable.write (node:internal/streams/writable:508:10)
    at Console.log (/opt/homebrew/Cellar/firebase-cli/14.11.0/libexec/lib/node_modules/firebase-tools/node_modules/winston/lib/winston/transports/console.js:87:23)
    at Console._write (/opt/homebrew/Cellar/firebase-cli/14.11.0/libexec/lib/node_modules/firebase-tools/node_modules/winston-transport/modern.js:103:17)
    at doWrite (/opt/homebrew/Cellar/firebase-cli/14.11.0/libexec/lib/node_modules/firebase-tools/node_modules/winston-transport/node_modules/readable-stream/lib/_stream_writable.js:390:139)
[error] 
[error] Error: An unexpected error has occurred.
[debug] [2026-07-03T10:44:03.259Z] Error: write EPIPE
    at afterWriteDispatched (node:internal/stream_base_commons:159:15)
    at writeGeneric (node:internal/stream_base_commons:150:3)
    at Socket._writeGeneric (node:net:1025:11)
    at Socket._write (node:net:1037:8)
    at writeOrBuffer (node:internal/streams/writable:570:12)
    at _write (node:internal/streams/writable:499:10)
    at Writable.write (node:internal/streams/writable:508:10)
    at Console.log (/opt/homebrew/Cellar/firebase-cli/14.11.0/libexec/lib/node_modules/firebase-tools/node_modules/winston/lib/winston/transports/console.js:87:23)
    at Console._write (/opt/homebrew/Cellar/firebase-cli/14.11.0/libexec/lib/node_modules/firebase-tools/node_modules/winston-transport/modern.js:103:17)
    at doWrite (/opt/homebrew/Cellar/firebase-cli/14.11.0/libexec/lib/node_modules/firebase-tools/node_modules/winston-transport/node_modules/readable-stream/lib/_stream_writable.js:390:139)
[error] 
[error] Error: An unexpected error has occurred.
[debug] [2026-07-03T10:44:03.259Z] Error: write EPIPE
    at afterWriteDispatched (node:internal/stream_base_commons:159:15)
    at writeGeneric (node:internal/stream_base_commons:150:3)
    at Socket._writeGeneric (node:net:1025:11)
    at Socket._write (node:net:1037:8)
    at writeOrBuffer (node:internal/streams/writable:570:12)
    at _write (node:internal/streams/writable:499:10)
    at Writable.write (node:internal/streams/writable:508:10)
    at Console.log (/opt/homebrew/Cellar/firebase-cli/14.11.0/libexec/lib/node_modules/firebase-tools/node_modules/winston/lib/winston/transports/console.js:87:23)
    at Console._write (/opt/homebrew/Cellar/firebase-cli/14.11.0/libexec/lib/node_modules/firebase-tools/node_modules/winston-transport/modern.js:103:17)
    at doWrite (/opt/homebrew/Cellar/firebase-cli/14.11.0/libexec/lib/node_modules/firebase-tools/node_modules/winston-transport/node_modules/readable-stream/lib/_stream_writable.js:390:139)
[error] 
[error] Error: An unexpected error has occurred.
[debug] [2026-07-03T10:44:03.259Z] Error: write EPIPE
    at afterWriteDispatched (node:internal/stream_base_commons:159:15)
    at writeGeneric (node:internal/stream_base_commons:150:3)
    at Socket._writeGeneric (node:net:1025:11)
    at Socket._write (node:net:1037:8)
    at writeOrBuffer (node:internal/streams/writable:570:12)
    at _write (node:internal/streams/writable:499:10)
    at Writable.write (node:internal/streams/writable:508:10)
    at Console.log (/opt/homebrew/Cellar/firebase-cli/14.11.0/libexec/lib/node_modules/firebase-tools/node_modules/winston/lib/winston/transports/console.js:87:23)
    at Console._write (/opt/homebrew/Cellar/firebase-cli/14.11.0/libexec/lib/node_modules/firebase-tools/node_modules/winston-transport/modern.js:103:17)
    at doWrite (/opt/homebrew/Cellar/firebase-cli/14.11.0/libexec/lib/node_modules/firebase-tools/node_modules/winston-transport/node_modules/readable-stream/lib/_stream_writable.js:390:139)
[error] 
[error] Error: An unexpected error has occurred.
[debug] [2026-07-03T10:44:03.259Z] Error: write EPIPE
    at afterWriteDispatched (node:internal/stream_base_commons:159:15)
    at writeGeneric (node:internal/stream_base_commons:150:3)
    at Socket._writeGeneric (node:net:1025:11)
    at Socket._write (node:net:1037:8)
    at writeOrBuffer (node:internal/streams/writable:570:12)
    at _write (node:internal/streams/writable:499:10)
    at Writable.write (node:internal/streams/writable:508:10)
    at Console.log (/opt/homebrew/Cellar/firebase-cli/14.11.0/libexec/lib/node_modules/firebase-tools/node_modules/winston/lib/winston/transports/console.js:87:23)
    at Console._write (/opt/homebrew/Cellar/firebase-cli/14.11.0/libexec/lib/node_modules/firebase-tools/node_modules/winston-transport/modern.js:103:17)
    at doWrite (/opt/homebrew/Cellar/firebase-cli/14.11.0/libexec/lib/node_modules/firebase-tools/node_modules/winston-transport/node_modules/readable-stream/lib/_stream_writable.js:390:139)
[error] 
[error] Error: An unexpected error has occurred.
[debug] [2026-07-03T10:44:03.259Z] Error: write EPIPE
    at afterWriteDispatched (node:internal/stream_base_commons:159:15)
    at writeGeneric (node:internal/stream_base_commons:150:3)
    at Socket._writeGeneric (node:net:1025:11)
    at Socket._write (node:net:1037:8)
    at writeOrBuffer (node:internal/streams/writable:570:12)
    at _write (node:internal/streams/writable:499:10)
    at Writable.write (node:internal/streams/writable:508:10)
    at Console.log (/opt/homebrew/Cellar/firebase-cli/14.11.0/libexec/lib/node_modules/firebase-tools/node_modules/winston/lib/winston/transports/console.js:87:23)
    at Console._write (/opt/homebrew/Cellar/firebase-cli/14.11.0/libexec/lib/node_modules/firebase-tools/node_modules/winston-transport/modern.js:103:17)
    at doWrite (/opt/homebrew/Cellar/firebase-cli/14.11.0/libexec/lib/node_modules/firebase-tools/node_modules/winston-transport/node_modules/readable-stream/lib/_stream_writable.js:390:139)
[error] 
[error] Error: An unexpected error has occurred.
[debug] [2026-07-03T10:44:03.260Z] Error: write EPIPE
    at afterWriteDispatched (node:internal/stream_base_commons:159:15)
    at writeGeneric (node:internal/stream_base_commons:150:3)
    at Socket._writeGeneric (node:net:1025:11)
    at Socket._write (node:net:1037:8)
    at writeOrBuffer (node:internal/streams/writable:570:12)
    at _write (node:internal/streams/writable:499:10)
    at Writable.write (node:internal/streams/writable:508:10)
    at Console.log (/opt/homebrew/Cellar/firebase-cli/14.11.0/libexec/lib/node_modules/firebase-tools/node_modules/winston/lib/winston/transports/console.js:87:23)
    at Console._write (/opt/homebrew/Cellar/firebase-cli/14.11.0/libexec/lib/node_modules/firebase-tools/node_modules/winston-transport/modern.js:103:17)
    at doWrite (/opt/homebrew/Cellar/firebase-cli/14.11.0/libexec/lib/node_modules/firebase-tools/node_modules/winston-transport/node_modules/readable-stream/lib/_stream_writable.js:390:139)
[error] 
[error] Error: An unexpected error has occurred.
[debug] [2026-07-03T10:44:03.260Z] Error: write EPIPE
    at afterWriteDispatched (node:internal/stream_base_commons:159:15)
    at writeGeneric (node:internal/stream_base_commons:150:3)
    at Socket._writeGeneric (node:net:1025:11)
    at Socket._write (node:net:1037:8)
    at writeOrBuffer (node:internal/streams/writable:570:12)
    at _write (node:internal/streams/writable:499:10)
    at Writable.write (node:internal/streams/writable:508:10)
    at Console.log (/opt/homebrew/Cellar/firebase-cli/14.11.0/libexec/lib/node_modules/firebase-tools/node_modules/winston/lib/winston/transports/console.js:87:23)
    at Console._write (/opt/homebrew/Cellar/firebase-cli/14.11.0/libexec/lib/node_modules/firebase-tools/node_modules/winston-transport/modern.js:103:17)
    at doWrite (/opt/homebrew/Cellar/firebase-cli/14.11.0/libexec/lib/node_modules/firebase-tools/node_modules/winston-transport/node_modules/readable-stream/lib/_stream_writable.js:390:139)
[error] 
[error] Error: An unexpected error has occurred.
[debug] [2026-07-03T10:44:03.260Z] Error: write EPIPE
    at afterWriteDispatched (node:internal/stream_base_commons:159:15)
    at writeGeneric (node:internal/stream_base_commons:150:3)
    at Socket._writeGeneric (node:net:1025:11)
    at Socket._write (node:net:1037:8)
    at writeOrBuffer (node:internal/streams/writable:570:12)
    at _write (node:internal/streams/writable:499:10)
    at Writable.write (node:internal/streams/writable:508:10)
    at Console.log (/opt/homebrew/Cellar/firebase-cli/14.11.0/libexec/lib/node_modules/firebase-tools/node_modules/winston/lib/winston/transports/console.js:87:23)
    at Console._write (/opt/homebrew/Cellar/firebase-cli/14.11.0/libexec/lib/node_modules/firebase-tools/node_modules/winston-transport/modern.js:103:17)
    at doWrite (/opt/homebrew/Cellar/firebase-cli/14.11.0/libexec/lib/node_modules/firebase-tools/node_modules/winston-transport/node_modules/readable-stream/lib/_stream_writable.js:390:139)
[error] 
[error] Error: An unexpected error has occurred.
[debug] [2026-07-03T10:44:03.260Z] Error: write EPIPE
    at afterWriteDispatched (node:internal/stream_base_commons:159:15)
    at writeGeneric (node:internal/stream_base_commons:150:3)
    at Socket._writeGeneric (node:net:1025:11)
    at Socket._write (node:net:1037:8)
    at writeOrBuffer (node:internal/streams/writable:570:12)
    at _write (node:internal/streams/writable:499:10)
    at Writable.write (node:internal/streams/writable:508:10)
    at Console.log (/opt/homebrew/Cellar/firebase-cli/14.11.0/libexec/lib/node_modules/firebase-tools/node_modules/winston/lib/winston/transports/console.js:87:23)
    at Console._write (/opt/homebrew/Cellar/firebase-cli/14.11.0/libexec/lib/node_modules/firebase-tools/node_modules/winston-transport/modern.js:103:17)
    at doWrite (/opt/homebrew/Cellar/firebase-cli/14.11.0/libexec/lib/node_modules/firebase-tools/node_modules/winston-transport/node_modules/readable-stream/lib/_stream_writable.js:390:139)
[error] 
[error] Error: An unexpected error has occurred.
[debug] [2026-07-03T10:44:03.260Z] Error: write EPIPE
    at afterWriteDispatched (node:internal/stream_base_commons:159:15)
    at writeGeneric (node:internal/stream_base_commons:150:3)
    at Socket._writeGeneric (node:net:1025:11)
    at Socket._write (node:net:1037:8)
    at writeOrBuffer (node:internal/streams/writable:570:12)
    at _write (node:internal/streams/writable:499:10)
    at Writable.write (node:internal/streams/writable:508:10)
    at Console.log (/opt/homebrew/Cellar/firebase-cli/14.11.0/libexec/lib/node_modules/firebase-tools/node_modules/winston/lib/winston/transports/console.js:87:23)
    at Console._write (/opt/homebrew/Cellar/firebase-cli/14.11.0/libexec/lib/node_modules/firebase-tools/node_modules/winston-transport/modern.js:103:17)
    at doWrite (/opt/homebrew/Cellar/firebase-cli/14.11.0/libexec/lib/node_modules/firebase-tools/node_modules/winston-transport/node_modules/readable-stream/lib/_stream_writable.js:390:139)
[error] 
[error] Error: An unexpected error has occurred.
[debug] [2026-07-03T10:44:03.260Z] Error: write EPIPE
    at afterWriteDispatched (node:internal/stream_base_commons:159:15)
    at writeGeneric (node:internal/stream_base_commons:150:3)
    at Socket._writeGeneric (node:net:1025:11)
    at Socket._write (node:net:1037:8)
    at writeOrBuffer (node:internal/streams/writable:570:12)
    at _write (node:internal/streams/writable:499:10)
    at Writable.write (node:internal/streams/writable:508:10)
    at Console.log (/opt/homebrew/Cellar/firebase-cli/14.11.0/libexec/lib/node_modules/firebase-tools/node_modules/winston/lib/winston/transports/console.js:87:23)
    at Console._write (/opt/homebrew/Cellar/firebase-cli/14.11.0/libexec/lib/node_modules/firebase-tools/node_modules/winston-transport/modern.js:103:17)
    at doWrite (/opt/homebrew/Cellar/firebase-cli/14.11.0/libexec/lib/node_modules/firebase-tools/node_modules/winston-transport/node_modules/readable-stream/lib/_stream_writable.js:390:139)
[error] 
[error] Error: An unexpected error has occurred.
[debug] [2026-07-03T10:44:03.261Z] Error: write EPIPE
    at afterWriteDispatched (node:internal/stream_base_commons:159:15)
    at writeGeneric (node:internal/stream_base_commons:150:3)
    at Socket._writeGeneric (node:net:1025:11)
    at Socket._write (node:net:1037:8)
    at writeOrBuffer (node:internal/streams/writable:570:12)
    at _write (node:internal/streams/writable:499:10)
    at Writable.write (node:internal/streams/writable:508:10)
    at Console.log (/opt/homebrew/Cellar/firebase-cli/14.11.0/libexec/lib/node_modules/firebase-tools/node_modules/winston/lib/winston/transports/console.js:87:23)
    at Console._write (/opt/homebrew/Cellar/firebase-cli/14.11.0/libexec/lib/node_modules/firebase-tools/node_modules/winston-transport/modern.js:103:17)
    at doWrite (/opt/homebrew/Cellar/firebase-cli/14.11.0/libexec/lib/node_modules/firebase-tools/node_modules/winston-transport/node_modules/readable-stream/lib/_stream_writable.js:390:139)
[error] 
[error] Error: An unexpected error has occurred.
[debug] [2026-07-03T10:44:03.261Z] Error: write EPIPE
    at afterWriteDispatched (node:internal/stream_base_commons:159:15)
    at writeGeneric (node:internal/stream_base_commons:150:3)
    at Socket._writeGeneric (node:net:1025:11)
    at Socket._write (node:net:1037:8)
    at writeOrBuffer (node:internal/streams/writable:570:12)
    at _write (node:internal/streams/writable:499:10)
    at Writable.write (node:internal/streams/writable:508:10)
    at Console.log (/opt/homebrew/Cellar/firebase-cli/14.11.0/libexec/lib/node_modules/firebase-tools/node_modules/winston/lib/winston/transports/console.js:87:23)
    at Console._write (/opt/homebrew/Cellar/firebase-cli/14.11.0/libexec/lib/node_modules/firebase-tools/node_modules/winston-transport/modern.js:103:17)
    at doWrite (/opt/homebrew/Cellar/firebase-cli/14.11.0/libexec/lib/node_modules/firebase-tools/node_modules/winston-transport/node_modules/readable-stream/lib/_stream_writable.js:390:139)
[error] 
[error] Error: An unexpected error has occurred.
[debug] [2026-07-03T10:44:03.261Z] Error: write EPIPE
    at afterWriteDispatched (node:internal/stream_base_commons:159:15)
    at writeGeneric (node:internal/stream_base_commons:150:3)
    at Socket._writeGeneric (node:net:1025:11)
    at Socket._write (node:net:1037:8)
    at writeOrBuffer (node:internal/streams/writable:570:12)
    at _write (node:internal/streams/writable:499:10)
    at Writable.write (node:internal/streams/writable:508:10)
    at Console.log (/opt/homebrew/Cellar/firebase-cli/14.11.0/libexec/lib/node_modules/firebase-tools/node_modules/winston/lib/winston/transports/console.js:87:23)
    at Console._write (/opt/homebrew/Cellar/firebase-cli/14.11.0/libexec/lib/node_modules/firebase-tools/node_modules/winston-transport/modern.js:103:17)
    at doWrite (/opt/homebrew/Cellar/firebase-cli/14.11.0/libexec/lib/node_modules/firebase-tools/node_modules/winston-transport/node_modules/readable-stream/lib/_stream_writable.js:390:139)
[error] 
[error] Error: An unexpected error has occurred.
[debug] [2026-07-03T10:44:03.261Z] Error: write EPIPE
    at afterWriteDispatched (node:internal/stream_base_commons:159:15)
    at writeGeneric (node:internal/stream_base_commons:150:3)
    at Socket._writeGeneric (node:net:1025:11)
    at Socket._write (node:net:1037:8)
    at writeOrBuffer (node:internal/streams/writable:570:12)
    at _write (node:internal/streams/writable:499:10)
    at Writable.write (node:internal/streams/writable:508:10)
    at Console.log (/opt/homebrew/Cellar/firebase-cli/14.11.0/libexec/lib/node_modules/firebase-tools/node_modules/winston/lib/winston/transports/console.js:87:23)
    at Console._write (/opt/homebrew/Cellar/firebase-cli/14.11.0/libexec/lib/node_modules/firebase-tools/node_modules/winston-transport/modern.js:103:17)
    at doWrite (/opt/homebrew/Cellar/firebase-cli/14.11.0/libexec/lib/node_modules/firebase-tools/node_modules/winston-transport/node_modules/readable-stream/lib/_stream_writable.js:390:139)
[error] 
[error] Error: An unexpected error has occurred.
[debug] [2026-07-03T10:44:03.261Z] Error: write EPIPE
    at afterWriteDispatched (node:internal/stream_base_commons:159:15)
    at writeGeneric (node:internal/stream_base_commons:150:3)
    at Socket._writeGeneric (node:net:1025:11)
    at Socket._write (node:net:1037:8)
    at writeOrBuffer (node:internal/streams/writable:570:12)
    at _write (node:internal/streams/writable:499:10)
    at Writable.write (node:internal/streams/writable:508:10)
    at Console.log (/opt/homebrew/Cellar/firebase-cli/14.11.0/libexec/lib/node_modules/firebase-tools/node_modules/winston/lib/winston/transports/console.js:87:23)
    at Console._write (/opt/homebrew/Cellar/firebase-cli/14.11.0/libexec/lib/node_modules/firebase-tools/node_modules/winston-transport/modern.js:103:17)
    at doWrite (/opt/homebrew/Cellar/firebase-cli/14.11.0/libexec/lib/node_modules/firebase-tools/node_modules/winston-transport/node_modules/readable-stream/lib/_stream_writable.js:390:139)
[error] 
[error] Error: An unexpected error has occurred.
[debug] [2026-07-03T10:44:03.261Z] Error: write EPIPE
    at afterWriteDispatched (node:internal/stream_base_commons:159:15)
    at writeGeneric (node:internal/stream_base_commons:150:3)
    at Socket._writeGeneric (node:net:1025:11)
    at Socket._write (node:net:1037:8)
    at writeOrBuffer (node:internal/streams/writable:570:12)
    at _write (node:internal/streams/writable:499:10)
    at Writable.write (node:internal/streams/writable:508:10)
    at Console.log (/opt/homebrew/Cellar/firebase-cli/14.11.0/libexec/lib/node_modules/firebase-tools/node_modules/winston/lib/winston/transports/console.js:87:23)
    at Console._write (/opt/homebrew/Cellar/firebase-cli/14.11.0/libexec/lib/node_modules/firebase-tools/node_modules/winston-transport/modern.js:103:17)
    at doWrite (/opt/homebrew/Cellar/firebase-cli/14.11.0/libexec/lib/node_modules/firebase-tools/node_modules/winston-transport/node_modules/readable-stream/lib/_stream_writable.js:390:139)
[error] 
[error] Error: An unexpected error has occurred.
[debug] [2026-07-03T10:44:03.261Z] Error: write EPIPE
    at afterWriteDispatched (node:internal/stream_base_commons:159:15)
    at writeGeneric (node:internal/stream_base_commons:150:3)
    at Socket._writeGeneric (node:net:1025:11)
    at Socket._write (node:net:1037:8)
    at writeOrBuffer (node:internal/streams/writable:570:12)
    at _write (node:internal/streams/writable:499:10)
    at Writable.write (node:internal/streams/writable:508:10)
    at Console.log (/opt/homebrew/Cellar/firebase-cli/14.11.0/libexec/lib/node_modules/firebase-tools/node_modules/winston/lib/winston/transports/console.js:87:23)
    at Console._write (/opt/homebrew/Cellar/firebase-cli/14.11.0/libexec/lib/node_modules/firebase-tools/node_modules/winston-transport/modern.js:103:17)
    at doWrite (/opt/homebrew/Cellar/firebase-cli/14.11.0/libexec/lib/node_modules/firebase-tools/node_modules/winston-transport/node_modules/readable-stream/lib/_stream_writable.js:390:139)
[error] 
[error] Error: An unexpected error has occurred.
[debug] [2026-07-03T10:44:03.261Z] Error: write EPIPE
    at afterWriteDispatched (node:internal/stream_base_commons:159:15)
    at writeGeneric (node:internal/stream_base_commons:150:3)
    at Socket._writeGeneric (node:net:1025:11)
    at Socket._write (node:net:1037:8)
    at writeOrBuffer (node:internal/streams/writable:570:12)
    at _write (node:internal/streams/writable:499:10)
    at Writable.write (node:internal/streams/writable:508:10)
    at Console.log (/opt/homebrew/Cellar/firebase-cli/14.11.0/libexec/lib/node_modules/firebase-tools/node_modules/winston/lib/winston/transports/console.js:87:23)
    at Console._write (/opt/homebrew/Cellar/firebase-cli/14.11.0/libexec/lib/node_modules/firebase-tools/node_modules/winston-transport/modern.js:103:17)
    at doWrite (/opt/homebrew/Cellar/firebase-cli/14.11.0/libexec/lib/node_modules/firebase-tools/node_modules/winston-transport/node_modules/readable-stream/lib/_stream_writable.js:390:139)
[error] 
[error] Error: An unexpected error has occurred.
[debug] [2026-07-03T10:44:03.261Z] Error: write EPIPE
    at afterWriteDispatched (node:internal/stream_base_commons:159:15)
    at writeGeneric (node:internal/stream_base_commons:150:3)
    at Socket._writeGeneric (node:net:1025:11)
    at Socket._write (node:net:1037:8)
    at writeOrBuffer (node:internal/streams/writable:570:12)
    at _write (node:internal/streams/writable:499:10)
    at Writable.write (node:internal/streams/writable:508:10)
    at Console.log (/opt/homebrew/Cellar/firebase-cli/14.11.0/libexec/lib/node_modules/firebase-tools/node_modules/winston/lib/winston/transports/console.js:87:23)
    at Console._write (/opt/homebrew/Cellar/firebase-cli/14.11.0/libexec/lib/node_modules/firebase-tools/node_modules/winston-transport/modern.js:103:17)
    at doWrite (/opt/homebrew/Cellar/firebase-cli/14.11.0/libexec/lib/node_modules/firebase-tools/node_modules/winston-transport/node_modules/readable-stream/lib/_stream_writable.js:390:139)
[error] 
[error] Error: An unexpected error has occurred.
[debug] [2026-07-03T10:44:03.262Z] Error: write EPIPE
    at afterWriteDispatched (node:internal/stream_base_commons:159:15)
    at writeGeneric (node:internal/stream_base_commons:150:3)
    at Socket._writeGeneric (node:net:1025:11)
    at Socket._write (node:net:1037:8)
    at writeOrBuffer (node:internal/streams/writable:570:12)
    at _write (node:internal/streams/writable:499:10)
    at Writable.write (node:internal/streams/writable:508:10)
    at Console.log (/opt/homebrew/Cellar/firebase-cli/14.11.0/libexec/lib/node_modules/firebase-tools/node_modules/winston/lib/winston/transports/console.js:87:23)
    at Console._write (/opt/homebrew/Cellar/firebase-cli/14.11.0/libexec/lib/node_modules/firebase-tools/node_modules/winston-transport/modern.js:103:17)
    at doWrite (/opt/homebrew/Cellar/firebase-cli/14.11.0/libexec/lib/node_modules/firebase-tools/node_modules/winston-transport/node_modules/readable-stream/lib/_stream_writable.js:390:139)
[error] 
[error] Error: An unexpected error has occurred.
[debug] [2026-07-03T10:44:03.262Z] Error: write EPIPE
    at afterWriteDispatched (node:internal/stream_base_commons:159:15)
    at writeGeneric (node:internal/stream_base_commons:150:3)
    at Socket._writeGeneric (node:net:1025:11)
    at Socket._write (node:net:1037:8)
    at writeOrBuffer (node:internal/streams/writable:570:12)
    at _write (node:internal/streams/writable:499:10)
    at Writable.write (node:internal/streams/writable:508:10)
    at Console.log (/opt/homebrew/Cellar/firebase-cli/14.11.0/libexec/lib/node_modules/firebase-tools/node_modules/winston/lib/winston/transports/console.js:87:23)
    at Console._write (/opt/homebrew/Cellar/firebase-cli/14.11.0/libexec/lib/node_modules/firebase-tools/node_modules/winston-transport/modern.js:103:17)
    at doWrite (/opt/homebrew/Cellar/firebase-cli/14.11.0/libexec/lib/node_modules/firebase-tools/node_modules/winston-transport/node_modules/readable-stream/lib/_stream_writable.js:390:139)
[error] 
[error] Error: An unexpected error has occurred.
[debug] [2026-07-03T10:44:03.262Z] Error: write EPIPE
    at afterWriteDispatched (node:internal/stream_base_commons:159:15)
    at writeGeneric (node:internal/stream_base_commons:150:3)
    at Socket._writeGeneric (node:net:1025:11)
    at Socket._write (node:net:1037:8)
    at writeOrBuffer (node:internal/streams/writable:570:12)
    at _write (node:internal/streams/writable:499:10)
    at Writable.write (node:internal/streams/writable:508:10)
    at Console.log (/opt/homebrew/Cellar/firebase-cli/14.11.0/libexec/lib/node_modules/firebase-tools/node_modules/winston/lib/winston/transports/console.js:87:23)
    at Console._write (/opt/homebrew/Cellar/firebase-cli/14.11.0/libexec/lib/node_modules/firebase-tools/node_modules/winston-transport/modern.js:103:17)
    at doWrite (/opt/homebrew/Cellar/firebase-cli/14.11.0/libexec/lib/node_modules/firebase-tools/node_modules/winston-transport/node_modules/readable-stream/lib/_stream_writable.js:390:139)
[error] 
[error] Error: An unexpected error has occurred.
[debug] [2026-07-03T10:44:03.262Z] Error: write EPIPE
    at afterWriteDispatched (node:internal/stream_base_commons:159:15)
    at writeGeneric (node:internal/stream_base_commons:150:3)
    at Socket._writeGeneric (node:net:1025:11)
    at Socket._write (node:net:1037:8)
    at writeOrBuffer (node:internal/streams/writable:570:12)
    at _write (node:internal/streams/writable:499:10)
    at Writable.write (node:internal/streams/writable:508:10)
    at Console.log (/opt/homebrew/Cellar/firebase-cli/14.11.0/libexec/lib/node_modules/firebase-tools/node_modules/winston/lib/winston/transports/console.js:87:23)
    at Console._write (/opt/homebrew/Cellar/firebase-cli/14.11.0/libexec/lib/node_modules/firebase-tools/node_modules/winston-transport/modern.js:103:17)
    at doWrite (/opt/homebrew/Cellar/firebase-cli/14.11.0/libexec/lib/node_modules/firebase-tools/node_modules/winston-transport/node_modules/readable-stream/lib/_stream_writable.js:390:139)
[error] 
[error] Error: An unexpected error has occurred.
[debug] [2026-07-03T10:44:03.262Z] Error: write EPIPE
    at afterWriteDispatched (node:internal/stream_base_commons:159:15)
    at writeGeneric (node:internal/stream_base_commons:150:3)
    at Socket._writeGeneric (node:net:1025:11)
    at Socket._write (node:net:1037:8)
    at writeOrBuffer (node:internal/streams/writable:570:12)
    at _write (node:internal/streams/writable:499:10)
    at Writable.write (node:internal/streams/writable:508:10)
    at Console.log (/opt/homebrew/Cellar/firebase-cli/14.11.0/libexec/lib/node_modules/firebase-tools/node_modules/winston/lib/winston/transports/console.js:87:23)
    at Console._write (/opt/homebrew/Cellar/firebase-cli/14.11.0/libexec/lib/node_modules/firebase-tools/node_modules/winston-transport/modern.js:103:17)
    at doWrite (/opt/homebrew/Cellar/firebase-cli/14.11.0/libexec/lib/node_modules/firebase-tools/node_modules/winston-transport/node_modules/readable-stream/lib/_stream_writable.js:390:139)
[error] 
[error] Error: An unexpected error has occurred.
[debug] [2026-07-03T10:44:03.262Z] Error: write EPIPE
    at afterWriteDispatched (node:internal/stream_base_commons:159:15)
    at writeGeneric (node:internal/stream_base_commons:150:3)
    at Socket._writeGeneric (node:net:1025:11)
    at Socket._write (node:net:1037:8)
    at writeOrBuffer (node:internal/streams/writable:570:12)
    at _write (node:internal/streams/writable:499:10)
    at Writable.write (node:internal/streams/writable:508:10)
    at Console.log (/opt/homebrew/Cellar/firebase-cli/14.11.0/libexec/lib/node_modules/firebase-tools/node_modules/winston/lib/winston/transports/console.js:87:23)
    at Console._write (/opt/homebrew/Cellar/firebase-cli/14.11.0/libexec/lib/node_modules/firebase-tools/node_modules/winston-transport/modern.js:103:17)
    at doWrite (/opt/homebrew/Cellar/firebase-cli/14.11.0/libexec/lib/node_modules/firebase-tools/node_modules/winston-transport/node_modules/readable-stream/lib/_stream_writable.js:390:139)
[error] 
[error] Error: An unexpected error has occurred.
[debug] [2026-07-03T10:44:03.262Z] Error: write EPIPE
    at afterWriteDispatched (node:internal/stream_base_commons:159:15)
    at writeGeneric (node:internal/stream_base_commons:150:3)
    at Socket._writeGeneric (node:net:1025:11)
    at Socket._write (node:net:1037:8)
    at writeOrBuffer (node:internal/streams/writable:570:12)
    at _write (node:internal/streams/writable:499:10)
    at Writable.write (node:internal/streams/writable:508:10)
    at Console.log (/opt/homebrew/Cellar/firebase-cli/14.11.0/libexec/lib/node_modules/firebase-tools/node_modules/winston/lib/winston/transports/console.js:87:23)
    at Console._write (/opt/homebrew/Cellar/firebase-cli/14.11.0/libexec/lib/node_modules/firebase-tools/node_modules/winston-transport/modern.js:103:17)
    at doWrite (/opt/homebrew/Cellar/firebase-cli/14.11.0/libexec/lib/node_modules/firebase-tools/node_modules/winston-transport/node_modules/readable-stream/lib/_stream_writable.js:390:139)
[error] 
[error] Error: An unexpected error has occurred.
[debug] [2026-07-03T10:44:03.262Z] Error: write EPIPE
    at afterWriteDispatched (node:internal/stream_base_commons:159:15)
    at writeGeneric (node:internal/stream_base_commons:150:3)
    at Socket._writeGeneric (node:net:1025:11)
    at Socket._write (node:net:1037:8)
    at writeOrBuffer (node:internal/streams/writable:570:12)
    at _write (node:internal/streams/writable:499:10)
    at Writable.write (node:internal/streams/writable:508:10)
    at Console.log (/opt/homebrew/Cellar/firebase-cli/14.11.0/libexec/lib/node_modules/firebase-tools/node_modules/winston/lib/winston/transports/console.js:87:23)
    at Console._write (/opt/homebrew/Cellar/firebase-cli/14.11.0/libexec/lib/node_modules/firebase-tools/node_modules/winston-transport/modern.js:103:17)
    at doWrite (/opt/homebrew/Cellar/firebase-cli/14.11.0/libexec/lib/node_modules/firebase-tools/node_modules/winston-transport/node_modules/readable-stream/lib/_stream_writable.js:390:139)
[error] 
[error] Error: An unexpected error has occurred.
[debug] [2026-07-03T10:44:03.263Z] Error: write EPIPE
    at afterWriteDispatched (node:internal/stream_base_commons:159:15)
    at writeGeneric (node:internal/stream_base_commons:150:3)
    at Socket._writeGeneric (node:net:1025:11)
    at Socket._write (node:net:1037:8)
    at writeOrBuffer (node:internal/streams/writable:570:12)
    at _write (node:internal/streams/writable:499:10)
    at Writable.write (node:internal/streams/writable:508:10)
    at Console.log (/opt/homebrew/Cellar/firebase-cli/14.11.0/libexec/lib/node_modules/firebase-tools/node_modules/winston/lib/winston/transports/console.js:87:23)
    at Console._write (/opt/homebrew/Cellar/firebase-cli/14.11.0/libexec/lib/node_modules/firebase-tools/node_modules/winston-transport/modern.js:103:17)
    at doWrite (/opt/homebrew/Cellar/firebase-cli/14.11.0/libexec/lib/node_modules/firebase-tools/node_modules/winston-transport/node_modules/readable-stream/lib/_stream_writable.js:390:139)
[error] 
[error] Error: An unexpected error has occurred.
[debug] [2026-07-03T10:44:03.263Z] Error: write EPIPE
    at afterWriteDispatched (node:internal/stream_base_commons:159:15)
    at writeGeneric (node:internal/stream_base_commons:150:3)
    at Socket._writeGeneric (node:net:1025:11)
    at Socket._write (node:net:1037:8)
    at writeOrBuffer (node:internal/streams/writable:570:12)
    at _write (node:internal/streams/writable:499:10)
    at Writable.write (node:internal/streams/writable:508:10)
    at Console.log (/opt/homebrew/Cellar/firebase-cli/14.11.0/libexec/lib/node_modules/firebase-tools/node_modules/winston/lib/winston/transports/console.js:87:23)
    at Console._write (/opt/homebrew/Cellar/firebase-cli/14.11.0/libexec/lib/node_modules/firebase-tools/node_modules/winston-transport/modern.js:103:17)
    at doWrite (/opt/homebrew/Cellar/firebase-cli/14.11.0/libexec/lib/node_modules/firebase-tools/node_modules/winston-transport/node_modules/readable-stream/lib/_stream_writable.js:390:139)
[error] 
[error] Error: An unexpected error has occurred.
[debug] [2026-07-03T10:44:03.263Z] Error: write EPIPE
    at afterWriteDispatched (node:internal/stream_base_commons:159:15)
    at writeGeneric (node:internal/stream_base_commons:150:3)
    at Socket._writeGeneric (node:net:1025:11)
    at Socket._write (node:net:1037:8)
    at writeOrBuffer (node:internal/streams/writable:570:12)
    at _write (node:internal/streams/writable:499:10)
    at Writable.write (node:internal/streams/writable:508:10)
    at Console.log (/opt/homebrew/Cellar/firebase-cli/14.11.0/libexec/lib/node_modules/firebase-tools/node_modules/winston/lib/winston/transports/console.js:87:23)
    at Console._write (/opt/homebrew/Cellar/firebase-cli/14.11.0/libexec/lib/node_modules/firebase-tools/node_modules/winston-transport/modern.js:103:17)
    at doWrite (/opt/homebrew/Cellar/firebase-cli/14.11.0/libexec/lib/node_modules/firebase-tools/node_modules/winston-transport/node_modules/readable-stream/lib/_stream_writable.js:390:139)
[error] 
[error] Error: An unexpected error has occurred.
[debug] [2026-07-03T10:44:03.263Z] Error: write EPIPE
    at afterWriteDispatched (node:internal/stream_base_commons:159:15)
    at writeGeneric (node:internal/stream_base_commons:150:3)
    at Socket._writeGeneric (node:net:1025:11)
    at Socket._write (node:net:1037:8)
    at writeOrBuffer (node:internal/streams/writable:570:12)
    at _write (node:internal/streams/writable:499:10)
    at Writable.write (node:internal/streams/writable:508:10)
    at Console.log (/opt/homebrew/Cellar/firebase-cli/14.11.0/libexec/lib/node_modules/firebase-tools/node_modules/winston/lib/winston/transports/console.js:87:23)
    at Console._write (/opt/homebrew/Cellar/firebase-cli/14.11.0/libexec/lib/node_modules/firebase-tools/node_modules/winston-transport/modern.js:103:17)
    at doWrite (/opt/homebrew/Cellar/firebase-cli/14.11.0/libexec/lib/node_modules/firebase-tools/node_modules/winston-transport/node_modules/readable-stream/lib/_stream_writable.js:390:139)
[error] 
[error] Error: An unexpected error has occurred.
[debug] [2026-07-03T10:44:03.264Z] Error: write EPIPE
    at afterWriteDispatched (node:internal/stream_base_commons:159:15)
    at writeGeneric (node:internal/stream_base_commons:150:3)
    at Socket._writeGeneric (node:net:1025:11)
    at Socket._write (node:net:1037:8)
    at writeOrBuffer (node:internal/streams/writable:570:12)
    at _write (node:internal/streams/writable:499:10)
    at Writable.write (node:internal/streams/writable:508:10)
    at Console.log (/opt/homebrew/Cellar/firebase-cli/14.11.0/libexec/lib/node_modules/firebase-tools/node_modules/winston/lib/winston/transports/console.js:87:23)
    at Console._write (/opt/homebrew/Cellar/firebase-cli/14.11.0/libexec/lib/node_modules/firebase-tools/node_modules/winston-transport/modern.js:103:17)
    at doWrite (/opt/homebrew/Cellar/firebase-cli/14.11.0/libexec/lib/node_modules/firebase-tools/node_modules/winston-transport/node_modules/readable-stream/lib/_stream_writable.js:390:139)
[error] 
[error] Error: An unexpected error has occurred.
[debug] [2026-07-03T10:44:03.264Z] Error: write EPIPE
    at afterWriteDispatched (node:internal/stream_base_commons:159:15)
    at writeGeneric (node:internal/stream_base_commons:150:3)
    at Socket._writeGeneric (node:net:1025:11)
    at Socket._write (node:net:1037:8)
    at writeOrBuffer (node:internal/streams/writable:570:12)
    at _write (node:internal/streams/writable:499:10)
    at Writable.write (node:internal/streams/writable:508:10)
    at Console.log (/opt/homebrew/Cellar/firebase-cli/14.11.0/libexec/lib/node_modules/firebase-tools/node_modules/winston/lib/winston/transports/console.js:87:23)
    at Console._write (/opt/homebrew/Cellar/firebase-cli/14.11.0/libexec/lib/node_modules/firebase-tools/node_modules/winston-transport/modern.js:103:17)
    at doWrite (/opt/homebrew/Cellar/firebase-cli/14.11.0/libexec/lib/node_modules/firebase-tools/node_modules/winston-transport/node_modules/readable-stream/lib/_stream_writable.js:390:139)
[error] 
[error] Error: An unexpected error has occurred.
[debug] [2026-07-03T10:44:03.264Z] Error: write EPIPE
    at afterWriteDispatched (node:internal/stream_base_commons:159:15)
    at writeGeneric (node:internal/stream_base_commons:150:3)
    at Socket._writeGeneric (node:net:1025:11)
    at Socket._write (node:net:1037:8)
    at writeOrBuffer (node:internal/streams/writable:570:12)
    at _write (node:internal/streams/writable:499:10)
    at Writable.write (node:internal/streams/writable:508:10)
    at Console.log (/opt/homebrew/Cellar/firebase-cli/14.11.0/libexec/lib/node_modules/firebase-tools/node_modules/winston/lib/winston/transports/console.js:87:23)
    at Console._write (/opt/homebrew/Cellar/firebase-cli/14.11.0/libexec/lib/node_modules/firebase-tools/node_modules/winston-transport/modern.js:103:17)
    at doWrite (/opt/homebrew/Cellar/firebase-cli/14.11.0/libexec/lib/node_modules/firebase-tools/node_modules/winston-transport/node_modules/readable-stream/lib/_stream_writable.js:390:139)
[error] 
[error] Error: An unexpected error has occurred.
[debug] [2026-07-03T10:44:03.264Z] Error: write EPIPE
    at afterWriteDispatched (node:internal/stream_base_commons:159:15)
    at writeGeneric (node:internal/stream_base_commons:150:3)
    at Socket._writeGeneric (node:net:1025:11)
    at Socket._write (node:net:1037:8)
    at writeOrBuffer (node:internal/streams/writable:570:12)
    at _write (node:internal/streams/writable:499:10)
    at Writable.write (node:internal/streams/writable:508:10)
    at Console.log (/opt/homebrew/Cellar/firebase-cli/14.11.0/libexec/lib/node_modules/firebase-tools/node_modules/winston/lib/winston/transports/console.js:87:23)
    at Console._write (/opt/homebrew/Cellar/firebase-cli/14.11.0/libexec/lib/node_modules/firebase-tools/node_modules/winston-transport/modern.js:103:17)
    at doWrite (/opt/homebrew/Cellar/firebase-cli/14.11.0/libexec/lib/node_modules/firebase-tools/node_modules/winston-transport/node_modules/readable-stream/lib/_stream_writable.js:390:139)
[error] 
[error] Error: An unexpected error has occurred.
[debug] [2026-07-03T10:44:03.264Z] Error: write EPIPE
    at afterWriteDispatched (node:internal/stream_base_commons:159:15)
    at writeGeneric (node:internal/stream_base_commons:150:3)
    at Socket._writeGeneric (node:net:1025:11)
    at Socket._write (node:net:1037:8)
    at writeOrBuffer (node:internal/streams/writable:570:12)
    at _write (node:internal/streams/writable:499:10)
    at Writable.write (node:internal/streams/writable:508:10)
    at Console.log (/opt/homebrew/Cellar/firebase-cli/14.11.0/libexec/lib/node_modules/firebase-tools/node_modules/winston/lib/winston/transports/console.js:87:23)
    at Console._write (/opt/homebrew/Cellar/firebase-cli/14.11.0/libexec/lib/node_modules/firebase-tools/node_modules/winston-transport/modern.js:103:17)
    at doWrite (/opt/homebrew/Cellar/firebase-cli/14.11.0/libexec/lib/node_modules/firebase-tools/node_modules/winston-transport/node_modules/readable-stream/lib/_stream_writable.js:390:139)
[error] 
[error] Error: An unexpected error has occurred.
[debug] [2026-07-03T10:44:03.264Z] Error: write EPIPE
    at afterWriteDispatched (node:internal/stream_base_commons:159:15)
    at writeGeneric (node:internal/stream_base_commons:150:3)
    at Socket._writeGeneric (node:net:1025:11)
    at Socket._write (node:net:1037:8)
    at writeOrBuffer (node:internal/streams/writable:570:12)
    at _write (node:internal/streams/writable:499:10)
    at Writable.write (node:internal/streams/writable:508:10)
    at Console.log (/opt/homebrew/Cellar/firebase-cli/14.11.0/libexec/lib/node_modules/firebase-tools/node_modules/winston/lib/winston/transports/console.js:87:23)
    at Console._write (/opt/homebrew/Cellar/firebase-cli/14.11.0/libexec/lib/node_modules/firebase-tools/node_modules/winston-transport/modern.js:103:17)
    at doWrite (/opt/homebrew/Cellar/firebase-cli/14.11.0/libexec/lib/node_modules/firebase-tools/node_modules/winston-transport/node_modules/readable-stream/lib/_stream_writable.js:390:139)
[error] 
[error] Error: An unexpected error has occurred.
[debug] [2026-07-03T10:44:03.264Z] Error: write EPIPE
    at afterWriteDispatched (node:internal/stream_base_commons:159:15)
    at writeGeneric (node:internal/stream_base_commons:150:3)
    at Socket._writeGeneric (node:net:1025:11)
    at Socket._write (node:net:1037:8)
    at writeOrBuffer (node:internal/streams/writable:570:12)
    at _write (node:internal/streams/writable:499:10)
    at Writable.write (node:internal/streams/writable:508:10)
    at Console.log (/opt/homebrew/Cellar/firebase-cli/14.11.0/libexec/lib/node_modules/firebase-tools/node_modules/winston/lib/winston/transports/console.js:87:23)
    at Console._write (/opt/homebrew/Cellar/firebase-cli/14.11.0/libexec/lib/node_modules/firebase-tools/node_modules/winston-transport/modern.js:103:17)
    at doWrite (/opt/homebrew/Cellar/firebase-cli/14.11.0/libexec/lib/node_modules/firebase-tools/node_modules/winston-transport/node_modules/readable-stream/lib/_stream_writable.js:390:139)
[error] 
[error] Error: An unexpected error has occurred.
[debug] [2026-07-03T10:44:03.264Z] Error: write EPIPE
    at afterWriteDispatched (node:internal/stream_base_commons:159:15)
    at writeGeneric (node:internal/stream_base_commons:150:3)
    at Socket._writeGeneric (node:net:1025:11)
    at Socket._write (node:net:1037:8)
    at writeOrBuffer (node:internal/streams/writable:570:12)
    at _write (node:internal/streams/writable:499:10)
    at Writable.write (node:internal/streams/writable:508:10)
    at Console.log (/opt/homebrew/Cellar/firebase-cli/14.11.0/libexec/lib/node_modules/firebase-tools/node_modules/winston/lib/winston/transports/console.js:87:23)
    at Console._write (/opt/homebrew/Cellar/firebase-cli/14.11.0/libexec/lib/node_modules/firebase-tools/node_modules/winston-transport/modern.js:103:17)
    at doWrite (/opt/homebrew/Cellar/firebase-cli/14.11.0/libexec/lib/node_modules/firebase-tools/node_modules/winston-transport/node_modules/readable-stream/lib/_stream_writable.js:390:139)
[error] 
[error] Error: An unexpected error has occurred.
[debug] [2026-07-03T10:44:03.264Z] Error: write EPIPE
    at afterWriteDispatched (node:internal/stream_base_commons:159:15)
    at writeGeneric (node:internal/stream_base_commons:150:3)
    at Socket._writeGeneric (node:net:1025:11)
    at Socket._write (node:net:1037:8)
    at writeOrBuffer (node:internal/streams/writable:570:12)
    at _write (node:internal/streams/writable:499:10)
    at Writable.write (node:internal/streams/writable:508:10)
    at Console.log (/opt/homebrew/Cellar/firebase-cli/14.11.0/libexec/lib/node_modules/firebase-tools/node_modules/winston/lib/winston/transports/console.js:87:23)
    at Console._write (/opt/homebrew/Cellar/firebase-cli/14.11.0/libexec/lib/node_modules/firebase-tools/node_modules/winston-transport/modern.js:103:17)
    at doWrite (/opt/homebrew/Cellar/firebase-cli/14.11.0/libexec/lib/node_modules/firebase-tools/node_modules/winston-transport/node_modules/readable-stream/lib/_stream_writable.js:390:139)
[error] 
[error] Error: An unexpected error has occurred.
[debug] [2026-07-03T10:44:03.264Z] Error: write EPIPE
    at afterWriteDispatched (node:internal/stream_base_commons:159:15)
    at writeGeneric (node:internal/stream_base_commons:150:3)
    at Socket._writeGeneric (node:net:1025:11)
    at Socket._write (node:net:1037:8)
    at writeOrBuffer (node:internal/streams/writable:570:12)
    at _write (node:internal/streams/writable:499:10)
    at Writable.write (node:internal/streams/writable:508:10)
    at Console.log (/opt/homebrew/Cellar/firebase-cli/14.11.0/libexec/lib/node_modules/firebase-tools/node_modules/winston/lib/winston/transports/console.js:87:23)
    at Console._write (/opt/homebrew/Cellar/firebase-cli/14.11.0/libexec/lib/node_modules/firebase-tools/node_modules/winston-transport/modern.js:103:17)
    at doWrite (/opt/homebrew/Cellar/firebase-cli/14.11.0/libexec/lib/node_modules/firebase-tools/node_modules/winston-transport/node_modules/readable-stream/lib/_stream_writable.js:390:139)
[error] 
[error] Error: An unexpected error has occurred.
[debug] [2026-07-03T10:44:03.264Z] Error: write EPIPE
    at afterWriteDispatched (node:internal/stream_base_commons:159:15)
    at writeGeneric (node:internal/stream_base_commons:150:3)
    at Socket._writeGeneric (node:net:1025:11)
    at Socket._write (node:net:1037:8)
    at writeOrBuffer (node:internal/streams/writable:570:12)
    at _write (node:internal/streams/writable:499:10)
    at Writable.write (node:internal/streams/writable:508:10)
    at Console.log (/opt/homebrew/Cellar/firebase-cli/14.11.0/libexec/lib/node_modules/firebase-tools/node_modules/winston/lib/winston/transports/console.js:87:23)
    at Console._write (/opt/homebrew/Cellar/firebase-cli/14.11.0/libexec/lib/node_modules/firebase-tools/node_modules/winston-transport/modern.js:103:17)
    at doWrite (/opt/homebrew/Cellar/firebase-cli/14.11.0/libexec/lib/node_modules/firebase-tools/node_modules/winston-transport/node_modules/readable-stream/lib/_stream_writable.js:390:139)
[error] 
[error] Error: An unexpected error has occurred.
[debug] [2026-07-03T10:44:03.264Z] Error: write EPIPE
    at afterWriteDispatched (node:internal/stream_base_commons:159:15)
    at writeGeneric (node:internal/stream_base_commons:150:3)
    at Socket._writeGeneric (node:net:1025:11)
    at Socket._write (node:net:1037:8)
    at writeOrBuffer (node:internal/streams/writable:570:12)
    at _write (node:internal/streams/writable:499:10)
    at Writable.write (node:internal/streams/writable:508:10)
    at Console.log (/opt/homebrew/Cellar/firebase-cli/14.11.0/libexec/lib/node_modules/firebase-tools/node_modules/winston/lib/winston/transports/console.js:87:23)
    at Console._write (/opt/homebrew/Cellar/firebase-cli/14.11.0/libexec/lib/node_modules/firebase-tools/node_modules/winston-transport/modern.js:103:17)
    at doWrite (/opt/homebrew/Cellar/firebase-cli/14.11.0/libexec/lib/node_modules/firebase-tools/node_modules/winston-transport/node_modules/readable-stream/lib/_stream_writable.js:390:139)
[error] 
[error] Error: An unexpected error has occurred.
[debug] [2026-07-03T10:44:03.265Z] Error: write EPIPE
    at afterWriteDispatched (node:internal/stream_base_commons:159:15)
    at writeGeneric (node:internal/stream_base_commons:150:3)
    at Socket._writeGeneric (node:net:1025:11)
    at Socket._write (node:net:1037:8)
    at writeOrBuffer (node:internal/streams/writable:570:12)
    at _write (node:internal/streams/writable:499:10)
    at Writable.write (node:internal/streams/writable:508:10)
    at Console.log (/opt/homebrew/Cellar/firebase-cli/14.11.0/libexec/lib/node_modules/firebase-tools/node_modules/winston/lib/winston/transports/console.js:87:23)
    at Console._write (/opt/homebrew/Cellar/firebase-cli/14.11.0/libexec/lib/node_modules/firebase-tools/node_modules/winston-transport/modern.js:103:17)
    at doWrite (/opt/homebrew/Cellar/firebase-cli/14.11.0/libexec/lib/node_modules/firebase-tools/node_modules/winston-transport/node_modules/readable-stream/lib/_stream_writable.js:390:139)
[error] 
[error] Error: An unexpected error has occurred.
[debug] [2026-07-03T10:44:03.265Z] Error: write EPIPE
    at afterWriteDispatched (node:internal/stream_base_commons:159:15)
    at writeGeneric (node:internal/stream_base_commons:150:3)
    at Socket._writeGeneric (node:net:1025:11)
    at Socket._write (node:net:1037:8)
    at writeOrBuffer (node:internal/streams/writable:570:12)
    at _write (node:internal/streams/writable:499:10)
    at Writable.write (node:internal/streams/writable:508:10)
    at Console.log (/opt/homebrew/Cellar/firebase-cli/14.11.0/libexec/lib/node_modules/firebase-tools/node_modules/winston/lib/winston/transports/console.js:87:23)
    at Console._write (/opt/homebrew/Cellar/firebase-cli/14.11.0/libexec/lib/node_modules/firebase-tools/node_modules/winston-transport/modern.js:103:17)
    at doWrite (/opt/homebrew/Cellar/firebase-cli/14.11.0/libexec/lib/node_modules/firebase-tools/node_modules/winston-transport/node_modules/readable-stream/lib/_stream_writable.js:390:139)
[error] 
[error] Error: An unexpected error has occurred.
[debug] [2026-07-03T10:44:03.265Z] Error: write EPIPE
    at afterWriteDispatched (node:internal/stream_base_commons:159:15)
    at writeGeneric (node:internal/stream_base_commons:150:3)
    at Socket._writeGeneric (node:net:1025:11)
    at Socket._write (node:net:1037:8)
    at writeOrBuffer (node:internal/streams/writable:570:12)
    at _write (node:internal/streams/writable:499:10)
    at Writable.write (node:internal/streams/writable:508:10)
    at Console.log (/opt/homebrew/Cellar/firebase-cli/14.11.0/libexec/lib/node_modules/firebase-tools/node_modules/winston/lib/winston/transports/console.js:87:23)
    at Console._write (/opt/homebrew/Cellar/firebase-cli/14.11.0/libexec/lib/node_modules/firebase-tools/node_modules/winston-transport/modern.js:103:17)
    at doWrite (/opt/homebrew/Cellar/firebase-cli/14.11.0/libexec/lib/node_modules/firebase-tools/node_modules/winston-transport/node_modules/readable-stream/lib/_stream_writable.js:390:139)
[error] 
[error] Error: An unexpected error has occurred.
[debug] [2026-07-03T10:44:03.265Z] Error: write EPIPE
    at afterWriteDispatched (node:internal/stream_base_commons:159:15)
    at writeGeneric (node:internal/stream_base_commons:150:3)
    at Socket._writeGeneric (node:net:1025:11)
    at Socket._write (node:net:1037:8)
    at writeOrBuffer (node:internal/streams/writable:570:12)
    at _write (node:internal/streams/writable:499:10)
    at Writable.write (node:internal/streams/writable:508:10)
    at Console.log (/opt/homebrew/Cellar/firebase-cli/14.11.0/libexec/lib/node_modules/firebase-tools/node_modules/winston/lib/winston/transports/console.js:87:23)
    at Console._write (/opt/homebrew/Cellar/firebase-cli/14.11.0/libexec/lib/node_modules/firebase-tools/node_modules/winston-transport/modern.js:103:17)
    at doWrite (/opt/homebrew/Cellar/firebase-cli/14.11.0/libexec/lib/node_modules/firebase-tools/node_modules/winston-transport/node_modules/readable-stream/lib/_stream_writable.js:390:139)
[error] 
[error] Error: An unexpected error has occurred.
[debug] [2026-07-03T10:44:03.265Z] Error: write EPIPE
    at afterWriteDispatched (node:internal/stream_base_commons:159:15)
    at writeGeneric (node:internal/stream_base_commons:150:3)
    at Socket._writeGeneric (node:net:1025:11)
    at Socket._write (node:net:1037:8)
    at writeOrBuffer (node:internal/streams/writable:570:12)
    at _write (node:internal/streams/writable:499:10)
    at Writable.write (node:internal/streams/writable:508:10)
    at Console.log (/opt/homebrew/Cellar/firebase-cli/14.11.0/libexec/lib/node_modules/firebase-tools/node_modules/winston/lib/winston/transports/console.js:87:23)
    at Console._write (/opt/homebrew/Cellar/firebase-cli/14.11.0/libexec/lib/node_modules/firebase-tools/node_modules/winston-transport/modern.js:103:17)
    at doWrite (/opt/homebrew/Cellar/firebase-cli/14.11.0/libexec/lib/node_modules/firebase-tools/node_modules/winston-transport/node_modules/readable-stream/lib/_stream_writable.js:390:139)
[error] 
[error] Error: An unexpected error has occurred.
[debug] [2026-07-03T10:44:03.265Z] Error: write EPIPE
    at afterWriteDispatched (node:internal/stream_base_commons:159:15)
    at writeGeneric (node:internal/stream_base_commons:150:3)
    at Socket._writeGeneric (node:net:1025:11)
    at Socket._write (node:net:1037:8)
    at writeOrBuffer (node:internal/streams/writable:570:12)
    at _write (node:internal/streams/writable:499:10)
    at Writable.write (node:internal/streams/writable:508:10)
    at Console.log (/opt/homebrew/Cellar/firebase-cli/14.11.0/libexec/lib/node_modules/firebase-tools/node_modules/winston/lib/winston/transports/console.js:87:23)
    at Console._write (/opt/homebrew/Cellar/firebase-cli/14.11.0/libexec/lib/node_modules/firebase-tools/node_modules/winston-transport/modern.js:103:17)
    at doWrite (/opt/homebrew/Cellar/firebase-cli/14.11.0/libexec/lib/node_modules/firebase-tools/node_modules/winston-transport/node_modules/readable-stream/lib/_stream_writable.js:390:139)
[error] 
[error] Error: An unexpected error has occurred.
[debug] [2026-07-03T10:44:03.265Z] Error: write EPIPE
    at afterWriteDispatched (node:internal/stream_base_commons:159:15)
    at writeGeneric (node:internal/stream_base_commons:150:3)
    at Socket._writeGeneric (node:net:1025:11)
    at Socket._write (node:net:1037:8)
    at writeOrBuffer (node:internal/streams/writable:570:12)
    at _write (node:internal/streams/writable:499:10)
    at Writable.write (node:internal/streams/writable:508:10)
    at Console.log (/opt/homebrew/Cellar/firebase-cli/14.11.0/libexec/lib/node_modules/firebase-tools/node_modules/winston/lib/winston/transports/console.js:87:23)
    at Console._write (/opt/homebrew/Cellar/firebase-cli/14.11.0/libexec/lib/node_modules/firebase-tools/node_modules/winston-transport/modern.js:103:17)
    at doWrite (/opt/homebrew/Cellar/firebase-cli/14.11.0/libexec/lib/node_modules/firebase-tools/node_modules/winston-transport/node_modules/readable-stream/lib/_stream_writable.js:390:139)
[error] 
[error] Error: An unexpected error has occurred.
[debug] [2026-07-03T10:44:03.265Z] Error: write EPIPE
    at afterWriteDispatched (node:internal/stream_base_commons:159:15)
    at writeGeneric (node:internal/stream_base_commons:150:3)
    at Socket._writeGeneric (node:net:1025:11)
    at Socket._write (node:net:1037:8)
    at writeOrBuffer (node:internal/streams/writable:570:12)
    at _write (node:internal/streams/writable:499:10)
    at Writable.write (node:internal/streams/writable:508:10)
    at Console.log (/opt/homebrew/Cellar/firebase-cli/14.11.0/libexec/lib/node_modules/firebase-tools/node_modules/winston/lib/winston/transports/console.js:87:23)
    at Console._write (/opt/homebrew/Cellar/firebase-cli/14.11.0/libexec/lib/node_modules/firebase-tools/node_modules/winston-transport/modern.js:103:17)
    at doWrite (/opt/homebrew/Cellar/firebase-cli/14.11.0/libexec/lib/node_modules/firebase-tools/node_modules/winston-transport/node_modules/readable-stream/lib/_stream_writable.js:390:139)
[error] 
[error] Error: An unexpected error has occurred.
[debug] [2026-07-03T10:44:03.265Z] Error: write EPIPE
    at afterWriteDispatched (node:internal/stream_base_commons:159:15)
    at writeGeneric (node:internal/stream_base_commons:150:3)
    at Socket._writeGeneric (node:net:1025:11)
    at Socket._write (node:net:1037:8)
    at writeOrBuffer (node:internal/streams/writable:570:12)
    at _write (node:internal/streams/writable:499:10)
    at Writable.write (node:internal/streams/writable:508:10)
    at Console.log (/opt/homebrew/Cellar/firebase-cli/14.11.0/libexec/lib/node_modules/firebase-tools/node_modules/winston/lib/winston/transports/console.js:87:23)
    at Console._write (/opt/homebrew/Cellar/firebase-cli/14.11.0/libexec/lib/node_modules/firebase-tools/node_modules/winston-transport/modern.js:103:17)
    at doWrite (/opt/homebrew/Cellar/firebase-cli/14.11.0/libexec/lib/node_modules/firebase-tools/node_modules/winston-transport/node_modules/readable-stream/lib/_stream_writable.js:390:139)
[error] 
[error] Error: An unexpected error has occurred.
[debug] [2026-07-03T10:44:03.265Z] Error: write EPIPE
    at afterWriteDispatched (node:internal/stream_base_commons:159:15)
    at writeGeneric (node:internal/stream_base_commons:150:3)
    at Socket._writeGeneric (node:net:1025:11)
    at Socket._write (node:net:1037:8)
    at writeOrBuffer (node:internal/streams/writable:570:12)
    at _write (node:internal/streams/writable:499:10)
    at Writable.write (node:internal/streams/writable:508:10)
    at Console.log (/opt/homebrew/Cellar/firebase-cli/14.11.0/libexec/lib/node_modules/firebase-tools/node_modules/winston/lib/winston/transports/console.js:87:23)
    at Console._write (/opt/homebrew/Cellar/firebase-cli/14.11.0/libexec/lib/node_modules/firebase-tools/node_modules/winston-transport/modern.js:103:17)
    at doWrite (/opt/homebrew/Cellar/firebase-cli/14.11.0/libexec/lib/node_modules/firebase-tools/node_modules/winston-transport/node_modules/readable-stream/lib/_stream_writable.js:390:139)
[error] 
[error] Error: An unexpected error has occurred.
[debug] [2026-07-03T10:44:03.265Z] Error: write EPIPE
    at afterWriteDispatched (node:internal/stream_base_commons:159:15)
    at writeGeneric (node:internal/stream_base_commons:150:3)
    at Socket._writeGeneric (node:net:1025:11)
    at Socket._write (node:net:1037:8)
    at writeOrBuffer (node:internal/streams/writable:570:12)
    at _write (node:internal/streams/writable:499:10)
    at Writable.write (node:internal/streams/writable:508:10)
    at Console.log (/opt/homebrew/Cellar/firebase-cli/14.11.0/libexec/lib/node_modules/firebase-tools/node_modules/winston/lib/winston/transports/console.js:87:23)
    at Console._write (/opt/homebrew/Cellar/firebase-cli/14.11.0/libexec/lib/node_modules/firebase-tools/node_modules/winston-transport/modern.js:103:17)
    at doWrite (/opt/homebrew/Cellar/firebase-cli/14.11.0/libexec/lib/node_modules/firebase-tools/node_modules/winston-transport/node_modules/readable-stream/lib/_stream_writable.js:390:139)
[error] 
[error] Error: An unexpected error has occurred.
[debug] [2026-07-03T10:44:03.265Z] Error: write EPIPE
    at afterWriteDispatched (node:internal/stream_base_commons:159:15)
    at writeGeneric (node:internal/stream_base_commons:150:3)
    at Socket._writeGeneric (node:net:1025:11)
    at Socket._write (node:net:1037:8)
    at writeOrBuffer (node:internal/streams/writable:570:12)
    at _write (node:internal/streams/writable:499:10)
    at Writable.write (node:internal/streams/writable:508:10)
    at Console.log (/opt/homebrew/Cellar/firebase-cli/14.11.0/libexec/lib/node_modules/firebase-tools/node_modules/winston/lib/winston/transports/console.js:87:23)
    at Console._write (/opt/homebrew/Cellar/firebase-cli/14.11.0/libexec/lib/node_modules/firebase-tools/node_modules/winston-transport/modern.js:103:17)
    at doWrite (/opt/homebrew/Cellar/firebase-cli/14.11.0/libexec/lib/node_modules/firebase-tools/node_modules/winston-transport/node_modules/readable-stream/lib/_stream_writable.js:390:139)
[error] 
[error] Error: An unexpected error has occurred.
[debug] [2026-07-03T10:44:03.265Z] Error: write EPIPE
    at afterWriteDispatched (node:internal/stream_base_commons:159:15)
    at writeGeneric (node:internal/stream_base_commons:150:3)
    at Socket._writeGeneric (node:net:1025:11)
    at Socket._write (node:net:1037:8)
    at writeOrBuffer (node:internal/streams/writable:570:12)
    at _write (node:internal/streams/writable:499:10)
    at Writable.write (node:internal/streams/writable:508:10)
    at Console.log (/opt/homebrew/Cellar/firebase-cli/14.11.0/libexec/lib/node_modules/firebase-tools/node_modules/winston/lib/winston/transports/console.js:87:23)
    at Console._write (/opt/homebrew/Cellar/firebase-cli/14.11.0/libexec/lib/node_modules/firebase-tools/node_modules/winston-transport/modern.js:103:17)
    at doWrite (/opt/homebrew/Cellar/firebase-cli/14.11.0/libexec/lib/node_modules/firebase-tools/node_modules/winston-transport/node_modules/readable-stream/lib/_stream_writable.js:390:139)
[error] 
[error] Error: An unexpected error has occurred.
[debug] [2026-07-03T10:44:03.266Z] Error: write EPIPE
    at afterWriteDispatched (node:internal/stream_base_commons:159:15)
    at writeGeneric (node:internal/stream_base_commons:150:3)
    at Socket._writeGeneric (node:net:1025:11)
    at Socket._write (node:net:1037:8)
    at writeOrBuffer (node:internal/streams/writable:570:12)
    at _write (node:internal/streams/writable:499:10)
    at Writable.write (node:internal/streams/writable:508:10)
    at Console.log (/opt/homebrew/Cellar/firebase-cli/14.11.0/libexec/lib/node_modules/firebase-tools/node_modules/winston/lib/winston/transports/console.js:87:23)
    at Console._write (/opt/homebrew/Cellar/firebase-cli/14.11.0/libexec/lib/node_modules/firebase-tools/node_modules/winston-transport/modern.js:103:17)
    at doWrite (/opt/homebrew/Cellar/firebase-cli/14.11.0/libexec/lib/node_modules/firebase-tools/node_modules/winston-transport/node_modules/readable-stream/lib/_stream_writable.js:390:139)
[error] 
[error] Error: An unexpected error has occurred.
[debug] [2026-07-03T10:44:03.266Z] Error: write EPIPE
    at afterWriteDispatched (node:internal/stream_base_commons:159:15)
    at writeGeneric (node:internal/stream_base_commons:150:3)
    at Socket._writeGeneric (node:net:1025:11)
    at Socket._write (node:net:1037:8)
    at writeOrBuffer (node:internal/streams/writable:570:12)
    at _write (node:internal/streams/writable:499:10)
    at Writable.write (node:internal/streams/writable:508:10)
    at Console.log (/opt/homebrew/Cellar/firebase-cli/14.11.0/libexec/lib/node_modules/firebase-tools/node_modules/winston/lib/winston/transports/console.js:87:23)
    at Console._write (/opt/homebrew/Cellar/firebase-cli/14.11.0/libexec/lib/node_modules/firebase-tools/node_modules/winston-transport/modern.js:103:17)
    at doWrite (/opt/homebrew/Cellar/firebase-cli/14.11.0/libexec/lib/node_modules/firebase-tools/node_modules/winston-transport/node_modules/readable-stream/lib/_stream_writable.js:390:139)
[error] 
[error] Error: An unexpected error has occurred.
[debug] [2026-07-03T10:44:03.266Z] Error: write EPIPE
    at afterWriteDispatched (node:internal/stream_base_commons:159:15)
    at writeGeneric (node:internal/stream_base_commons:150:3)
    at Socket._writeGeneric (node:net:1025:11)
    at Socket._write (node:net:1037:8)
    at writeOrBuffer (node:internal/streams/writable:570:12)
    at _write (node:internal/streams/writable:499:10)
    at Writable.write (node:internal/streams/writable:508:10)
    at Console.log (/opt/homebrew/Cellar/firebase-cli/14.11.0/libexec/lib/node_modules/firebase-tools/node_modules/winston/lib/winston/transports/console.js:87:23)
    at Console._write (/opt/homebrew/Cellar/firebase-cli/14.11.0/libexec/lib/node_modules/firebase-tools/node_modules/winston-transport/modern.js:103:17)
    at doWrite (/opt/homebrew/Cellar/firebase-cli/14.11.0/libexec/lib/node_modules/firebase-tools/node_modules/winston-transport/node_modules/readable-stream/lib/_stream_writable.js:390:139)
[error] 
[error] Error: An unexpected error has occurred.
[debug] [2026-07-03T10:44:03.266Z] Error: write EPIPE
    at afterWriteDispatched (node:internal/stream_base_commons:159:15)
    at writeGeneric (node:internal/stream_base_commons:150:3)
    at Socket._writeGeneric (node:net:1025:11)
    at Socket._write (node:net:1037:8)
    at writeOrBuffer (node:internal/streams/writable:570:12)
    at _write (node:internal/streams/writable:499:10)
    at Writable.write (node:internal/streams/writable:508:10)
    at Console.log (/opt/homebrew/Cellar/firebase-cli/14.11.0/libexec/lib/node_modules/firebase-tools/node_modules/winston/lib/winston/transports/console.js:87:23)
    at Console._write (/opt/homebrew/Cellar/firebase-cli/14.11.0/libexec/lib/node_modules/firebase-tools/node_modules/winston-transport/modern.js:103:17)
    at doWrite (/opt/homebrew/Cellar/firebase-cli/14.11.0/libexec/lib/node_modules/firebase-tools/node_modules/winston-transport/node_modules/readable-stream/lib/_stream_writable.js:390:139)
[error] 
[error] Error: An unexpected error has occurred.
[debug] [2026-07-03T10:44:03.266Z] Error: write EPIPE
    at afterWriteDispatched (node:internal/stream_base_commons:159:15)
    at writeGeneric (node:internal/stream_base_commons:150:3)
    at Socket._writeGeneric (node:net:1025:11)
    at Socket._write (node:net:1037:8)
    at writeOrBuffer (node:internal/streams/writable:570:12)
    at _write (node:internal/streams/writable:499:10)
    at Writable.write (node:internal/streams/writable:508:10)
    at Console.log (/opt/homebrew/Cellar/firebase-cli/14.11.0/libexec/lib/node_modules/firebase-tools/node_modules/winston/lib/winston/transports/console.js:87:23)
    at Console._write (/opt/homebrew/Cellar/firebase-cli/14.11.0/libexec/lib/node_modules/firebase-tools/node_modules/winston-transport/modern.js:103:17)
    at doWrite (/opt/homebrew/Cellar/firebase-cli/14.11.0/libexec/lib/node_modules/firebase-tools/node_modules/winston-transport/node_modules/readable-stream/lib/_stream_writable.js:390:139)
[error] 
[error] Error: An unexpected error has occurred.
[debug] [2026-07-03T10:44:03.266Z] Error: write EPIPE
    at afterWriteDispatched (node:internal/stream_base_commons:159:15)
    at writeGeneric (node:internal/stream_base_commons:150:3)
    at Socket._writeGeneric (node:net:1025:11)
    at Socket._write (node:net:1037:8)
    at writeOrBuffer (node:internal/streams/writable:570:12)
    at _write (node:internal/streams/writable:499:10)
    at Writable.write (node:internal/streams/writable:508:10)
    at Console.log (/opt/homebrew/Cellar/firebase-cli/14.11.0/libexec/lib/node_modules/firebase-tools/node_modules/winston/lib/winston/transports/console.js:87:23)
    at Console._write (/opt/homebrew/Cellar/firebase-cli/14.11.0/libexec/lib/node_modules/firebase-tools/node_modules/winston-transport/modern.js:103:17)
    at doWrite (/opt/homebrew/Cellar/firebase-cli/14.11.0/libexec/lib/node_modules/firebase-tools/node_modules/winston-transport/node_modules/readable-stream/lib/_stream_writable.js:390:139)
[error] 
[error] Error: An unexpected error has occurred.
[debug] [2026-07-03T10:44:03.266Z] Error: write EPIPE
    at afterWriteDispatched (node:internal/stream_base_commons:159:15)
    at writeGeneric (node:internal/stream_base_commons:150:3)
    at Socket._writeGeneric (node:net:1025:11)
    at Socket._write (node:net:1037:8)
    at writeOrBuffer (node:internal/streams/writable:570:12)
    at _write (node:internal/streams/writable:499:10)
    at Writable.write (node:internal/streams/writable:508:10)
    at Console.log (/opt/homebrew/Cellar/firebase-cli/14.11.0/libexec/lib/node_modules/firebase-tools/node_modules/winston/lib/winston/transports/console.js:87:23)
    at Console._write (/opt/homebrew/Cellar/firebase-cli/14.11.0/libexec/lib/node_modules/firebase-tools/node_modules/winston-transport/modern.js:103:17)
    at doWrite (/opt/homebrew/Cellar/firebase-cli/14.11.0/libexec/lib/node_modules/firebase-tools/node_modules/winston-transport/node_modules/readable-stream/lib/_stream_writable.js:390:139)
[error] 
[error] Error: An unexpected error has occurred.
[debug] [2026-07-03T10:44:03.266Z] Error: write EPIPE
    at afterWriteDispatched (node:internal/stream_base_commons:159:15)
    at writeGeneric (node:internal/stream_base_commons:150:3)
    at Socket._writeGeneric (node:net:1025:11)
    at Socket._write (node:net:1037:8)
    at writeOrBuffer (node:internal/streams/writable:570:12)
    at _write (node:internal/streams/writable:499:10)
    at Writable.write (node:internal/streams/writable:508:10)
    at Console.log (/opt/homebrew/Cellar/firebase-cli/14.11.0/libexec/lib/node_modules/firebase-tools/node_modules/winston/lib/winston/transports/console.js:87:23)
    at Console._write (/opt/homebrew/Cellar/firebase-cli/14.11.0/libexec/lib/node_modules/firebase-tools/node_modules/winston-transport/modern.js:103:17)
    at doWrite (/opt/homebrew/Cellar/firebase-cli/14.11.0/libexec/lib/node_modules/firebase-tools/node_modules/winston-transport/node_modules/readable-stream/lib/_stream_writable.js:390:139)
[error] 
[error] Error: An unexpected error has occurred.
[debug] [2026-07-03T10:44:03.266Z] Error: write EPIPE
    at afterWriteDispatched (node:internal/stream_base_commons:159:15)
    at writeGeneric (node:internal/stream_base_commons:150:3)
    at Socket._writeGeneric (node:net:1025:11)
    at Socket._write (node:net:1037:8)
    at writeOrBuffer (node:internal/streams/writable:570:12)
    at _write (node:internal/streams/writable:499:10)
    at Writable.write (node:internal/streams/writable:508:10)
    at Console.log (/opt/homebrew/Cellar/firebase-cli/14.11.0/libexec/lib/node_modules/firebase-tools/node_modules/winston/lib/winston/transports/console.js:87:23)
    at Console._write (/opt/homebrew/Cellar/firebase-cli/14.11.0/libexec/lib/node_modules/firebase-tools/node_modules/winston-transport/modern.js:103:17)
    at doWrite (/opt/homebrew/Cellar/firebase-cli/14.11.0/libexec/lib/node_modules/firebase-tools/node_modules/winston-transport/node_modules/readable-stream/lib/_stream_writable.js:390:139)
[error] 
[error] Error: An unexpected error has occurred.
[debug] [2026-07-03T10:44:03.266Z] Error: write EPIPE
    at afterWriteDispatched (node:internal/stream_base_commons:159:15)
    at writeGeneric (node:internal/stream_base_commons:150:3)
    at Socket._writeGeneric (node:net:1025:11)
    at Socket._write (node:net:1037:8)
    at writeOrBuffer (node:internal/streams/writable:570:12)
    at _write (node:internal/streams/writable:499:10)
    at Writable.write (node:internal/streams/writable:508:10)
    at Console.log (/opt/homebrew/Cellar/firebase-cli/14.11.0/libexec/lib/node_modules/firebase-tools/node_modules/winston/lib/winston/transports/console.js:87:23)
    at Console._write (/opt/homebrew/Cellar/firebase-cli/14.11.0/libexec/lib/node_modules/firebase-tools/node_modules/winston-transport/modern.js:103:17)
    at doWrite (/opt/homebrew/Cellar/firebase-cli/14.11.0/libexec/lib/node_modules/firebase-tools/node_modules/winston-transport/node_modules/readable-stream/lib/_stream_writable.js:390:139)
[error] 
[error] Error: An unexpected error has occurred.
[debug] [2026-07-03T10:44:03.266Z] Error: write EPIPE
    at afterWriteDispatched (node:internal/stream_base_commons:159:15)
    at writeGeneric (node:internal/stream_base_commons:150:3)
    at Socket._writeGeneric (node:net:1025:11)
    at Socket._write (node:net:1037:8)
    at writeOrBuffer (node:internal/streams/writable:570:12)
    at _write (node:internal/streams/writable:499:10)
    at Writable.write (node:internal/streams/writable:508:10)
    at Console.log (/opt/homebrew/Cellar/firebase-cli/14.11.0/libexec/lib/node_modules/firebase-tools/node_modules/winston/lib/winston/transports/console.js:87:23)
    at Console._write (/opt/homebrew/Cellar/firebase-cli/14.11.0/libexec/lib/node_modules/firebase-tools/node_modules/winston-transport/modern.js:103:17)
    at doWrite (/opt/homebrew/Cellar/firebase-cli/14.11.0/libexec/lib/node_modules/firebase-tools/node_modules/winston-transport/node_modules/readable-stream/lib/_stream_writable.js:390:139)
[error] 
[error] Error: An unexpected error has occurred.
[debug] [2026-07-03T10:44:03.266Z] Error: write EPIPE
    at afterWriteDispatched (node:internal/stream_base_commons:159:15)
    at writeGeneric (node:internal/stream_base_commons:150:3)
    at Socket._writeGeneric (node:net:1025:11)
    at Socket._write (node:net:1037:8)
    at writeOrBuffer (node:internal/streams/writable:570:12)
    at _write (node:internal/streams/writable:499:10)
    at Writable.write (node:internal/streams/writable:508:10)
    at Console.log (/opt/homebrew/Cellar/firebase-cli/14.11.0/libexec/lib/node_modules/firebase-tools/node_modules/winston/lib/winston/transports/console.js:87:23)
    at Console._write (/opt/homebrew/Cellar/firebase-cli/14.11.0/libexec/lib/node_modules/firebase-tools/node_modules/winston-transport/modern.js:103:17)
    at doWrite (/opt/homebrew/Cellar/firebase-cli/14.11.0/libexec/lib/node_modules/firebase-tools/node_modules/winston-transport/node_modules/readable-stream/lib/_stream_writable.js:390:139)
[error] 
[error] Error: An unexpected error has occurred.
[debug] [2026-07-03T10:44:03.266Z] Error: write EPIPE
    at afterWriteDispatched (node:internal/stream_base_commons:159:15)
    at writeGeneric (node:internal/stream_base_commons:150:3)
    at Socket._writeGeneric (node:net:1025:11)
    at Socket._write (node:net:1037:8)
    at writeOrBuffer (node:internal/streams/writable:570:12)
    at _write (node:internal/streams/writable:499:10)
    at Writable.write (node:internal/streams/writable:508:10)
    at Console.log (/opt/homebrew/Cellar/firebase-cli/14.11.0/libexec/lib/node_modules/firebase-tools/node_modules/winston/lib/winston/transports/console.js:87:23)
    at Console._write (/opt/homebrew/Cellar/firebase-cli/14.11.0/libexec/lib/node_modules/firebase-tools/node_modules/winston-transport/modern.js:103:17)
    at doWrite (/opt/homebrew/Cellar/firebase-cli/14.11.0/libexec/lib/node_modules/firebase-tools/node_modules/winston-transport/node_modules/readable-stream/lib/_stream_writable.js:390:139)
[error] 
[error] Error: An unexpected error has occurred.
[debug] [2026-07-03T10:44:03.267Z] Error: write EPIPE
    at afterWriteDispatched (node:internal/stream_base_commons:159:15)
    at writeGeneric (node:internal/stream_base_commons:150:3)
    at Socket._writeGeneric (node:net:1025:11)
    at Socket._write (node:net:1037:8)
    at writeOrBuffer (node:internal/streams/writable:570:12)
    at _write (node:internal/streams/writable:499:10)
    at Writable.write (node:internal/streams/writable:508:10)
    at Console.log (/opt/homebrew/Cellar/firebase-cli/14.11.0/libexec/lib/node_modules/firebase-tools/node_modules/winston/lib/winston/transports/console.js:87:23)
    at Console._write (/opt/homebrew/Cellar/firebase-cli/14.11.0/libexec/lib/node_modules/firebase-tools/node_modules/winston-transport/modern.js:103:17)
    at doWrite (/opt/homebrew/Cellar/firebase-cli/14.11.0/libexec/lib/node_modules/firebase-tools/node_modules/winston-transport/node_modules/readable-stream/lib/_stream_writable.js:390:139)
[error] 
[error] Error: An unexpected error has occurred.
[debug] [2026-07-03T10:44:03.267Z] Error: write EPIPE
    at afterWriteDispatched (node:internal/stream_base_commons:159:15)
    at writeGeneric (node:internal/stream_base_commons:150:3)
    at Socket._writeGeneric (node:net:1025:11)
    at Socket._write (node:net:1037:8)
    at writeOrBuffer (node:internal/streams/writable:570:12)
    at _write (node:internal/streams/writable:499:10)
    at Writable.write (node:internal/streams/writable:508:10)
    at Console.log (/opt/homebrew/Cellar/firebase-cli/14.11.0/libexec/lib/node_modules/firebase-tools/node_modules/winston/lib/winston/transports/console.js:87:23)
    at Console._write (/opt/homebrew/Cellar/firebase-cli/14.11.0/libexec/lib/node_modules/firebase-tools/node_modules/winston-transport/modern.js:103:17)
    at doWrite (/opt/homebrew/Cellar/firebase-cli/14.11.0/libexec/lib/node_modules/firebase-tools/node_modules/winston-transport/node_modules/readable-stream/lib/_stream_writable.js:390:139)
[error] 
[error] Error: An unexpected error has occurred.
[debug] [2026-07-03T10:44:03.267Z] Error: write EPIPE
    at afterWriteDispatched (node:internal/stream_base_commons:159:15)
    at writeGeneric (node:internal/stream_base_commons:150:3)
    at Socket._writeGeneric (node:net:1025:11)
    at Socket._write (node:net:1037:8)
    at writeOrBuffer (node:internal/streams/writable:570:12)
    at _write (node:internal/streams/writable:499:10)
    at Writable.write (node:internal/streams/writable:508:10)
    at Console.log (/opt/homebrew/Cellar/firebase-cli/14.11.0/libexec/lib/node_modules/firebase-tools/node_modules/winston/lib/winston/transports/console.js:87:23)
    at Console._write (/opt/homebrew/Cellar/firebase-cli/14.11.0/libexec/lib/node_modules/firebase-tools/node_modules/winston-transport/modern.js:103:17)
    at doWrite (/opt/homebrew/Cellar/firebase-cli/14.11.0/libexec/lib/node_modules/firebase-tools/node_modules/winston-transport/node_modules/readable-stream/lib/_stream_writable.js:390:139)
[error] 
[error] Error: An unexpected error has occurred.
[debug] [2026-07-03T10:44:03.267Z] Error: write EPIPE
    at afterWriteDispatched (node:internal/stream_base_commons:159:15)
    at writeGeneric (node:internal/stream_base_commons:150:3)
    at Socket._writeGeneric (node:net:1025:11)
    at Socket._write (node:net:1037:8)
    at writeOrBuffer (node:internal/streams/writable:570:12)
    at _write (node:internal/streams/writable:499:10)
    at Writable.write (node:internal/streams/writable:508:10)
    at Console.log (/opt/homebrew/Cellar/firebase-cli/14.11.0/libexec/lib/node_modules/firebase-tools/node_modules/winston/lib/winston/transports/console.js:87:23)
    at Console._write (/opt/homebrew/Cellar/firebase-cli/14.11.0/libexec/lib/node_modules/firebase-tools/node_modules/winston-transport/modern.js:103:17)
    at doWrite (/opt/homebrew/Cellar/firebase-cli/14.11.0/libexec/lib/node_modules/firebase-tools/node_modules/winston-transport/node_modules/readable-stream/lib/_stream_writable.js:390:139)
[error] 
[error] Error: An unexpected error has occurred.
[debug] [2026-07-03T10:44:03.267Z] Error: write EPIPE
    at afterWriteDispatched (node:internal/stream_base_commons:159:15)
    at writeGeneric (node:internal/stream_base_commons:150:3)
    at Socket._writeGeneric (node:net:1025:11)
    at Socket._write (node:net:1037:8)
    at writeOrBuffer (node:internal/streams/writable:570:12)
    at _write (node:internal/streams/writable:499:10)
    at Writable.write (node:internal/streams/writable:508:10)
    at Console.log (/opt/homebrew/Cellar/firebase-cli/14.11.0/libexec/lib/node_modules/firebase-tools/node_modules/winston/lib/winston/transports/console.js:87:23)
    at Console._write (/opt/homebrew/Cellar/firebase-cli/14.11.0/libexec/lib/node_modules/firebase-tools/node_modules/winston-transport/modern.js:103:17)
    at doWrite (/opt/homebrew/Cellar/firebase-cli/14.11.0/libexec/lib/node_modules/firebase-tools/node_modules/winston-transport/node_modules/readable-stream/lib/_stream_writable.js:390:139)
[error] 
[error] Error: An unexpected error has occurred.
[debug] [2026-07-03T10:44:03.267Z] Error: write EPIPE
    at afterWriteDispatched (node:internal/stream_base_commons:159:15)
    at writeGeneric (node:internal/stream_base_commons:150:3)
    at Socket._writeGeneric (node:net:1025:11)
    at Socket._write (node:net:1037:8)
    at writeOrBuffer (node:internal/streams/writable:570:12)
    at _write (node:internal/streams/writable:499:10)
    at Writable.write (node:internal/streams/writable:508:10)
    at Console.log (/opt/homebrew/Cellar/firebase-cli/14.11.0/libexec/lib/node_modules/firebase-tools/node_modules/winston/lib/winston/transports/console.js:87:23)
    at Console._write (/opt/homebrew/Cellar/firebase-cli/14.11.0/libexec/lib/node_modules/firebase-tools/node_modules/winston-transport/modern.js:103:17)
    at doWrite (/opt/homebrew/Cellar/firebase-cli/14.11.0/libexec/lib/node_modules/firebase-tools/node_modules/winston-transport/node_modules/readable-stream/lib/_stream_writable.js:390:139)
[error] 
[error] Error: An unexpected error has occurred.
[debug] [2026-07-03T10:44:03.267Z] Error: write EPIPE
    at afterWriteDispatched (node:internal/stream_base_commons:159:15)
    at writeGeneric (node:internal/stream_base_commons:150:3)
    at Socket._writeGeneric (node:net:1025:11)
    at Socket._write (node:net:1037:8)
    at writeOrBuffer (node:internal/streams/writable:570:12)
    at _write (node:internal/streams/writable:499:10)
    at Writable.write (node:internal/streams/writable:508:10)
    at Console.log (/opt/homebrew/Cellar/firebase-cli/14.11.0/libexec/lib/node_modules/firebase-tools/node_modules/winston/lib/winston/transports/console.js:87:23)
    at Console._write (/opt/homebrew/Cellar/firebase-cli/14.11.0/libexec/lib/node_modules/firebase-tools/node_modules/winston-transport/modern.js:103:17)
    at doWrite (/opt/homebrew/Cellar/firebase-cli/14.11.0/libexec/lib/node_modules/firebase-tools/node_modules/winston-transport/node_modules/readable-stream/lib/_stream_writable.js:390:139)
[error] 
[error] Error: An unexpected error has occurred.
[debug] [2026-07-03T10:44:03.268Z] Error: write EPIPE
    at afterWriteDispatched (node:internal/stream_base_commons:159:15)
    at writeGeneric (node:internal/stream_base_commons:150:3)
    at Socket._writeGeneric (node:net:1025:11)
    at Socket._write (node:net:1037:8)
    at writeOrBuffer (node:internal/streams/writable:570:12)
    at _write (node:internal/streams/writable:499:10)
    at Writable.write (node:internal/streams/writable:508:10)
    at Console.log (/opt/homebrew/Cellar/firebase-cli/14.11.0/libexec/lib/node_modules/firebase-tools/node_modules/winston/lib/winston/transports/console.js:87:23)
    at Console._write (/opt/homebrew/Cellar/firebase-cli/14.11.0/libexec/lib/node_modules/firebase-tools/node_modules/winston-transport/modern.js:103:17)
    at doWrite (/opt/homebrew/Cellar/firebase-cli/14.11.0/libexec/lib/node_modules/firebase-tools/node_modules/winston-transport/node_modules/readable-stream/lib/_stream_writable.js:390:139)
[error] 
[error] Error: An unexpected error has occurred.
[debug] [2026-07-03T10:44:03.268Z] Error: write EPIPE
    at afterWriteDispatched (node:internal/stream_base_commons:159:15)
    at writeGeneric (node:internal/stream_base_commons:150:3)
    at Socket._writeGeneric (node:net:1025:11)
    at Socket._write (node:net:1037:8)
    at writeOrBuffer (node:internal/streams/writable:570:12)
    at _write (node:internal/streams/writable:499:10)
    at Writable.write (node:internal/streams/writable:508:10)
    at Console.log (/opt/homebrew/Cellar/firebase-cli/14.11.0/libexec/lib/node_modules/firebase-tools/node_modules/winston/lib/winston/transports/console.js:87:23)
    at Console._write (/opt/homebrew/Cellar/firebase-cli/14.11.0/libexec/lib/node_modules/firebase-tools/node_modules/winston-transport/modern.js:103:17)
    at doWrite (/opt/homebrew/Cellar/firebase-cli/14.11.0/libexec/lib/node_modules/firebase-tools/node_modules/winston-transport/node_modules/readable-stream/lib/_stream_writable.js:390:139)
[error] 
[error] Error: An unexpected error has occurred.
[debug] [2026-07-03T10:44:03.268Z] Error: write EPIPE
    at afterWriteDispatched (node:internal/stream_base_commons:159:15)
    at writeGeneric (node:internal/stream_base_commons:150:3)
    at Socket._writeGeneric (node:net:1025:11)
    at Socket._write (node:net:1037:8)
    at writeOrBuffer (node:internal/streams/writable:570:12)
    at _write (node:internal/streams/writable:499:10)
    at Writable.write (node:internal/streams/writable:508:10)
    at Console.log (/opt/homebrew/Cellar/firebase-cli/14.11.0/libexec/lib/node_modules/firebase-tools/node_modules/winston/lib/winston/transports/console.js:87:23)
    at Console._write (/opt/homebrew/Cellar/firebase-cli/14.11.0/libexec/lib/node_modules/firebase-tools/node_modules/winston-transport/modern.js:103:17)
    at doWrite (/opt/homebrew/Cellar/firebase-cli/14.11.0/libexec/lib/node_modules/firebase-tools/node_modules/winston-transport/node_modules/readable-stream/lib/_stream_writable.js:390:139)
[error] 
[error] Error: An unexpected error has occurred.
[debug] [2026-07-03T10:44:03.268Z] Error: write EPIPE
    at afterWriteDispatched (node:internal/stream_base_commons:159:15)
    at writeGeneric (node:internal/stream_base_commons:150:3)
    at Socket._writeGeneric (node:net:1025:11)
    at Socket._write (node:net:1037:8)
    at writeOrBuffer (node:internal/streams/writable:570:12)
    at _write (node:internal/streams/writable:499:10)
    at Writable.write (node:internal/streams/writable:508:10)
    at Console.log (/opt/homebrew/Cellar/firebase-cli/14.11.0/libexec/lib/node_modules/firebase-tools/node_modules/winston/lib/winston/transports/console.js:87:23)
    at Console._write (/opt/homebrew/Cellar/firebase-cli/14.11.0/libexec/lib/node_modules/firebase-tools/node_modules/winston-transport/modern.js:103:17)
    at doWrite (/opt/homebrew/Cellar/firebase-cli/14.11.0/libexec/lib/node_modules/firebase-tools/node_modules/winston-transport/node_modules/readable-stream/lib/_stream_writable.js:390:139)
[error] 
[error] Error: An unexpected error has occurred.
[debug] [2026-07-03T10:44:03.268Z] Error: write EPIPE
    at afterWriteDispatched (node:internal/stream_base_commons:159:15)
    at writeGeneric (node:internal/stream_base_commons:150:3)
    at Socket._writeGeneric (node:net:1025:11)
    at Socket._write (node:net:1037:8)
    at writeOrBuffer (node:internal/streams/writable:570:12)
    at _write (node:internal/streams/writable:499:10)
    at Writable.write (node:internal/streams/writable:508:10)
    at Console.log (/opt/homebrew/Cellar/firebase-cli/14.11.0/libexec/lib/node_modules/firebase-tools/node_modules/winston/lib/winston/transports/console.js:87:23)
    at Console._write (/opt/homebrew/Cellar/firebase-cli/14.11.0/libexec/lib/node_modules/firebase-tools/node_modules/winston-transport/modern.js:103:17)
    at doWrite (/opt/homebrew/Cellar/firebase-cli/14.11.0/libexec/lib/node_modules/firebase-tools/node_modules/winston-transport/node_modules/readable-stream/lib/_stream_writable.js:390:139)
[error] 
[error] Error: An unexpected error has occurred.
[debug] [2026-07-03T10:44:03.269Z] Error: write EPIPE
    at afterWriteDispatched (node:internal/stream_base_commons:159:15)
    at writeGeneric (node:internal/stream_base_commons:150:3)
    at Socket._writeGeneric (node:net:1025:11)
    at Socket._write (node:net:1037:8)
    at writeOrBuffer (node:internal/streams/writable:570:12)
    at _write (node:internal/streams/writable:499:10)
    at Writable.write (node:internal/streams/writable:508:10)
    at Console.log (/opt/homebrew/Cellar/firebase-cli/14.11.0/libexec/lib/node_modules/firebase-tools/node_modules/winston/lib/winston/transports/console.js:87:23)
    at Console._write (/opt/homebrew/Cellar/firebase-cli/14.11.0/libexec/lib/node_modules/firebase-tools/node_modules/winston-transport/modern.js:103:17)
    at doWrite (/opt/homebrew/Cellar/firebase-cli/14.11.0/libexec/lib/node_modules/firebase-tools/node_modules/winston-transport/node_modules/readable-stream/lib/_stream_writable.js:390:139)
[error] 
[error] Error: An unexpected error has occurred.
[debug] [2026-07-03T10:44:03.269Z] Error: write EPIPE
    at afterWriteDispatched (node:internal/stream_base_commons:159:15)
    at writeGeneric (node:internal/stream_base_commons:150:3)
    at Socket._writeGeneric (node:net:1025:11)
    at Socket._write (node:net:1037:8)
    at writeOrBuffer (node:internal/streams/writable:570:12)
    at _write (node:internal/streams/writable:499:10)
    at Writable.write (node:internal/streams/writable:508:10)
    at Console.log (/opt/homebrew/Cellar/firebase-cli/14.11.0/libexec/lib/node_modules/firebase-tools/node_modules/winston/lib/winston/transports/console.js:87:23)
    at Console._write (/opt/homebrew/Cellar/firebase-cli/14.11.0/libexec/lib/node_modules/firebase-tools/node_modules/winston-transport/modern.js:103:17)
    at doWrite (/opt/homebrew/Cellar/firebase-cli/14.11.0/libexec/lib/node_modules/firebase-tools/node_modules/winston-transport/node_modules/readable-stream/lib/_stream_writable.js:390:139)
[error] 
[error] Error: An unexpected error has occurred.
[debug] [2026-07-03T10:44:03.269Z] Error: write EPIPE
    at afterWriteDispatched (node:internal/stream_base_commons:159:15)
    at writeGeneric (node:internal/stream_base_commons:150:3)
    at Socket._writeGeneric (node:net:1025:11)
    at Socket._write (node:net:1037:8)
    at writeOrBuffer (node:internal/streams/writable:570:12)
    at _write (node:internal/streams/writable:499:10)
    at Writable.write (node:internal/streams/writable:508:10)
    at Console.log (/opt/homebrew/Cellar/firebase-cli/14.11.0/libexec/lib/node_modules/firebase-tools/node_modules/winston/lib/winston/transports/console.js:87:23)
    at Console._write (/opt/homebrew/Cellar/firebase-cli/14.11.0/libexec/lib/node_modules/firebase-tools/node_modules/winston-transport/modern.js:103:17)
    at doWrite (/opt/homebrew/Cellar/firebase-cli/14.11.0/libexec/lib/node_modules/firebase-tools/node_modules/winston-transport/node_modules/readable-stream/lib/_stream_writable.js:390:139)
[error] 
[error] Error: An unexpected error has occurred.
[debug] [2026-07-03T10:44:03.269Z] Error: write EPIPE
    at afterWriteDispatched (node:internal/stream_base_commons:159:15)
    at writeGeneric (node:internal/stream_base_commons:150:3)
    at Socket._writeGeneric (node:net:1025:11)
    at Socket._write (node:net:1037:8)
    at writeOrBuffer (node:internal/streams/writable:570:12)
    at _write (node:internal/streams/writable:499:10)
    at Writable.write (node:internal/streams/writable:508:10)
    at Console.log (/opt/homebrew/Cellar/firebase-cli/14.11.0/libexec/lib/node_modules/firebase-tools/node_modules/winston/lib/winston/transports/console.js:87:23)
    at Console._write (/opt/homebrew/Cellar/firebase-cli/14.11.0/libexec/lib/node_modules/firebase-tools/node_modules/winston-transport/modern.js:103:17)
    at doWrite (/opt/homebrew/Cellar/firebase-cli/14.11.0/libexec/lib/node_modules/firebase-tools/node_modules/winston-transport/node_modules/readable-stream/lib/_stream_writable.js:390:139)
[error] 
[error] Error: An unexpected error has occurred.
[debug] [2026-07-03T10:44:03.269Z] Error: write EPIPE
    at afterWriteDispatched (node:internal/stream_base_commons:159:15)
    at writeGeneric (node:internal/stream_base_commons:150:3)
    at Socket._writeGeneric (node:net:1025:11)
    at Socket._write (node:net:1037:8)
    at writeOrBuffer (node:internal/streams/writable:570:12)
    at _write (node:internal/streams/writable:499:10)
    at Writable.write (node:internal/streams/writable:508:10)
    at Console.log (/opt/homebrew/Cellar/firebase-cli/14.11.0/libexec/lib/node_modules/firebase-tools/node_modules/winston/lib/winston/transports/console.js:87:23)
    at Console._write (/opt/homebrew/Cellar/firebase-cli/14.11.0/libexec/lib/node_modules/firebase-tools/node_modules/winston-transport/modern.js:103:17)
    at doWrite (/opt/homebrew/Cellar/firebase-cli/14.11.0/libexec/lib/node_modules/firebase-tools/node_modules/winston-transport/node_modules/readable-stream/lib/_stream_writable.js:390:139)
[error] 
[error] Error: An unexpected error has occurred.
[debug] [2026-07-03T10:44:03.269Z] Error: write EPIPE
    at afterWriteDispatched (node:internal/stream_base_commons:159:15)
    at writeGeneric (node:internal/stream_base_commons:150:3)
    at Socket._writeGeneric (node:net:1025:11)
    at Socket._write (node:net:1037:8)
    at writeOrBuffer (node:internal/streams/writable:570:12)
    at _write (node:internal/streams/writable:499:10)
    at Writable.write (node:internal/streams/writable:508:10)
    at Console.log (/opt/homebrew/Cellar/firebase-cli/14.11.0/libexec/lib/node_modules/firebase-tools/node_modules/winston/lib/winston/transports/console.js:87:23)
    at Console._write (/opt/homebrew/Cellar/firebase-cli/14.11.0/libexec/lib/node_modules/firebase-tools/node_modules/winston-transport/modern.js:103:17)
    at doWrite (/opt/homebrew/Cellar/firebase-cli/14.11.0/libexec/lib/node_modules/firebase-tools/node_modules/winston-transport/node_modules/readable-stream/lib/_stream_writable.js:390:139)
[error] 
[error] Error: An unexpected error has occurred.
[debug] [2026-07-03T10:44:03.269Z] Error: write EPIPE
    at afterWriteDispatched (node:internal/stream_base_commons:159:15)
    at writeGeneric (node:internal/stream_base_commons:150:3)
    at Socket._writeGeneric (node:net:1025:11)
    at Socket._write (node:net:1037:8)
    at writeOrBuffer (node:internal/streams/writable:570:12)
    at _write (node:internal/streams/writable:499:10)
    at Writable.write (node:internal/streams/writable:508:10)
    at Console.log (/opt/homebrew/Cellar/firebase-cli/14.11.0/libexec/lib/node_modules/firebase-tools/node_modules/winston/lib/winston/transports/console.js:87:23)
    at Console._write (/opt/homebrew/Cellar/firebase-cli/14.11.0/libexec/lib/node_modules/firebase-tools/node_modules/winston-transport/modern.js:103:17)
    at doWrite (/opt/homebrew/Cellar/firebase-cli/14.11.0/libexec/lib/node_modules/firebase-tools/node_modules/winston-transport/node_modules/readable-stream/lib/_stream_writable.js:390:139)
[error] 
[error] Error: An unexpected error has occurred.
[debug] [2026-07-03T10:44:03.269Z] Error: write EPIPE
    at afterWriteDispatched (node:internal/stream_base_commons:159:15)
    at writeGeneric (node:internal/stream_base_commons:150:3)
    at Socket._writeGeneric (node:net:1025:11)
    at Socket._write (node:net:1037:8)
    at writeOrBuffer (node:internal/streams/writable:570:12)
    at _write (node:internal/streams/writable:499:10)
    at Writable.write (node:internal/streams/writable:508:10)
    at Console.log (/opt/homebrew/Cellar/firebase-cli/14.11.0/libexec/lib/node_modules/firebase-tools/node_modules/winston/lib/winston/transports/console.js:87:23)
    at Console._write (/opt/homebrew/Cellar/firebase-cli/14.11.0/libexec/lib/node_modules/firebase-tools/node_modules/winston-transport/modern.js:103:17)
    at doWrite (/opt/homebrew/Cellar/firebase-cli/14.11.0/libexec/lib/node_modules/firebase-tools/node_modules/winston-transport/node_modules/readable-stream/lib/_stream_writable.js:390:139)
[error] 
[error] Error: An unexpected error has occurred.
[debug] [2026-07-03T10:44:03.269Z] Error: write EPIPE
    at afterWriteDispatched (node:internal/stream_base_commons:159:15)
    at writeGeneric (node:internal/stream_base_commons:150:3)
    at Socket._writeGeneric (node:net:1025:11)
    at Socket._write (node:net:1037:8)
    at writeOrBuffer (node:internal/streams/writable:570:12)
    at _write (node:internal/streams/writable:499:10)
    at Writable.write (node:internal/streams/writable:508:10)
    at Console.log (/opt/homebrew/Cellar/firebase-cli/14.11.0/libexec/lib/node_modules/firebase-tools/node_modules/winston/lib/winston/transports/console.js:87:23)
    at Console._write (/opt/homebrew/Cellar/firebase-cli/14.11.0/libexec/lib/node_modules/firebase-tools/node_modules/winston-transport/modern.js:103:17)
    at doWrite (/opt/homebrew/Cellar/firebase-cli/14.11.0/libexec/lib/node_modules/firebase-tools/node_modules/winston-transport/node_modules/readable-stream/lib/_stream_writable.js:390:139)
[error] 
[error] Error: An unexpected error has occurred.
[debug] [2026-07-03T10:44:03.269Z] Error: write EPIPE
    at afterWriteDispatched (node:internal/stream_base_commons:159:15)
    at writeGeneric (node:internal/stream_base_commons:150:3)
    at Socket._writeGeneric (node:net:1025:11)
    at Socket._write (node:net:1037:8)
    at writeOrBuffer (node:internal/streams/writable:570:12)
    at _write (node:internal/streams/writable:499:10)
    at Writable.write (node:internal/streams/writable:508:10)
    at Console.log (/opt/homebrew/Cellar/firebase-cli/14.11.0/libexec/lib/node_modules/firebase-tools/node_modules/winston/lib/winston/transports/console.js:87:23)
    at Console._write (/opt/homebrew/Cellar/firebase-cli/14.11.0/libexec/lib/node_modules/firebase-tools/node_modules/winston-transport/modern.js:103:17)
    at doWrite (/opt/homebrew/Cellar/firebase-cli/14.11.0/libexec/lib/node_modules/firebase-tools/node_modules/winston-transport/node_modules/readable-stream/lib/_stream_writable.js:390:139)
[error] 
[error] Error: An unexpected error has occurred.
[debug] [2026-07-03T10:44:03.269Z] Error: write EPIPE
    at afterWriteDispatched (node:internal/stream_base_commons:159:15)
    at writeGeneric (node:internal/stream_base_commons:150:3)
    at Socket._writeGeneric (node:net:1025:11)
    at Socket._write (node:net:1037:8)
    at writeOrBuffer (node:internal/streams/writable:570:12)
    at _write (node:internal/streams/writable:499:10)
    at Writable.write (node:internal/streams/writable:508:10)
    at Console.log (/opt/homebrew/Cellar/firebase-cli/14.11.0/libexec/lib/node_modules/firebase-tools/node_modules/winston/lib/winston/transports/console.js:87:23)
    at Console._write (/opt/homebrew/Cellar/firebase-cli/14.11.0/libexec/lib/node_modules/firebase-tools/node_modules/winston-transport/modern.js:103:17)
    at doWrite (/opt/homebrew/Cellar/firebase-cli/14.11.0/libexec/lib/node_modules/firebase-tools/node_modules/winston-transport/node_modules/readable-stream/lib/_stream_writable.js:390:139)
[error] 
[error] Error: An unexpected error has occurred.
[debug] [2026-07-03T10:44:03.269Z] Error: write EPIPE
    at afterWriteDispatched (node:internal/stream_base_commons:159:15)
    at writeGeneric (node:internal/stream_base_commons:150:3)
    at Socket._writeGeneric (node:net:1025:11)
    at Socket._write (node:net:1037:8)
    at writeOrBuffer (node:internal/streams/writable:570:12)
    at _write (node:internal/streams/writable:499:10)
    at Writable.write (node:internal/streams/writable:508:10)
    at Console.log (/opt/homebrew/Cellar/firebase-cli/14.11.0/libexec/lib/node_modules/firebase-tools/node_modules/winston/lib/winston/transports/console.js:87:23)
    at Console._write (/opt/homebrew/Cellar/firebase-cli/14.11.0/libexec/lib/node_modules/firebase-tools/node_modules/winston-transport/modern.js:103:17)
    at doWrite (/opt/homebrew/Cellar/firebase-cli/14.11.0/libexec/lib/node_modules/firebase-tools/node_modules/winston-transport/node_modules/readable-stream/lib/_stream_writable.js:390:139)
[error] 
[error] Error: An unexpected error has occurred.
[debug] [2026-07-03T10:44:03.270Z] Error: write EPIPE
    at afterWriteDispatched (node:internal/stream_base_commons:159:15)
    at writeGeneric (node:internal/stream_base_commons:150:3)
    at Socket._writeGeneric (node:net:1025:11)
    at Socket._write (node:net:1037:8)
    at writeOrBuffer (node:internal/streams/writable:570:12)
    at _write (node:internal/streams/writable:499:10)
    at Writable.write (node:internal/streams/writable:508:10)
    at Console.log (/opt/homebrew/Cellar/firebase-cli/14.11.0/libexec/lib/node_modules/firebase-tools/node_modules/winston/lib/winston/transports/console.js:87:23)
    at Console._write (/opt/homebrew/Cellar/firebase-cli/14.11.0/libexec/lib/node_modules/firebase-tools/node_modules/winston-transport/modern.js:103:17)
    at doWrite (/opt/homebrew/Cellar/firebase-cli/14.11.0/libexec/lib/node_modules/firebase-tools/node_modules/winston-transport/node_modules/readable-stream/lib/_stream_writable.js:390:139)
[error] 
[error] Error: An unexpected error has occurred.
[debug] [2026-07-03T10:44:03.270Z] Error: write EPIPE
    at afterWriteDispatched (node:internal/stream_base_commons:159:15)
    at writeGeneric (node:internal/stream_base_commons:150:3)
    at Socket._writeGeneric (node:net:1025:11)
    at Socket._write (node:net:1037:8)
    at writeOrBuffer (node:internal/streams/writable:570:12)
    at _write (node:internal/streams/writable:499:10)
    at Writable.write (node:internal/streams/writable:508:10)
    at Console.log (/opt/homebrew/Cellar/firebase-cli/14.11.0/libexec/lib/node_modules/firebase-tools/node_modules/winston/lib/winston/transports/console.js:87:23)
    at Console._write (/opt/homebrew/Cellar/firebase-cli/14.11.0/libexec/lib/node_modules/firebase-tools/node_modules/winston-transport/modern.js:103:17)
    at doWrite (/opt/homebrew/Cellar/firebase-cli/14.11.0/libexec/lib/node_modules/firebase-tools/node_modules/winston-transport/node_modules/readable-stream/lib/_stream_writable.js:390:139)
[error] 
[error] Error: An unexpected error has occurred.
[debug] [2026-07-03T10:44:03.270Z] Error: write EPIPE
    at afterWriteDispatched (node:internal/stream_base_commons:159:15)
    at writeGeneric (node:internal/stream_base_commons:150:3)
    at Socket._writeGeneric (node:net:1025:11)
    at Socket._write (node:net:1037:8)
    at writeOrBuffer (node:internal/streams/writable:570:12)
    at _write (node:internal/streams/writable:499:10)
    at Writable.write (node:internal/streams/writable:508:10)
    at Console.log (/opt/homebrew/Cellar/firebase-cli/14.11.0/libexec/lib/node_modules/firebase-tools/node_modules/winston/lib/winston/transports/console.js:87:23)
    at Console._write (/opt/homebrew/Cellar/firebase-cli/14.11.0/libexec/lib/node_modules/firebase-tools/node_modules/winston-transport/modern.js:103:17)
    at doWrite (/opt/homebrew/Cellar/firebase-cli/14.11.0/libexec/lib/node_modules/firebase-tools/node_modules/winston-transport/node_modules/readable-stream/lib/_stream_writable.js:390:139)
[error] 
[error] Error: An unexpected error has occurred.
[debug] [2026-07-03T10:44:03.270Z] Error: write EPIPE
    at afterWriteDispatched (node:internal/stream_base_commons:159:15)
    at writeGeneric (node:internal/stream_base_commons:150:3)
    at Socket._writeGeneric (node:net:1025:11)
    at Socket._write (node:net:1037:8)
    at writeOrBuffer (node:internal/streams/writable:570:12)
    at _write (node:internal/streams/writable:499:10)
    at Writable.write (node:internal/streams/writable:508:10)
    at Console.log (/opt/homebrew/Cellar/firebase-cli/14.11.0/libexec/lib/node_modules/firebase-tools/node_modules/winston/lib/winston/transports/console.js:87:23)
    at Console._write (/opt/homebrew/Cellar/firebase-cli/14.11.0/libexec/lib/node_modules/firebase-tools/node_modules/winston-transport/modern.js:103:17)
    at doWrite (/opt/homebrew/Cellar/firebase-cli/14.11.0/libexec/lib/node_modules/firebase-tools/node_modules/winston-transport/node_modules/readable-stream/lib/_stream_writable.js:390:139)
[error] 
[error] Error: An unexpected error has occurred.
[debug] [2026-07-03T10:44:03.270Z] Error: write EPIPE
    at afterWriteDispatched (node:internal/stream_base_commons:159:15)
    at writeGeneric (node:internal/stream_base_commons:150:3)
    at Socket._writeGeneric (node:net:1025:11)
    at Socket._write (node:net:1037:8)
    at writeOrBuffer (node:internal/streams/writable:570:12)
    at _write (node:internal/streams/writable:499:10)
    at Writable.write (node:internal/streams/writable:508:10)
    at Console.log (/opt/homebrew/Cellar/firebase-cli/14.11.0/libexec/lib/node_modules/firebase-tools/node_modules/winston/lib/winston/transports/console.js:87:23)
    at Console._write (/opt/homebrew/Cellar/firebase-cli/14.11.0/libexec/lib/node_modules/firebase-tools/node_modules/winston-transport/modern.js:103:17)
    at doWrite (/opt/homebrew/Cellar/firebase-cli/14.11.0/libexec/lib/node_modules/firebase-tools/node_modules/winston-transport/node_modules/readable-stream/lib/_stream_writable.js:390:139)
[error] 
[error] Error: An unexpected error has occurred.
[debug] [2026-07-03T10:44:03.270Z] Error: write EPIPE
    at afterWriteDispatched (node:internal/stream_base_commons:159:15)
    at writeGeneric (node:internal/stream_base_commons:150:3)
    at Socket._writeGeneric (node:net:1025:11)
    at Socket._write (node:net:1037:8)
    at writeOrBuffer (node:internal/streams/writable:570:12)
    at _write (node:internal/streams/writable:499:10)
    at Writable.write (node:internal/streams/writable:508:10)
    at Console.log (/opt/homebrew/Cellar/firebase-cli/14.11.0/libexec/lib/node_modules/firebase-tools/node_modules/winston/lib/winston/transports/console.js:87:23)
    at Console._write (/opt/homebrew/Cellar/firebase-cli/14.11.0/libexec/lib/node_modules/firebase-tools/node_modules/winston-transport/modern.js:103:17)
    at doWrite (/opt/homebrew/Cellar/firebase-cli/14.11.0/libexec/lib/node_modules/firebase-tools/node_modules/winston-transport/node_modules/readable-stream/lib/_stream_writable.js:390:139)
[error] 
[error] Error: An unexpected error has occurred.
[debug] [2026-07-03T10:44:03.270Z] Error: write EPIPE
    at afterWriteDispatched (node:internal/stream_base_commons:159:15)
    at writeGeneric (node:internal/stream_base_commons:150:3)
    at Socket._writeGeneric (node:net:1025:11)
    at Socket._write (node:net:1037:8)
    at writeOrBuffer (node:internal/streams/writable:570:12)
    at _write (node:internal/streams/writable:499:10)
    at Writable.write (node:internal/streams/writable:508:10)
    at Console.log (/opt/homebrew/Cellar/firebase-cli/14.11.0/libexec/lib/node_modules/firebase-tools/node_modules/winston/lib/winston/transports/console.js:87:23)
    at Console._write (/opt/homebrew/Cellar/firebase-cli/14.11.0/libexec/lib/node_modules/firebase-tools/node_modules/winston-transport/modern.js:103:17)
    at doWrite (/opt/homebrew/Cellar/firebase-cli/14.11.0/libexec/lib/node_modules/firebase-tools/node_modules/winston-transport/node_modules/readable-stream/lib/_stream_writable.js:390:139)
[error] 
[error] Error: An unexpected error has occurred.
[debug] [2026-07-03T10:44:03.270Z] Error: write EPIPE
    at afterWriteDispatched (node:internal/stream_base_commons:159:15)
    at writeGeneric (node:internal/stream_base_commons:150:3)
    at Socket._writeGeneric (node:net:1025:11)
    at Socket._write (node:net:1037:8)
    at writeOrBuffer (node:internal/streams/writable:570:12)
    at _write (node:internal/streams/writable:499:10)
    at Writable.write (node:internal/streams/writable:508:10)
    at Console.log (/opt/homebrew/Cellar/firebase-cli/14.11.0/libexec/lib/node_modules/firebase-tools/node_modules/winston/lib/winston/transports/console.js:87:23)
    at Console._write (/opt/homebrew/Cellar/firebase-cli/14.11.0/libexec/lib/node_modules/firebase-tools/node_modules/winston-transport/modern.js:103:17)
    at doWrite (/opt/homebrew/Cellar/firebase-cli/14.11.0/libexec/lib/node_modules/firebase-tools/node_modules/winston-transport/node_modules/readable-stream/lib/_stream_writable.js:390:139)
[error] 
[error] Error: An unexpected error has occurred.
[debug] [2026-07-03T10:44:03.270Z] Error: write EPIPE
    at afterWriteDispatched (node:internal/stream_base_commons:159:15)
    at writeGeneric (node:internal/stream_base_commons:150:3)
    at Socket._writeGeneric (node:net:1025:11)
    at Socket._write (node:net:1037:8)
    at writeOrBuffer (node:internal/streams/writable:570:12)
    at _write (node:internal/streams/writable:499:10)
    at Writable.write (node:internal/streams/writable:508:10)
    at Console.log (/opt/homebrew/Cellar/firebase-cli/14.11.0/libexec/lib/node_modules/firebase-tools/node_modules/winston/lib/winston/transports/console.js:87:23)
    at Console._write (/opt/homebrew/Cellar/firebase-cli/14.11.0/libexec/lib/node_modules/firebase-tools/node_modules/winston-transport/modern.js:103:17)
    at doWrite (/opt/homebrew/Cellar/firebase-cli/14.11.0/libexec/lib/node_modules/firebase-tools/node_modules/winston-transport/node_modules/readable-stream/lib/_stream_writable.js:390:139)
[error] 
[error] Error: An unexpected error has occurred.
[debug] [2026-07-03T10:44:03.270Z] Error: write EPIPE
    at afterWriteDispatched (node:internal/stream_base_commons:159:15)
    at writeGeneric (node:internal/stream_base_commons:150:3)
    at Socket._writeGeneric (node:net:1025:11)
    at Socket._write (node:net:1037:8)
    at writeOrBuffer (node:internal/streams/writable:570:12)
    at _write (node:internal/streams/writable:499:10)
    at Writable.write (node:internal/streams/writable:508:10)
    at Console.log (/opt/homebrew/Cellar/firebase-cli/14.11.0/libexec/lib/node_modules/firebase-tools/node_modules/winston/lib/winston/transports/console.js:87:23)
    at Console._write (/opt/homebrew/Cellar/firebase-cli/14.11.0/libexec/lib/node_modules/firebase-tools/node_modules/winston-transport/modern.js:103:17)
    at doWrite (/opt/homebrew/Cellar/firebase-cli/14.11.0/libexec/lib/node_modules/firebase-tools/node_modules/winston-transport/node_modules/readable-stream/lib/_stream_writable.js:390:139)
[error] 
[error] Error: An unexpected error has occurred.
[debug] [2026-07-03T10:44:03.270Z] Error: write EPIPE
    at afterWriteDispatched (node:internal/stream_base_commons:159:15)
    at writeGeneric (node:internal/stream_base_commons:150:3)
    at Socket._writeGeneric (node:net:1025:11)
    at Socket._write (node:net:1037:8)
    at writeOrBuffer (node:internal/streams/writable:570:12)
    at _write (node:internal/streams/writable:499:10)
    at Writable.write (node:internal/streams/writable:508:10)
    at Console.log (/opt/homebrew/Cellar/firebase-cli/14.11.0/libexec/lib/node_modules/firebase-tools/node_modules/winston/lib/winston/transports/console.js:87:23)
    at Console._write (/opt/homebrew/Cellar/firebase-cli/14.11.0/libexec/lib/node_modules/firebase-tools/node_modules/winston-transport/modern.js:103:17)
    at doWrite (/opt/homebrew/Cellar/firebase-cli/14.11.0/libexec/lib/node_modules/firebase-tools/node_modules/winston-transport/node_modules/readable-stream/lib/_stream_writable.js:390:139)
[error] 
[error] Error: An unexpected error has occurred.
[debug] [2026-07-03T10:44:03.270Z] Error: write EPIPE
    at afterWriteDispatched (node:internal/stream_base_commons:159:15)
    at writeGeneric (node:internal/stream_base_commons:150:3)
    at Socket._writeGeneric (node:net:1025:11)
    at Socket._write (node:net:1037:8)
    at writeOrBuffer (node:internal/streams/writable:570:12)
    at _write (node:internal/streams/writable:499:10)
    at Writable.write (node:internal/streams/writable:508:10)
    at Console.log (/opt/homebrew/Cellar/firebase-cli/14.11.0/libexec/lib/node_modules/firebase-tools/node_modules/winston/lib/winston/transports/console.js:87:23)
    at Console._write (/opt/homebrew/Cellar/firebase-cli/14.11.0/libexec/lib/node_modules/firebase-tools/node_modules/winston-transport/modern.js:103:17)
    at doWrite (/opt/homebrew/Cellar/firebase-cli/14.11.0/libexec/lib/node_modules/firebase-tools/node_modules/winston-transport/node_modules/readable-stream/lib/_stream_writable.js:390:139)
[error] 
[error] Error: An unexpected error has occurred.
[debug] [2026-07-03T10:44:03.270Z] Error: write EPIPE
    at afterWriteDispatched (node:internal/stream_base_commons:159:15)
    at writeGeneric (node:internal/stream_base_commons:150:3)
    at Socket._writeGeneric (node:net:1025:11)
    at Socket._write (node:net:1037:8)
    at writeOrBuffer (node:internal/streams/writable:570:12)
    at _write (node:internal/streams/writable:499:10)
    at Writable.write (node:internal/streams/writable:508:10)
    at Console.log (/opt/homebrew/Cellar/firebase-cli/14.11.0/libexec/lib/node_modules/firebase-tools/node_modules/winston/lib/winston/transports/console.js:87:23)
    at Console._write (/opt/homebrew/Cellar/firebase-cli/14.11.0/libexec/lib/node_modules/firebase-tools/node_modules/winston-transport/modern.js:103:17)
    at doWrite (/opt/homebrew/Cellar/firebase-cli/14.11.0/libexec/lib/node_modules/firebase-tools/node_modules/winston-transport/node_modules/readable-stream/lib/_stream_writable.js:390:139)
[error] 
[error] Error: An unexpected error has occurred.
[debug] [2026-07-03T10:44:03.271Z] Error: write EPIPE
    at afterWriteDispatched (node:internal/stream_base_commons:159:15)
    at writeGeneric (node:internal/stream_base_commons:150:3)
    at Socket._writeGeneric (node:net:1025:11)
    at Socket._write (node:net:1037:8)
    at writeOrBuffer (node:internal/streams/writable:570:12)
    at _write (node:internal/streams/writable:499:10)
    at Writable.write (node:internal/streams/writable:508:10)
    at Console.log (/opt/homebrew/Cellar/firebase-cli/14.11.0/libexec/lib/node_modules/firebase-tools/node_modules/winston/lib/winston/transports/console.js:87:23)
    at Console._write (/opt/homebrew/Cellar/firebase-cli/14.11.0/libexec/lib/node_modules/firebase-tools/node_modules/winston-transport/modern.js:103:17)
    at doWrite (/opt/homebrew/Cellar/firebase-cli/14.11.0/libexec/lib/node_modules/firebase-tools/node_modules/winston-transport/node_modules/readable-stream/lib/_stream_writable.js:390:139)
[error] 
[error] Error: An unexpected error has occurred.
[debug] [2026-07-03T10:44:03.271Z] Error: write EPIPE
    at afterWriteDispatched (node:internal/stream_base_commons:159:15)
    at writeGeneric (node:internal/stream_base_commons:150:3)
    at Socket._writeGeneric (node:net:1025:11)
    at Socket._write (node:net:1037:8)
    at writeOrBuffer (node:internal/streams/writable:570:12)
    at _write (node:internal/streams/writable:499:10)
    at Writable.write (node:internal/streams/writable:508:10)
    at Console.log (/opt/homebrew/Cellar/firebase-cli/14.11.0/libexec/lib/node_modules/firebase-tools/node_modules/winston/lib/winston/transports/console.js:87:23)
    at Console._write (/opt/homebrew/Cellar/firebase-cli/14.11.0/libexec/lib/node_modules/firebase-tools/node_modules/winston-transport/modern.js:103:17)
    at doWrite (/opt/homebrew/Cellar/firebase-cli/14.11.0/libexec/lib/node_modules/firebase-tools/node_modules/winston-transport/node_modules/readable-stream/lib/_stream_writable.js:390:139)
[error] 
[error] Error: An unexpected error has occurred.
[debug] [2026-07-03T10:44:03.271Z] Error: write EPIPE
    at afterWriteDispatched (node:internal/stream_base_commons:159:15)
    at writeGeneric (node:internal/stream_base_commons:150:3)
    at Socket._writeGeneric (node:net:1025:11)
    at Socket._write (node:net:1037:8)
    at writeOrBuffer (node:internal/streams/writable:570:12)
    at _write (node:internal/streams/writable:499:10)
    at Writable.write (node:internal/streams/writable:508:10)
    at Console.log (/opt/homebrew/Cellar/firebase-cli/14.11.0/libexec/lib/node_modules/firebase-tools/node_modules/winston/lib/winston/transports/console.js:87:23)
    at Console._write (/opt/homebrew/Cellar/firebase-cli/14.11.0/libexec/lib/node_modules/firebase-tools/node_modules/winston-transport/modern.js:103:17)
    at doWrite (/opt/homebrew/Cellar/firebase-cli/14.11.0/libexec/lib/node_modules/firebase-tools/node_modules/winston-transport/node_modules/readable-stream/lib/_stream_writable.js:390:139)
[error] 
[error] Error: An unexpected error has occurred.
[debug] [2026-07-03T10:44:03.271Z] Error: write EPIPE
    at afterWriteDispatched (node:internal/stream_base_commons:159:15)
    at writeGeneric (node:internal/stream_base_commons:150:3)
    at Socket._writeGeneric (node:net:1025:11)
    at Socket._write (node:net:1037:8)
    at writeOrBuffer (node:internal/streams/writable:570:12)
    at _write (node:internal/streams/writable:499:10)
    at Writable.write (node:internal/streams/writable:508:10)
    at Console.log (/opt/homebrew/Cellar/firebase-cli/14.11.0/libexec/lib/node_modules/firebase-tools/node_modules/winston/lib/winston/transports/console.js:87:23)
    at Console._write (/opt/homebrew/Cellar/firebase-cli/14.11.0/libexec/lib/node_modules/firebase-tools/node_modules/winston-transport/modern.js:103:17)
    at doWrite (/opt/homebrew/Cellar/firebase-cli/14.11.0/libexec/lib/node_modules/firebase-tools/node_modules/winston-transport/node_modules/readable-stream/lib/_stream_writable.js:390:139)
[error] 
[error] Error: An unexpected error has occurred.
[debug] [2026-07-03T10:44:03.271Z] Error: write EPIPE
    at afterWriteDispatched (node:internal/stream_base_commons:159:15)
    at writeGeneric (node:internal/stream_base_commons:150:3)
    at Socket._writeGeneric (node:net:1025:11)
    at Socket._write (node:net:1037:8)
    at writeOrBuffer (node:internal/streams/writable:570:12)
    at _write (node:internal/streams/writable:499:10)
    at Writable.write (node:internal/streams/writable:508:10)
    at Console.log (/opt/homebrew/Cellar/firebase-cli/14.11.0/libexec/lib/node_modules/firebase-tools/node_modules/winston/lib/winston/transports/console.js:87:23)
    at Console._write (/opt/homebrew/Cellar/firebase-cli/14.11.0/libexec/lib/node_modules/firebase-tools/node_modules/winston-transport/modern.js:103:17)
    at doWrite (/opt/homebrew/Cellar/firebase-cli/14.11.0/libexec/lib/node_modules/firebase-tools/node_modules/winston-transport/node_modules/readable-stream/lib/_stream_writable.js:390:139)
[error] 
[error] Error: An unexpected error has occurred.
[debug] [2026-07-03T10:44:03.271Z] Error: write EPIPE
    at afterWriteDispatched (node:internal/stream_base_commons:159:15)
    at writeGeneric (node:internal/stream_base_commons:150:3)
    at Socket._writeGeneric (node:net:1025:11)
    at Socket._write (node:net:1037:8)
    at writeOrBuffer (node:internal/streams/writable:570:12)
    at _write (node:internal/streams/writable:499:10)
    at Writable.write (node:internal/streams/writable:508:10)
    at Console.log (/opt/homebrew/Cellar/firebase-cli/14.11.0/libexec/lib/node_modules/firebase-tools/node_modules/winston/lib/winston/transports/console.js:87:23)
    at Console._write (/opt/homebrew/Cellar/firebase-cli/14.11.0/libexec/lib/node_modules/firebase-tools/node_modules/winston-transport/modern.js:103:17)
    at doWrite (/opt/homebrew/Cellar/firebase-cli/14.11.0/libexec/lib/node_modules/firebase-tools/node_modules/winston-transport/node_modules/readable-stream/lib/_stream_writable.js:390:139)
[error] 
[error] Error: An unexpected error has occurred.
[debug] [2026-07-03T10:44:03.271Z] Error: write EPIPE
    at afterWriteDispatched (node:internal/stream_base_commons:159:15)
    at writeGeneric (node:internal/stream_base_commons:150:3)
    at Socket._writeGeneric (node:net:1025:11)
    at Socket._write (node:net:1037:8)
    at writeOrBuffer (node:internal/streams/writable:570:12)
    at _write (node:internal/streams/writable:499:10)
    at Writable.write (node:internal/streams/writable:508:10)
    at Console.log (/opt/homebrew/Cellar/firebase-cli/14.11.0/libexec/lib/node_modules/firebase-tools/node_modules/winston/lib/winston/transports/console.js:87:23)
    at Console._write (/opt/homebrew/Cellar/firebase-cli/14.11.0/libexec/lib/node_modules/firebase-tools/node_modules/winston-transport/modern.js:103:17)
    at doWrite (/opt/homebrew/Cellar/firebase-cli/14.11.0/libexec/lib/node_modules/firebase-tools/node_modules/winston-transport/node_modules/readable-stream/lib/_stream_writable.js:390:139)
[error] 
[error] Error: An unexpected error has occurred.
[debug] [2026-07-03T10:44:03.271Z] Error: write EPIPE
    at afterWriteDispatched (node:internal/stream_base_commons:159:15)
    at writeGeneric (node:internal/stream_base_commons:150:3)
    at Socket._writeGeneric (node:net:1025:11)
    at Socket._write (node:net:1037:8)
    at writeOrBuffer (node:internal/streams/writable:570:12)
    at _write (node:internal/streams/writable:499:10)
    at Writable.write (node:internal/streams/writable:508:10)
    at Console.log (/opt/homebrew/Cellar/firebase-cli/14.11.0/libexec/lib/node_modules/firebase-tools/node_modules/winston/lib/winston/transports/console.js:87:23)
    at Console._write (/opt/homebrew/Cellar/firebase-cli/14.11.0/libexec/lib/node_modules/firebase-tools/node_modules/winston-transport/modern.js:103:17)
    at doWrite (/opt/homebrew/Cellar/firebase-cli/14.11.0/libexec/lib/node_modules/firebase-tools/node_modules/winston-transport/node_modules/readable-stream/lib/_stream_writable.js:390:139)
[error] 
[error] Error: An unexpected error has occurred.
[debug] [2026-07-03T10:44:03.271Z] Error: write EPIPE
    at afterWriteDispatched (node:internal/stream_base_commons:159:15)
    at writeGeneric (node:internal/stream_base_commons:150:3)
    at Socket._writeGeneric (node:net:1025:11)
    at Socket._write (node:net:1037:8)
    at writeOrBuffer (node:internal/streams/writable:570:12)
    at _write (node:internal/streams/writable:499:10)
    at Writable.write (node:internal/streams/writable:508:10)
    at Console.log (/opt/homebrew/Cellar/firebase-cli/14.11.0/libexec/lib/node_modules/firebase-tools/node_modules/winston/lib/winston/transports/console.js:87:23)
    at Console._write (/opt/homebrew/Cellar/firebase-cli/14.11.0/libexec/lib/node_modules/firebase-tools/node_modules/winston-transport/modern.js:103:17)
    at doWrite (/opt/homebrew/Cellar/firebase-cli/14.11.0/libexec/lib/node_modules/firebase-tools/node_modules/winston-transport/node_modules/readable-stream/lib/_stream_writable.js:390:139)
[error] 
[error] Error: An unexpected error has occurred.
[debug] [2026-07-03T10:44:03.271Z] Error: write EPIPE
    at afterWriteDispatched (node:internal/stream_base_commons:159:15)
    at writeGeneric (node:internal/stream_base_commons:150:3)
    at Socket._writeGeneric (node:net:1025:11)
    at Socket._write (node:net:1037:8)
    at writeOrBuffer (node:internal/streams/writable:570:12)
    at _write (node:internal/streams/writable:499:10)
    at Writable.write (node:internal/streams/writable:508:10)
    at Console.log (/opt/homebrew/Cellar/firebase-cli/14.11.0/libexec/lib/node_modules/firebase-tools/node_modules/winston/lib/winston/transports/console.js:87:23)
    at Console._write (/opt/homebrew/Cellar/firebase-cli/14.11.0/libexec/lib/node_modules/firebase-tools/node_modules/winston-transport/modern.js:103:17)
    at doWrite (/opt/homebrew/Cellar/firebase-cli/14.11.0/libexec/lib/node_modules/firebase-tools/node_modules/winston-transport/node_modules/readable-stream/lib/_stream_writable.js:390:139)
[error] 
[error] Error: An unexpected error has occurred.
[debug] [2026-07-03T10:44:03.271Z] Error: write EPIPE
    at afterWriteDispatched (node:internal/stream_base_commons:159:15)
    at writeGeneric (node:internal/stream_base_commons:150:3)
    at Socket._writeGeneric (node:net:1025:11)
    at Socket._write (node:net:1037:8)
    at writeOrBuffer (node:internal/streams/writable:570:12)
    at _write (node:internal/streams/writable:499:10)
    at Writable.write (node:internal/streams/writable:508:10)
    at Console.log (/opt/homebrew/Cellar/firebase-cli/14.11.0/libexec/lib/node_modules/firebase-tools/node_modules/winston/lib/winston/transports/console.js:87:23)
    at Console._write (/opt/homebrew/Cellar/firebase-cli/14.11.0/libexec/lib/node_modules/firebase-tools/node_modules/winston-transport/modern.js:103:17)
    at doWrite (/opt/homebrew/Cellar/firebase-cli/14.11.0/libexec/lib/node_modules/firebase-tools/node_modules/winston-transport/node_modules/readable-stream/lib/_stream_writable.js:390:139)
[error] 
[error] Error: An unexpected error has occurred.
[debug] [2026-07-03T10:44:03.271Z] Error: write EPIPE
    at afterWriteDispatched (node:internal/stream_base_commons:159:15)
    at writeGeneric (node:internal/stream_base_commons:150:3)
    at Socket._writeGeneric (node:net:1025:11)
    at Socket._write (node:net:1037:8)
    at writeOrBuffer (node:internal/streams/writable:570:12)
    at _write (node:internal/streams/writable:499:10)
    at Writable.write (node:internal/streams/writable:508:10)
    at Console.log (/opt/homebrew/Cellar/firebase-cli/14.11.0/libexec/lib/node_modules/firebase-tools/node_modules/winston/lib/winston/transports/console.js:87:23)
    at Console._write (/opt/homebrew/Cellar/firebase-cli/14.11.0/libexec/lib/node_modules/firebase-tools/node_modules/winston-transport/modern.js:103:17)
    at doWrite (/opt/homebrew/Cellar/firebase-cli/14.11.0/libexec/lib/node_modules/firebase-tools/node_modules/winston-transport/node_modules/readable-stream/lib/_stream_writable.js:390:139)
[error] 
[error] Error: An unexpected error has occurred.
[debug] [2026-07-03T10:44:03.271Z] Error: write EPIPE
    at afterWriteDispatched (node:internal/stream_base_commons:159:15)
    at writeGeneric (node:internal/stream_base_commons:150:3)
    at Socket._writeGeneric (node:net:1025:11)
    at Socket._write (node:net:1037:8)
    at writeOrBuffer (node:internal/streams/writable:570:12)
    at _write (node:internal/streams/writable:499:10)
    at Writable.write (node:internal/streams/writable:508:10)
    at Console.log (/opt/homebrew/Cellar/firebase-cli/14.11.0/libexec/lib/node_modules/firebase-tools/node_modules/winston/lib/winston/transports/console.js:87:23)
    at Console._write (/opt/homebrew/Cellar/firebase-cli/14.11.0/libexec/lib/node_modules/firebase-tools/node_modules/winston-transport/modern.js:103:17)
    at doWrite (/opt/homebrew/Cellar/firebase-cli/14.11.0/libexec/lib/node_modules/firebase-tools/node_modules/winston-transport/node_modules/readable-stream/lib/_stream_writable.js:390:139)
[error] 
[error] Error: An unexpected error has occurred.
[debug] [2026-07-03T10:44:03.272Z] Error: write EPIPE
    at afterWriteDispatched (node:internal/stream_base_commons:159:15)
    at writeGeneric (node:internal/stream_base_commons:150:3)
    at Socket._writeGeneric (node:net:1025:11)
    at Socket._write (node:net:1037:8)
    at writeOrBuffer (node:internal/streams/writable:570:12)
    at _write (node:internal/streams/writable:499:10)
    at Writable.write (node:internal/streams/writable:508:10)
    at Console.log (/opt/homebrew/Cellar/firebase-cli/14.11.0/libexec/lib/node_modules/firebase-tools/node_modules/winston/lib/winston/transports/console.js:87:23)
    at Console._write (/opt/homebrew/Cellar/firebase-cli/14.11.0/libexec/lib/node_modules/firebase-tools/node_modules/winston-transport/modern.js:103:17)
    at doWrite (/opt/homebrew/Cellar/firebase-cli/14.11.0/libexec/lib/node_modules/firebase-tools/node_modules/winston-transport/node_modules/readable-stream/lib/_stream_writable.js:390:139)
[error] 
[error] Error: An unexpected error has occurred.
[debug] [2026-07-03T10:44:03.272Z] Error: write EPIPE
    at afterWriteDispatched (node:internal/stream_base_commons:159:15)
    at writeGeneric (node:internal/stream_base_commons:150:3)
    at Socket._writeGeneric (node:net:1025:11)
    at Socket._write (node:net:1037:8)
    at writeOrBuffer (node:internal/streams/writable:570:12)
    at _write (node:internal/streams/writable:499:10)
    at Writable.write (node:internal/streams/writable:508:10)
    at Console.log (/opt/homebrew/Cellar/firebase-cli/14.11.0/libexec/lib/node_modules/firebase-tools/node_modules/winston/lib/winston/transports/console.js:87:23)
    at Console._write (/opt/homebrew/Cellar/firebase-cli/14.11.0/libexec/lib/node_modules/firebase-tools/node_modules/winston-transport/modern.js:103:17)
    at doWrite (/opt/homebrew/Cellar/firebase-cli/14.11.0/libexec/lib/node_modules/firebase-tools/node_modules/winston-transport/node_modules/readable-stream/lib/_stream_writable.js:390:139)
[error] 
[error] Error: An unexpected error has occurred.
[debug] [2026-07-03T10:44:03.272Z] Error: write EPIPE
    at afterWriteDispatched (node:internal/stream_base_commons:159:15)
    at writeGeneric (node:internal/stream_base_commons:150:3)
    at Socket._writeGeneric (node:net:1025:11)
    at Socket._write (node:net:1037:8)
    at writeOrBuffer (node:internal/streams/writable:570:12)
    at _write (node:internal/streams/writable:499:10)
    at Writable.write (node:internal/streams/writable:508:10)
    at Console.log (/opt/homebrew/Cellar/firebase-cli/14.11.0/libexec/lib/node_modules/firebase-tools/node_modules/winston/lib/winston/transports/console.js:87:23)
    at Console._write (/opt/homebrew/Cellar/firebase-cli/14.11.0/libexec/lib/node_modules/firebase-tools/node_modules/winston-transport/modern.js:103:17)
    at doWrite (/opt/homebrew/Cellar/firebase-cli/14.11.0/libexec/lib/node_modules/firebase-tools/node_modules/winston-transport/node_modules/readable-stream/lib/_stream_writable.js:390:139)
[error] 
[error] Error: An unexpected error has occurred.
[debug] [2026-07-03T10:44:03.272Z] Error: write EPIPE
    at afterWriteDispatched (node:internal/stream_base_commons:159:15)
    at writeGeneric (node:internal/stream_base_commons:150:3)
    at Socket._writeGeneric (node:net:1025:11)
    at Socket._write (node:net:1037:8)
    at writeOrBuffer (node:internal/streams/writable:570:12)
    at _write (node:internal/streams/writable:499:10)
    at Writable.write (node:internal/streams/writable:508:10)
    at Console.log (/opt/homebrew/Cellar/firebase-cli/14.11.0/libexec/lib/node_modules/firebase-tools/node_modules/winston/lib/winston/transports/console.js:87:23)
    at Console._write (/opt/homebrew/Cellar/firebase-cli/14.11.0/libexec/lib/node_modules/firebase-tools/node_modules/winston-transport/modern.js:103:17)
    at doWrite (/opt/homebrew/Cellar/firebase-cli/14.11.0/libexec/lib/node_modules/firebase-tools/node_modules/winston-transport/node_modules/readable-stream/lib/_stream_writable.js:390:139)
[error] 
[error] Error: An unexpected error has occurred.
[debug] [2026-07-03T10:44:03.272Z] Error: write EPIPE
    at afterWriteDispatched (node:internal/stream_base_commons:159:15)
    at writeGeneric (node:internal/stream_base_commons:150:3)
    at Socket._writeGeneric (node:net:1025:11)
    at Socket._write (node:net:1037:8)
    at writeOrBuffer (node:internal/streams/writable:570:12)
    at _write (node:internal/streams/writable:499:10)
    at Writable.write (node:internal/streams/writable:508:10)
    at Console.log (/opt/homebrew/Cellar/firebase-cli/14.11.0/libexec/lib/node_modules/firebase-tools/node_modules/winston/lib/winston/transports/console.js:87:23)
    at Console._write (/opt/homebrew/Cellar/firebase-cli/14.11.0/libexec/lib/node_modules/firebase-tools/node_modules/winston-transport/modern.js:103:17)
    at doWrite (/opt/homebrew/Cellar/firebase-cli/14.11.0/libexec/lib/node_modules/firebase-tools/node_modules/winston-transport/node_modules/readable-stream/lib/_stream_writable.js:390:139)
[error] 
[error] Error: An unexpected error has occurred.
[debug] [2026-07-03T10:44:03.272Z] Error: write EPIPE
    at afterWriteDispatched (node:internal/stream_base_commons:159:15)
    at writeGeneric (node:internal/stream_base_commons:150:3)
    at Socket._writeGeneric (node:net:1025:11)
    at Socket._write (node:net:1037:8)
    at writeOrBuffer (node:internal/streams/writable:570:12)
    at _write (node:internal/streams/writable:499:10)
    at Writable.write (node:internal/streams/writable:508:10)
    at Console.log (/opt/homebrew/Cellar/firebase-cli/14.11.0/libexec/lib/node_modules/firebase-tools/node_modules/winston/lib/winston/transports/console.js:87:23)
    at Console._write (/opt/homebrew/Cellar/firebase-cli/14.11.0/libexec/lib/node_modules/firebase-tools/node_modules/winston-transport/modern.js:103:17)
    at doWrite (/opt/homebrew/Cellar/firebase-cli/14.11.0/libexec/lib/node_modules/firebase-tools/node_modules/winston-transport/node_modules/readable-stream/lib/_stream_writable.js:390:139)
[error] 
[error] Error: An unexpected error has occurred.
[debug] [2026-07-03T10:44:03.272Z] Error: write EPIPE
    at afterWriteDispatched (node:internal/stream_base_commons:159:15)
    at writeGeneric (node:internal/stream_base_commons:150:3)
    at Socket._writeGeneric (node:net:1025:11)
    at Socket._write (node:net:1037:8)
    at writeOrBuffer (node:internal/streams/writable:570:12)
    at _write (node:internal/streams/writable:499:10)
    at Writable.write (node:internal/streams/writable:508:10)
    at Console.log (/opt/homebrew/Cellar/firebase-cli/14.11.0/libexec/lib/node_modules/firebase-tools/node_modules/winston/lib/winston/transports/console.js:87:23)
    at Console._write (/opt/homebrew/Cellar/firebase-cli/14.11.0/libexec/lib/node_modules/firebase-tools/node_modules/winston-transport/modern.js:103:17)
    at doWrite (/opt/homebrew/Cellar/firebase-cli/14.11.0/libexec/lib/node_modules/firebase-tools/node_modules/winston-transport/node_modules/readable-stream/lib/_stream_writable.js:390:139)
[error] 
[error] Error: An unexpected error has occurred.
[debug] [2026-07-03T10:44:03.272Z] Error: write EPIPE
    at afterWriteDispatched (node:internal/stream_base_commons:159:15)
    at writeGeneric (node:internal/stream_base_commons:150:3)
    at Socket._writeGeneric (node:net:1025:11)
    at Socket._write (node:net:1037:8)
    at writeOrBuffer (node:internal/streams/writable:570:12)
    at _write (node:internal/streams/writable:499:10)
    at Writable.write (node:internal/streams/writable:508:10)
    at Console.log (/opt/homebrew/Cellar/firebase-cli/14.11.0/libexec/lib/node_modules/firebase-tools/node_modules/winston/lib/winston/transports/console.js:87:23)
    at Console._write (/opt/homebrew/Cellar/firebase-cli/14.11.0/libexec/lib/node_modules/firebase-tools/node_modules/winston-transport/modern.js:103:17)
    at doWrite (/opt/homebrew/Cellar/firebase-cli/14.11.0/libexec/lib/node_modules/firebase-tools/node_modules/winston-transport/node_modules/readable-stream/lib/_stream_writable.js:390:139)
[error] 
[error] Error: An unexpected error has occurred.
[debug] [2026-07-03T10:44:03.272Z] Error: write EPIPE
    at afterWriteDispatched (node:internal/stream_base_commons:159:15)
    at writeGeneric (node:internal/stream_base_commons:150:3)
    at Socket._writeGeneric (node:net:1025:11)
    at Socket._write (node:net:1037:8)
    at writeOrBuffer (node:internal/streams/writable:570:12)
    at _write (node:internal/streams/writable:499:10)
    at Writable.write (node:internal/streams/writable:508:10)
    at Console.log (/opt/homebrew/Cellar/firebase-cli/14.11.0/libexec/lib/node_modules/firebase-tools/node_modules/winston/lib/winston/transports/console.js:87:23)
    at Console._write (/opt/homebrew/Cellar/firebase-cli/14.11.0/libexec/lib/node_modules/firebase-tools/node_modules/winston-transport/modern.js:103:17)
    at doWrite (/opt/homebrew/Cellar/firebase-cli/14.11.0/libexec/lib/node_modules/firebase-tools/node_modules/winston-transport/node_modules/readable-stream/lib/_stream_writable.js:390:139)
[error] 
[error] Error: An unexpected error has occurred.
[debug] [2026-07-03T10:44:03.272Z] Error: write EPIPE
    at afterWriteDispatched (node:internal/stream_base_commons:159:15)
    at writeGeneric (node:internal/stream_base_commons:150:3)
    at Socket._writeGeneric (node:net:1025:11)
    at Socket._write (node:net:1037:8)
    at writeOrBuffer (node:internal/streams/writable:570:12)
    at _write (node:internal/streams/writable:499:10)
    at Writable.write (node:internal/streams/writable:508:10)
    at Console.log (/opt/homebrew/Cellar/firebase-cli/14.11.0/libexec/lib/node_modules/firebase-tools/node_modules/winston/lib/winston/transports/console.js:87:23)
    at Console._write (/opt/homebrew/Cellar/firebase-cli/14.11.0/libexec/lib/node_modules/firebase-tools/node_modules/winston-transport/modern.js:103:17)
    at doWrite (/opt/homebrew/Cellar/firebase-cli/14.11.0/libexec/lib/node_modules/firebase-tools/node_modules/winston-transport/node_modules/readable-stream/lib/_stream_writable.js:390:139)
[error] 
[error] Error: An unexpected error has occurred.
[debug] [2026-07-03T10:44:03.272Z] Error: write EPIPE
    at afterWriteDispatched (node:internal/stream_base_commons:159:15)
    at writeGeneric (node:internal/stream_base_commons:150:3)
    at Socket._writeGeneric (node:net:1025:11)
    at Socket._write (node:net:1037:8)
    at writeOrBuffer (node:internal/streams/writable:570:12)
    at _write (node:internal/streams/writable:499:10)
    at Writable.write (node:internal/streams/writable:508:10)
    at Console.log (/opt/homebrew/Cellar/firebase-cli/14.11.0/libexec/lib/node_modules/firebase-tools/node_modules/winston/lib/winston/transports/console.js:87:23)
    at Console._write (/opt/homebrew/Cellar/firebase-cli/14.11.0/libexec/lib/node_modules/firebase-tools/node_modules/winston-transport/modern.js:103:17)
    at doWrite (/opt/homebrew/Cellar/firebase-cli/14.11.0/libexec/lib/node_modules/firebase-tools/node_modules/winston-transport/node_modules/readable-stream/lib/_stream_writable.js:390:139)
[error] 
[error] Error: An unexpected error has occurred.
[debug] [2026-07-03T10:44:03.272Z] Error: write EPIPE
    at afterWriteDispatched (node:internal/stream_base_commons:159:15)
    at writeGeneric (node:internal/stream_base_commons:150:3)
    at Socket._writeGeneric (node:net:1025:11)
    at Socket._write (node:net:1037:8)
    at writeOrBuffer (node:internal/streams/writable:570:12)
    at _write (node:internal/streams/writable:499:10)
    at Writable.write (node:internal/streams/writable:508:10)
    at Console.log (/opt/homebrew/Cellar/firebase-cli/14.11.0/libexec/lib/node_modules/firebase-tools/node_modules/winston/lib/winston/transports/console.js:87:23)
    at Console._write (/opt/homebrew/Cellar/firebase-cli/14.11.0/libexec/lib/node_modules/firebase-tools/node_modules/winston-transport/modern.js:103:17)
    at doWrite (/opt/homebrew/Cellar/firebase-cli/14.11.0/libexec/lib/node_modules/firebase-tools/node_modules/winston-transport/node_modules/readable-stream/lib/_stream_writable.js:390:139)
[error] 
[error] Error: An unexpected error has occurred.
[debug] [2026-07-03T10:44:03.273Z] Error: write EPIPE
    at afterWriteDispatched (node:internal/stream_base_commons:159:15)
    at writeGeneric (node:internal/stream_base_commons:150:3)
    at Socket._writeGeneric (node:net:1025:11)
    at Socket._write (node:net:1037:8)
    at writeOrBuffer (node:internal/streams/writable:570:12)
    at _write (node:internal/streams/writable:499:10)
    at Writable.write (node:internal/streams/writable:508:10)
    at Console.log (/opt/homebrew/Cellar/firebase-cli/14.11.0/libexec/lib/node_modules/firebase-tools/node_modules/winston/lib/winston/transports/console.js:87:23)
    at Console._write (/opt/homebrew/Cellar/firebase-cli/14.11.0/libexec/lib/node_modules/firebase-tools/node_modules/winston-transport/modern.js:103:17)
    at doWrite (/opt/homebrew/Cellar/firebase-cli/14.11.0/libexec/lib/node_modules/firebase-tools/node_modules/winston-transport/node_modules/readable-stream/lib/_stream_writable.js:390:139)
[error] 
[error] Error: An unexpected error has occurred.
[debug] [2026-07-03T10:44:03.273Z] Error: write EPIPE
    at afterWriteDispatched (node:internal/stream_base_commons:159:15)
    at writeGeneric (node:internal/stream_base_commons:150:3)
    at Socket._writeGeneric (node:net:1025:11)
    at Socket._write (node:net:1037:8)
    at writeOrBuffer (node:internal/streams/writable:570:12)
    at _write (node:internal/streams/writable:499:10)
    at Writable.write (node:internal/streams/writable:508:10)
    at Console.log (/opt/homebrew/Cellar/firebase-cli/14.11.0/libexec/lib/node_modules/firebase-tools/node_modules/winston/lib/winston/transports/console.js:87:23)
    at Console._write (/opt/homebrew/Cellar/firebase-cli/14.11.0/libexec/lib/node_modules/firebase-tools/node_modules/winston-transport/modern.js:103:17)
    at doWrite (/opt/homebrew/Cellar/firebase-cli/14.11.0/libexec/lib/node_modules/firebase-tools/node_modules/winston-transport/node_modules/readable-stream/lib/_stream_writable.js:390:139)
[error] 
[error] Error: An unexpected error has occurred.
[debug] [2026-07-03T10:44:03.273Z] Error: write EPIPE
    at afterWriteDispatched (node:internal/stream_base_commons:159:15)
    at writeGeneric (node:internal/stream_base_commons:150:3)
    at Socket._writeGeneric (node:net:1025:11)
    at Socket._write (node:net:1037:8)
    at writeOrBuffer (node:internal/streams/writable:570:12)
    at _write (node:internal/streams/writable:499:10)
    at Writable.write (node:internal/streams/writable:508:10)
    at Console.log (/opt/homebrew/Cellar/firebase-cli/14.11.0/libexec/lib/node_modules/firebase-tools/node_modules/winston/lib/winston/transports/console.js:87:23)
    at Console._write (/opt/homebrew/Cellar/firebase-cli/14.11.0/libexec/lib/node_modules/firebase-tools/node_modules/winston-transport/modern.js:103:17)
    at doWrite (/opt/homebrew/Cellar/firebase-cli/14.11.0/libexec/lib/node_modules/firebase-tools/node_modules/winston-transport/node_modules/readable-stream/lib/_stream_writable.js:390:139)
[error] 
[error] Error: An unexpected error has occurred.
[debug] [2026-07-03T10:44:03.273Z] Error: write EPIPE
    at afterWriteDispatched (node:internal/stream_base_commons:159:15)
    at writeGeneric (node:internal/stream_base_commons:150:3)
    at Socket._writeGeneric (node:net:1025:11)
    at Socket._write (node:net:1037:8)
    at writeOrBuffer (node:internal/streams/writable:570:12)
    at _write (node:internal/streams/writable:499:10)
    at Writable.write (node:internal/streams/writable:508:10)
    at Console.log (/opt/homebrew/Cellar/firebase-cli/14.11.0/libexec/lib/node_modules/firebase-tools/node_modules/winston/lib/winston/transports/console.js:87:23)
    at Console._write (/opt/homebrew/Cellar/firebase-cli/14.11.0/libexec/lib/node_modules/firebase-tools/node_modules/winston-transport/modern.js:103:17)
    at doWrite (/opt/homebrew/Cellar/firebase-cli/14.11.0/libexec/lib/node_modules/firebase-tools/node_modules/winston-transport/node_modules/readable-stream/lib/_stream_writable.js:390:139)
[error] 
[error] Error: An unexpected error has occurred.
[debug] [2026-07-03T10:44:03.273Z] Error: write EPIPE
    at afterWriteDispatched (node:internal/stream_base_commons:159:15)
    at writeGeneric (node:internal/stream_base_commons:150:3)
    at Socket._writeGeneric (node:net:1025:11)
    at Socket._write (node:net:1037:8)
    at writeOrBuffer (node:internal/streams/writable:570:12)
    at _write (node:internal/streams/writable:499:10)
    at Writable.write (node:internal/streams/writable:508:10)
    at Console.log (/opt/homebrew/Cellar/firebase-cli/14.11.0/libexec/lib/node_modules/firebase-tools/node_modules/winston/lib/winston/transports/console.js:87:23)
    at Console._write (/opt/homebrew/Cellar/firebase-cli/14.11.0/libexec/lib/node_modules/firebase-tools/node_modules/winston-transport/modern.js:103:17)
    at doWrite (/opt/homebrew/Cellar/firebase-cli/14.11.0/libexec/lib/node_modules/firebase-tools/node_modules/winston-transport/node_modules/readable-stream/lib/_stream_writable.js:390:139)
[error] 
[error] Error: An unexpected error has occurred.
[debug] [2026-07-03T10:44:03.273Z] Error: write EPIPE
    at afterWriteDispatched (node:internal/stream_base_commons:159:15)
    at writeGeneric (node:internal/stream_base_commons:150:3)
    at Socket._writeGeneric (node:net:1025:11)
    at Socket._write (node:net:1037:8)
    at writeOrBuffer (node:internal/streams/writable:570:12)
    at _write (node:internal/streams/writable:499:10)
    at Writable.write (node:internal/streams/writable:508:10)
    at Console.log (/opt/homebrew/Cellar/firebase-cli/14.11.0/libexec/lib/node_modules/firebase-tools/node_modules/winston/lib/winston/transports/console.js:87:23)
    at Console._write (/opt/homebrew/Cellar/firebase-cli/14.11.0/libexec/lib/node_modules/firebase-tools/node_modules/winston-transport/modern.js:103:17)
    at doWrite (/opt/homebrew/Cellar/firebase-cli/14.11.0/libexec/lib/node_modules/firebase-tools/node_modules/winston-transport/node_modules/readable-stream/lib/_stream_writable.js:390:139)
[error] 
[error] Error: An unexpected error has occurred.
[debug] [2026-07-03T10:44:03.273Z] Error: write EPIPE
    at afterWriteDispatched (node:internal/stream_base_commons:159:15)
    at writeGeneric (node:internal/stream_base_commons:150:3)
    at Socket._writeGeneric (node:net:1025:11)
    at Socket._write (node:net:1037:8)
    at writeOrBuffer (node:internal/streams/writable:570:12)
    at _write (node:internal/streams/writable:499:10)
    at Writable.write (node:internal/streams/writable:508:10)
    at Console.log (/opt/homebrew/Cellar/firebase-cli/14.11.0/libexec/lib/node_modules/firebase-tools/node_modules/winston/lib/winston/transports/console.js:87:23)
    at Console._write (/opt/homebrew/Cellar/firebase-cli/14.11.0/libexec/lib/node_modules/firebase-tools/node_modules/winston-transport/modern.js:103:17)
    at doWrite (/opt/homebrew/Cellar/firebase-cli/14.11.0/libexec/lib/node_modules/firebase-tools/node_modules/winston-transport/node_modules/readable-stream/lib/_stream_writable.js:390:139)
[error] 
[error] Error: An unexpected error has occurred.
[debug] [2026-07-03T10:44:03.273Z] Error: write EPIPE
    at afterWriteDispatched (node:internal/stream_base_commons:159:15)
    at writeGeneric (node:internal/stream_base_commons:150:3)
    at Socket._writeGeneric (node:net:1025:11)
    at Socket._write (node:net:1037:8)
    at writeOrBuffer (node:internal/streams/writable:570:12)
    at _write (node:internal/streams/writable:499:10)
    at Writable.write (node:internal/streams/writable:508:10)
    at Console.log (/opt/homebrew/Cellar/firebase-cli/14.11.0/libexec/lib/node_modules/firebase-tools/node_modules/winston/lib/winston/transports/console.js:87:23)
    at Console._write (/opt/homebrew/Cellar/firebase-cli/14.11.0/libexec/lib/node_modules/firebase-tools/node_modules/winston-transport/modern.js:103:17)
    at doWrite (/opt/homebrew/Cellar/firebase-cli/14.11.0/libexec/lib/node_modules/firebase-tools/node_modules/winston-transport/node_modules/readable-stream/lib/_stream_writable.js:390:139)
[error] 
[error] Error: An unexpected error has occurred.
[debug] [2026-07-03T10:44:03.273Z] Error: write EPIPE
    at afterWriteDispatched (node:internal/stream_base_commons:159:15)
    at writeGeneric (node:internal/stream_base_commons:150:3)
    at Socket._writeGeneric (node:net:1025:11)
    at Socket._write (node:net:1037:8)
    at writeOrBuffer (node:internal/streams/writable:570:12)
    at _write (node:internal/streams/writable:499:10)
    at Writable.write (node:internal/streams/writable:508:10)
    at Console.log (/opt/homebrew/Cellar/firebase-cli/14.11.0/libexec/lib/node_modules/firebase-tools/node_modules/winston/lib/winston/transports/console.js:87:23)
    at Console._write (/opt/homebrew/Cellar/firebase-cli/14.11.0/libexec/lib/node_modules/firebase-tools/node_modules/winston-transport/modern.js:103:17)
    at doWrite (/opt/homebrew/Cellar/firebase-cli/14.11.0/libexec/lib/node_modules/firebase-tools/node_modules/winston-transport/node_modules/readable-stream/lib/_stream_writable.js:390:139)
[error] 
[error] Error: An unexpected error has occurred.
[debug] [2026-07-03T10:44:03.273Z] Error: write EPIPE
    at afterWriteDispatched (node:internal/stream_base_commons:159:15)
    at writeGeneric (node:internal/stream_base_commons:150:3)
    at Socket._writeGeneric (node:net:1025:11)
    at Socket._write (node:net:1037:8)
    at writeOrBuffer (node:internal/streams/writable:570:12)
    at _write (node:internal/streams/writable:499:10)
    at Writable.write (node:internal/streams/writable:508:10)
    at Console.log (/opt/homebrew/Cellar/firebase-cli/14.11.0/libexec/lib/node_modules/firebase-tools/node_modules/winston/lib/winston/transports/console.js:87:23)
    at Console._write (/opt/homebrew/Cellar/firebase-cli/14.11.0/libexec/lib/node_modules/firebase-tools/node_modules/winston-transport/modern.js:103:17)
    at doWrite (/opt/homebrew/Cellar/firebase-cli/14.11.0/libexec/lib/node_modules/firebase-tools/node_modules/winston-transport/node_modules/readable-stream/lib/_stream_writable.js:390:139)
[error] 
[error] Error: An unexpected error has occurred.
[debug] [2026-07-03T10:44:03.273Z] Error: write EPIPE
    at afterWriteDispatched (node:internal/stream_base_commons:159:15)
    at writeGeneric (node:internal/stream_base_commons:150:3)
    at Socket._writeGeneric (node:net:1025:11)
    at Socket._write (node:net:1037:8)
    at writeOrBuffer (node:internal/streams/writable:570:12)
    at _write (node:internal/streams/writable:499:10)
    at Writable.write (node:internal/streams/writable:508:10)
    at Console.log (/opt/homebrew/Cellar/firebase-cli/14.11.0/libexec/lib/node_modules/firebase-tools/node_modules/winston/lib/winston/transports/console.js:87:23)
    at Console._write (/opt/homebrew/Cellar/firebase-cli/14.11.0/libexec/lib/node_modules/firebase-tools/node_modules/winston-transport/modern.js:103:17)
    at doWrite (/opt/homebrew/Cellar/firebase-cli/14.11.0/libexec/lib/node_modules/firebase-tools/node_modules/winston-transport/node_modules/readable-stream/lib/_stream_writable.js:390:139)
[error] 
[error] Error: An unexpected error has occurred.
[debug] [2026-07-03T10:44:03.274Z] Error: write EPIPE
    at afterWriteDispatched (node:internal/stream_base_commons:159:15)
    at writeGeneric (node:internal/stream_base_commons:150:3)
    at Socket._writeGeneric (node:net:1025:11)
    at Socket._write (node:net:1037:8)
    at writeOrBuffer (node:internal/streams/writable:570:12)
    at _write (node:internal/streams/writable:499:10)
    at Writable.write (node:internal/streams/writable:508:10)
    at Console.log (/opt/homebrew/Cellar/firebase-cli/14.11.0/libexec/lib/node_modules/firebase-tools/node_modules/winston/lib/winston/transports/console.js:87:23)
    at Console._write (/opt/homebrew/Cellar/firebase-cli/14.11.0/libexec/lib/node_modules/firebase-tools/node_modules/winston-transport/modern.js:103:17)
    at doWrite (/opt/homebrew/Cellar/firebase-cli/14.11.0/libexec/lib/node_modules/firebase-tools/node_modules/winston-transport/node_modules/readable-stream/lib/_stream_writable.js:390:139)
[error] 
[error] Error: An unexpected error has occurred.
[debug] [2026-07-03T10:44:03.274Z] Error: write EPIPE
    at afterWriteDispatched (node:internal/stream_base_commons:159:15)
    at writeGeneric (node:internal/stream_base_commons:150:3)
    at Socket._writeGeneric (node:net:1025:11)
    at Socket._write (node:net:1037:8)
    at writeOrBuffer (node:internal/streams/writable:570:12)
    at _write (node:internal/streams/writable:499:10)
    at Writable.write (node:internal/streams/writable:508:10)
    at Console.log (/opt/homebrew/Cellar/firebase-cli/14.11.0/libexec/lib/node_modules/firebase-tools/node_modules/winston/lib/winston/transports/console.js:87:23)
    at Console._write (/opt/homebrew/Cellar/firebase-cli/14.11.0/libexec/lib/node_modules/firebase-tools/node_modules/winston-transport/modern.js:103:17)
    at doWrite (/opt/homebrew/Cellar/firebase-cli/14.11.0/libexec/lib/node_modules/firebase-tools/node_modules/winston-transport/node_modules/readable-stream/lib/_stream_writable.js:390:139)
[error] 
[error] Error: An unexpected error has occurred.
[debug] [2026-07-03T10:44:03.274Z] Error: write EPIPE
    at afterWriteDispatched (node:internal/stream_base_commons:159:15)
    at writeGeneric (node:internal/stream_base_commons:150:3)
    at Socket._writeGeneric (node:net:1025:11)
    at Socket._write (node:net:1037:8)
    at writeOrBuffer (node:internal/streams/writable:570:12)
    at _write (node:internal/streams/writable:499:10)
    at Writable.write (node:internal/streams/writable:508:10)
    at Console.log (/opt/homebrew/Cellar/firebase-cli/14.11.0/libexec/lib/node_modules/firebase-tools/node_modules/winston/lib/winston/transports/console.js:87:23)
    at Console._write (/opt/homebrew/Cellar/firebase-cli/14.11.0/libexec/lib/node_modules/firebase-tools/node_modules/winston-transport/modern.js:103:17)
    at doWrite (/opt/homebrew/Cellar/firebase-cli/14.11.0/libexec/lib/node_modules/firebase-tools/node_modules/winston-transport/node_modules/readable-stream/lib/_stream_writable.js:390:139)
[error] 
[error] Error: An unexpected error has occurred.
[debug] [2026-07-03T10:44:03.274Z] Error: write EPIPE
    at afterWriteDispatched (node:internal/stream_base_commons:159:15)
    at writeGeneric (node:internal/stream_base_commons:150:3)
    at Socket._writeGeneric (node:net:1025:11)
    at Socket._write (node:net:1037:8)
    at writeOrBuffer (node:internal/streams/writable:570:12)
    at _write (node:internal/streams/writable:499:10)
    at Writable.write (node:internal/streams/writable:508:10)
    at Console.log (/opt/homebrew/Cellar/firebase-cli/14.11.0/libexec/lib/node_modules/firebase-tools/node_modules/winston/lib/winston/transports/console.js:87:23)
    at Console._write (/opt/homebrew/Cellar/firebase-cli/14.11.0/libexec/lib/node_modules/firebase-tools/node_modules/winston-transport/modern.js:103:17)
    at doWrite (/opt/homebrew/Cellar/firebase-cli/14.11.0/libexec/lib/node_modules/firebase-tools/node_modules/winston-transport/node_modules/readable-stream/lib/_stream_writable.js:390:139)
[error] 
[error] Error: An unexpected error has occurred.
[debug] [2026-07-03T10:44:03.274Z] Error: write EPIPE
    at afterWriteDispatched (node:internal/stream_base_commons:159:15)
    at writeGeneric (node:internal/stream_base_commons:150:3)
    at Socket._writeGeneric (node:net:1025:11)
    at Socket._write (node:net:1037:8)
    at writeOrBuffer (node:internal/streams/writable:570:12)
    at _write (node:internal/streams/writable:499:10)
    at Writable.write (node:internal/streams/writable:508:10)
    at Console.log (/opt/homebrew/Cellar/firebase-cli/14.11.0/libexec/lib/node_modules/firebase-tools/node_modules/winston/lib/winston/transports/console.js:87:23)
    at Console._write (/opt/homebrew/Cellar/firebase-cli/14.11.0/libexec/lib/node_modules/firebase-tools/node_modules/winston-transport/modern.js:103:17)
    at doWrite (/opt/homebrew/Cellar/firebase-cli/14.11.0/libexec/lib/node_modules/firebase-tools/node_modules/winston-transport/node_modules/readable-stream/lib/_stream_writable.js:390:139)
[error] 
[error] Error: An unexpected error has occurred.
[debug] [2026-07-03T10:44:03.274Z] Error: write EPIPE
    at afterWriteDispatched (node:internal/stream_base_commons:159:15)
    at writeGeneric (node:internal/stream_base_commons:150:3)
    at Socket._writeGeneric (node:net:1025:11)
    at Socket._write (node:net:1037:8)
    at writeOrBuffer (node:internal/streams/writable:570:12)
    at _write (node:internal/streams/writable:499:10)
    at Writable.write (node:internal/streams/writable:508:10)
    at Console.log (/opt/homebrew/Cellar/firebase-cli/14.11.0/libexec/lib/node_modules/firebase-tools/node_modules/winston/lib/winston/transports/console.js:87:23)
    at Console._write (/opt/homebrew/Cellar/firebase-cli/14.11.0/libexec/lib/node_modules/firebase-tools/node_modules/winston-transport/modern.js:103:17)
    at doWrite (/opt/homebrew/Cellar/firebase-cli/14.11.0/libexec/lib/node_modules/firebase-tools/node_modules/winston-transport/node_modules/readable-stream/lib/_stream_writable.js:390:139)
[error] 
[error] Error: An unexpected error has occurred.
[debug] [2026-07-03T10:44:03.274Z] Error: write EPIPE
    at afterWriteDispatched (node:internal/stream_base_commons:159:15)
    at writeGeneric (node:internal/stream_base_commons:150:3)
    at Socket._writeGeneric (node:net:1025:11)
    at Socket._write (node:net:1037:8)
    at writeOrBuffer (node:internal/streams/writable:570:12)
    at _write (node:internal/streams/writable:499:10)
    at Writable.write (node:internal/streams/writable:508:10)
    at Console.log (/opt/homebrew/Cellar/firebase-cli/14.11.0/libexec/lib/node_modules/firebase-tools/node_modules/winston/lib/winston/transports/console.js:87:23)
    at Console._write (/opt/homebrew/Cellar/firebase-cli/14.11.0/libexec/lib/node_modules/firebase-tools/node_modules/winston-transport/modern.js:103:17)
    at doWrite (/opt/homebrew/Cellar/firebase-cli/14.11.0/libexec/lib/node_modules/firebase-tools/node_modules/winston-transport/node_modules/readable-stream/lib/_stream_writable.js:390:139)
[error] 
[error] Error: An unexpected error has occurred.
[debug] [2026-07-03T10:44:03.274Z] Error: write EPIPE
    at afterWriteDispatched (node:internal/stream_base_commons:159:15)
    at writeGeneric (node:internal/stream_base_commons:150:3)
    at Socket._writeGeneric (node:net:1025:11)
    at Socket._write (node:net:1037:8)
    at writeOrBuffer (node:internal/streams/writable:570:12)
    at _write (node:internal/streams/writable:499:10)
    at Writable.write (node:internal/streams/writable:508:10)
    at Console.log (/opt/homebrew/Cellar/firebase-cli/14.11.0/libexec/lib/node_modules/firebase-tools/node_modules/winston/lib/winston/transports/console.js:87:23)
    at Console._write (/opt/homebrew/Cellar/firebase-cli/14.11.0/libexec/lib/node_modules/firebase-tools/node_modules/winston-transport/modern.js:103:17)
    at doWrite (/opt/homebrew/Cellar/firebase-cli/14.11.0/libexec/lib/node_modules/firebase-tools/node_modules/winston-transport/node_modules/readable-stream/lib/_stream_writable.js:390:139)
[error] 
[error] Error: An unexpected error has occurred.
[debug] [2026-07-03T10:44:03.274Z] Error: write EPIPE
    at afterWriteDispatched (node:internal/stream_base_commons:159:15)
    at writeGeneric (node:internal/stream_base_commons:150:3)
    at Socket._writeGeneric (node:net:1025:11)
    at Socket._write (node:net:1037:8)
    at writeOrBuffer (node:internal/streams/writable:570:12)
    at _write (node:internal/streams/writable:499:10)
    at Writable.write (node:internal/streams/writable:508:10)
    at Console.log (/opt/homebrew/Cellar/firebase-cli/14.11.0/libexec/lib/node_modules/firebase-tools/node_modules/winston/lib/winston/transports/console.js:87:23)
    at Console._write (/opt/homebrew/Cellar/firebase-cli/14.11.0/libexec/lib/node_modules/firebase-tools/node_modules/winston-transport/modern.js:103:17)
    at doWrite (/opt/homebrew/Cellar/firebase-cli/14.11.0/libexec/lib/node_modules/firebase-tools/node_modules/winston-transport/node_modules/readable-stream/lib/_stream_writable.js:390:139)
[error] 
[error] Error: An unexpected error has occurred.
[debug] [2026-07-03T10:44:03.274Z] Error: write EPIPE
    at afterWriteDispatched (node:internal/stream_base_commons:159:15)
    at writeGeneric (node:internal/stream_base_commons:150:3)
    at Socket._writeGeneric (node:net:1025:11)
    at Socket._write (node:net:1037:8)
    at writeOrBuffer (node:internal/streams/writable:570:12)
    at _write (node:internal/streams/writable:499:10)
    at Writable.write (node:internal/streams/writable:508:10)
    at Console.log (/opt/homebrew/Cellar/firebase-cli/14.11.0/libexec/lib/node_modules/firebase-tools/node_modules/winston/lib/winston/transports/console.js:87:23)
    at Console._write (/opt/homebrew/Cellar/firebase-cli/14.11.0/libexec/lib/node_modules/firebase-tools/node_modules/winston-transport/modern.js:103:17)
    at doWrite (/opt/homebrew/Cellar/firebase-cli/14.11.0/libexec/lib/node_modules/firebase-tools/node_modules/winston-transport/node_modules/readable-stream/lib/_stream_writable.js:390:139)
[error] 
[error] Error: An unexpected error has occurred.
[debug] [2026-07-03T10:44:03.274Z] Error: write EPIPE
    at afterWriteDispatched (node:internal/stream_base_commons:159:15)
    at writeGeneric (node:internal/stream_base_commons:150:3)
    at Socket._writeGeneric (node:net:1025:11)
    at Socket._write (node:net:1037:8)
    at writeOrBuffer (node:internal/streams/writable:570:12)
    at _write (node:internal/streams/writable:499:10)
    at Writable.write (node:internal/streams/writable:508:10)
    at Console.log (/opt/homebrew/Cellar/firebase-cli/14.11.0/libexec/lib/node_modules/firebase-tools/node_modules/winston/lib/winston/transports/console.js:87:23)
    at Console._write (/opt/homebrew/Cellar/firebase-cli/14.11.0/libexec/lib/node_modules/firebase-tools/node_modules/winston-transport/modern.js:103:17)
    at doWrite (/opt/homebrew/Cellar/firebase-cli/14.11.0/libexec/lib/node_modules/firebase-tools/node_modules/winston-transport/node_modules/readable-stream/lib/_stream_writable.js:390:139)
[error] 
[error] Error: An unexpected error has occurred.
[debug] [2026-07-03T10:44:03.274Z] Error: write EPIPE
    at afterWriteDispatched (node:internal/stream_base_commons:159:15)
    at writeGeneric (node:internal/stream_base_commons:150:3)
    at Socket._writeGeneric (node:net:1025:11)
    at Socket._write (node:net:1037:8)
    at writeOrBuffer (node:internal/streams/writable:570:12)
    at _write (node:internal/streams/writable:499:10)
    at Writable.write (node:internal/streams/writable:508:10)
    at Console.log (/opt/homebrew/Cellar/firebase-cli/14.11.0/libexec/lib/node_modules/firebase-tools/node_modules/winston/lib/winston/transports/console.js:87:23)
    at Console._write (/opt/homebrew/Cellar/firebase-cli/14.11.0/libexec/lib/node_modules/firebase-tools/node_modules/winston-transport/modern.js:103:17)
    at doWrite (/opt/homebrew/Cellar/firebase-cli/14.11.0/libexec/lib/node_modules/firebase-tools/node_modules/winston-transport/node_modules/readable-stream/lib/_stream_writable.js:390:139)
[error] 
[error] Error: An unexpected error has occurred.
[debug] [2026-07-03T10:44:03.274Z] Error: write EPIPE
    at afterWriteDispatched (node:internal/stream_base_commons:159:15)
    at writeGeneric (node:internal/stream_base_commons:150:3)
    at Socket._writeGeneric (node:net:1025:11)
    at Socket._write (node:net:1037:8)
    at writeOrBuffer (node:internal/streams/writable:570:12)
    at _write (node:internal/streams/writable:499:10)
    at Writable.write (node:internal/streams/writable:508:10)
    at Console.log (/opt/homebrew/Cellar/firebase-cli/14.11.0/libexec/lib/node_modules/firebase-tools/node_modules/winston/lib/winston/transports/console.js:87:23)
    at Console._write (/opt/homebrew/Cellar/firebase-cli/14.11.0/libexec/lib/node_modules/firebase-tools/node_modules/winston-transport/modern.js:103:17)
    at doWrite (/opt/homebrew/Cellar/firebase-cli/14.11.0/libexec/lib/node_modules/firebase-tools/node_modules/winston-transport/node_modules/readable-stream/lib/_stream_writable.js:390:139)
[error] 
[error] Error: An unexpected error has occurred.
[debug] [2026-07-03T10:44:03.275Z] Error: write EPIPE
    at afterWriteDispatched (node:internal/stream_base_commons:159:15)
    at writeGeneric (node:internal/stream_base_commons:150:3)
    at Socket._writeGeneric (node:net:1025:11)
    at Socket._write (node:net:1037:8)
    at writeOrBuffer (node:internal/streams/writable:570:12)
    at _write (node:internal/streams/writable:499:10)
    at Writable.write (node:internal/streams/writable:508:10)
    at Console.log (/opt/homebrew/Cellar/firebase-cli/14.11.0/libexec/lib/node_modules/firebase-tools/node_modules/winston/lib/winston/transports/console.js:87:23)
    at Console._write (/opt/homebrew/Cellar/firebase-cli/14.11.0/libexec/lib/node_modules/firebase-tools/node_modules/winston-transport/modern.js:103:17)
    at doWrite (/opt/homebrew/Cellar/firebase-cli/14.11.0/libexec/lib/node_modules/firebase-tools/node_modules/winston-transport/node_modules/readable-stream/lib/_stream_writable.js:390:139)
[error] 
[error] Error: An unexpected error has occurred.
[debug] [2026-07-03T10:44:03.275Z] Error: write EPIPE
    at afterWriteDispatched (node:internal/stream_base_commons:159:15)
    at writeGeneric (node:internal/stream_base_commons:150:3)
    at Socket._writeGeneric (node:net:1025:11)
    at Socket._write (node:net:1037:8)
    at writeOrBuffer (node:internal/streams/writable:570:12)
    at _write (node:internal/streams/writable:499:10)
    at Writable.write (node:internal/streams/writable:508:10)
    at Console.log (/opt/homebrew/Cellar/firebase-cli/14.11.0/libexec/lib/node_modules/firebase-tools/node_modules/winston/lib/winston/transports/console.js:87:23)
    at Console._write (/opt/homebrew/Cellar/firebase-cli/14.11.0/libexec/lib/node_modules/firebase-tools/node_modules/winston-transport/modern.js:103:17)
    at doWrite (/opt/homebrew/Cellar/firebase-cli/14.11.0/libexec/lib/node_modules/firebase-tools/node_modules/winston-transport/node_modules/readable-stream/lib/_stream_writable.js:390:139)
[error] 
[error] Error: An unexpected error has occurred.
[debug] [2026-07-03T10:44:03.276Z] Error: write EPIPE
    at afterWriteDispatched (node:internal/stream_base_commons:159:15)
    at writeGeneric (node:internal/stream_base_commons:150:3)
    at Socket._writeGeneric (node:net:1025:11)
    at Socket._write (node:net:1037:8)
    at writeOrBuffer (node:internal/streams/writable:570:12)
    at _write (node:internal/streams/writable:499:10)
    at Writable.write (node:internal/streams/writable:508:10)
    at Console.log (/opt/homebrew/Cellar/firebase-cli/14.11.0/libexec/lib/node_modules/firebase-tools/node_modules/winston/lib/winston/transports/console.js:87:23)
    at Console._write (/opt/homebrew/Cellar/firebase-cli/14.11.0/libexec/lib/node_modules/firebase-tools/node_modules/winston-transport/modern.js:103:17)
    at doWrite (/opt/homebrew/Cellar/firebase-cli/14.11.0/libexec/lib/node_modules/firebase-tools/node_modules/winston-transport/node_modules/readable-stream/lib/_stream_writable.js:390:139)
[error] 
[error] Error: An unexpected error has occurred.
[debug] [2026-07-03T10:44:03.276Z] Error: write EPIPE
    at afterWriteDispatched (node:internal/stream_base_commons:159:15)
    at writeGeneric (node:internal/stream_base_commons:150:3)
    at Socket._writeGeneric (node:net:1025:11)
    at Socket._write (node:net:1037:8)
    at writeOrBuffer (node:internal/streams/writable:570:12)
    at _write (node:internal/streams/writable:499:10)
    at Writable.write (node:internal/streams/writable:508:10)
    at Console.log (/opt/homebrew/Cellar/firebase-cli/14.11.0/libexec/lib/node_modules/firebase-tools/node_modules/winston/lib/winston/transports/console.js:87:23)
    at Console._write (/opt/homebrew/Cellar/firebase-cli/14.11.0/libexec/lib/node_modules/firebase-tools/node_modules/winston-transport/modern.js:103:17)
    at doWrite (/opt/homebrew/Cellar/firebase-cli/14.11.0/libexec/lib/node_modules/firebase-tools/node_modules/winston-transport/node_modules/readable-stream/lib/_stream_writable.js:390:139)
[error] 
[error] Error: An unexpected error has occurred.
[debug] [2026-07-03T10:44:03.276Z] Error: write EPIPE
    at afterWriteDispatched (node:internal/stream_base_commons:159:15)
    at writeGeneric (node:internal/stream_base_commons:150:3)
    at Socket._writeGeneric (node:net:1025:11)
    at Socket._write (node:net:1037:8)
    at writeOrBuffer (node:internal/streams/writable:570:12)
    at _write (node:internal/streams/writable:499:10)
    at Writable.write (node:internal/streams/writable:508:10)
    at Console.log (/opt/homebrew/Cellar/firebase-cli/14.11.0/libexec/lib/node_modules/firebase-tools/node_modules/winston/lib/winston/transports/console.js:87:23)
    at Console._write (/opt/homebrew/Cellar/firebase-cli/14.11.0/libexec/lib/node_modules/firebase-tools/node_modules/winston-transport/modern.js:103:17)
    at doWrite (/opt/homebrew/Cellar/firebase-cli/14.11.0/libexec/lib/node_modules/firebase-tools/node_modules/winston-transport/node_modules/readable-stream/lib/_stream_writable.js:390:139)
[error] 
[error] Error: An unexpected error has occurred.
[debug] [2026-07-03T10:44:03.276Z] Error: write EPIPE
    at afterWriteDispatched (node:internal/stream_base_commons:159:15)
    at writeGeneric (node:internal/stream_base_commons:150:3)
    at Socket._writeGeneric (node:net:1025:11)
    at Socket._write (node:net:1037:8)
    at writeOrBuffer (node:internal/streams/writable:570:12)
    at _write (node:internal/streams/writable:499:10)
    at Writable.write (node:internal/streams/writable:508:10)
    at Console.log (/opt/homebrew/Cellar/firebase-cli/14.11.0/libexec/lib/node_modules/firebase-tools/node_modules/winston/lib/winston/transports/console.js:87:23)
    at Console._write (/opt/homebrew/Cellar/firebase-cli/14.11.0/libexec/lib/node_modules/firebase-tools/node_modules/winston-transport/modern.js:103:17)
    at doWrite (/opt/homebrew/Cellar/firebase-cli/14.11.0/libexec/lib/node_modules/firebase-tools/node_modules/winston-transport/node_modules/readable-stream/lib/_stream_writable.js:390:139)
[error] 
[error] Error: An unexpected error has occurred.
[debug] [2026-07-03T10:44:03.276Z] Error: write EPIPE
    at afterWriteDispatched (node:internal/stream_base_commons:159:15)
    at writeGeneric (node:internal/stream_base_commons:150:3)
    at Socket._writeGeneric (node:net:1025:11)
    at Socket._write (node:net:1037:8)
    at writeOrBuffer (node:internal/streams/writable:570:12)
    at _write (node:internal/streams/writable:499:10)
    at Writable.write (node:internal/streams/writable:508:10)
    at Console.log (/opt/homebrew/Cellar/firebase-cli/14.11.0/libexec/lib/node_modules/firebase-tools/node_modules/winston/lib/winston/transports/console.js:87:23)
    at Console._write (/opt/homebrew/Cellar/firebase-cli/14.11.0/libexec/lib/node_modules/firebase-tools/node_modules/winston-transport/modern.js:103:17)
    at doWrite (/opt/homebrew/Cellar/firebase-cli/14.11.0/libexec/lib/node_modules/firebase-tools/node_modules/winston-transport/node_modules/readable-stream/lib/_stream_writable.js:390:139)
[error] 
[error] Error: An unexpected error has occurred.
[debug] [2026-07-03T10:44:03.276Z] Error: write EPIPE
    at afterWriteDispatched (node:internal/stream_base_commons:159:15)
    at writeGeneric (node:internal/stream_base_commons:150:3)
    at Socket._writeGeneric (node:net:1025:11)
    at Socket._write (node:net:1037:8)
    at writeOrBuffer (node:internal/streams/writable:570:12)
    at _write (node:internal/streams/writable:499:10)
    at Writable.write (node:internal/streams/writable:508:10)
    at Console.log (/opt/homebrew/Cellar/firebase-cli/14.11.0/libexec/lib/node_modules/firebase-tools/node_modules/winston/lib/winston/transports/console.js:87:23)
    at Console._write (/opt/homebrew/Cellar/firebase-cli/14.11.0/libexec/lib/node_modules/firebase-tools/node_modules/winston-transport/modern.js:103:17)
    at doWrite (/opt/homebrew/Cellar/firebase-cli/14.11.0/libexec/lib/node_modules/firebase-tools/node_modules/winston-transport/node_modules/readable-stream/lib/_stream_writable.js:390:139)
[error] 
[error] Error: An unexpected error has occurred.
[debug] [2026-07-03T10:44:03.276Z] Error: write EPIPE
    at afterWriteDispatched (node:internal/stream_base_commons:159:15)
    at writeGeneric (node:internal/stream_base_commons:150:3)
    at Socket._writeGeneric (node:net:1025:11)
    at Socket._write (node:net:1037:8)
    at writeOrBuffer (node:internal/streams/writable:570:12)
    at _write (node:internal/streams/writable:499:10)
    at Writable.write (node:internal/streams/writable:508:10)
    at Console.log (/opt/homebrew/Cellar/firebase-cli/14.11.0/libexec/lib/node_modules/firebase-tools/node_modules/winston/lib/winston/transports/console.js:87:23)
    at Console._write (/opt/homebrew/Cellar/firebase-cli/14.11.0/libexec/lib/node_modules/firebase-tools/node_modules/winston-transport/modern.js:103:17)
    at doWrite (/opt/homebrew/Cellar/firebase-cli/14.11.0/libexec/lib/node_modules/firebase-tools/node_modules/winston-transport/node_modules/readable-stream/lib/_stream_writable.js:390:139)
[error] 
[error] Error: An unexpected error has occurred.
[debug] [2026-07-03T10:44:03.276Z] Error: write EPIPE
    at afterWriteDispatched (node:internal/stream_base_commons:159:15)
    at writeGeneric (node:internal/stream_base_commons:150:3)
    at Socket._writeGeneric (node:net:1025:11)
    at Socket._write (node:net:1037:8)
    at writeOrBuffer (node:internal/streams/writable:570:12)
    at _write (node:internal/streams/writable:499:10)
    at Writable.write (node:internal/streams/writable:508:10)
    at Console.log (/opt/homebrew/Cellar/firebase-cli/14.11.0/libexec/lib/node_modules/firebase-tools/node_modules/winston/lib/winston/transports/console.js:87:23)
    at Console._write (/opt/homebrew/Cellar/firebase-cli/14.11.0/libexec/lib/node_modules/firebase-tools/node_modules/winston-transport/modern.js:103:17)
    at doWrite (/opt/homebrew/Cellar/firebase-cli/14.11.0/libexec/lib/node_modules/firebase-tools/node_modules/winston-transport/node_modules/readable-stream/lib/_stream_writable.js:390:139)
[error] 
[error] Error: An unexpected error has occurred.
[debug] [2026-07-03T10:44:03.276Z] Error: write EPIPE
    at afterWriteDispatched (node:internal/stream_base_commons:159:15)
    at writeGeneric (node:internal/stream_base_commons:150:3)
    at Socket._writeGeneric (node:net:1025:11)
    at Socket._write (node:net:1037:8)
    at writeOrBuffer (node:internal/streams/writable:570:12)
    at _write (node:internal/streams/writable:499:10)
    at Writable.write (node:internal/streams/writable:508:10)
    at Console.log (/opt/homebrew/Cellar/firebase-cli/14.11.0/libexec/lib/node_modules/firebase-tools/node_modules/winston/lib/winston/transports/console.js:87:23)
    at Console._write (/opt/homebrew/Cellar/firebase-cli/14.11.0/libexec/lib/node_modules/firebase-tools/node_modules/winston-transport/modern.js:103:17)
    at doWrite (/opt/homebrew/Cellar/firebase-cli/14.11.0/libexec/lib/node_modules/firebase-tools/node_modules/winston-transport/node_modules/readable-stream/lib/_stream_writable.js:390:139)
[error] 
[error] Error: An unexpected error has occurred.
[debug] [2026-07-03T10:44:03.276Z] Error: write EPIPE
    at afterWriteDispatched (node:internal/stream_base_commons:159:15)
    at writeGeneric (node:internal/stream_base_commons:150:3)
    at Socket._writeGeneric (node:net:1025:11)
    at Socket._write (node:net:1037:8)
    at writeOrBuffer (node:internal/streams/writable:570:12)
    at _write (node:internal/streams/writable:499:10)
    at Writable.write (node:internal/streams/writable:508:10)
    at Console.log (/opt/homebrew/Cellar/firebase-cli/14.11.0/libexec/lib/node_modules/firebase-tools/node_modules/winston/lib/winston/transports/console.js:87:23)
    at Console._write (/opt/homebrew/Cellar/firebase-cli/14.11.0/libexec/lib/node_modules/firebase-tools/node_modules/winston-transport/modern.js:103:17)
    at doWrite (/opt/homebrew/Cellar/firebase-cli/14.11.0/libexec/lib/node_modules/firebase-tools/node_modules/winston-transport/node_modules/readable-stream/lib/_stream_writable.js:390:139)
[error] 
[error] Error: An unexpected error has occurred.
[debug] [2026-07-03T10:44:03.277Z] Error: write EPIPE
    at afterWriteDispatched (node:internal/stream_base_commons:159:15)
    at writeGeneric (node:internal/stream_base_commons:150:3)
    at Socket._writeGeneric (node:net:1025:11)
    at Socket._write (node:net:1037:8)
    at writeOrBuffer (node:internal/streams/writable:570:12)
    at _write (node:internal/streams/writable:499:10)
    at Writable.write (node:internal/streams/writable:508:10)
    at Console.log (/opt/homebrew/Cellar/firebase-cli/14.11.0/libexec/lib/node_modules/firebase-tools/node_modules/winston/lib/winston/transports/console.js:87:23)
    at Console._write (/opt/homebrew/Cellar/firebase-cli/14.11.0/libexec/lib/node_modules/firebase-tools/node_modules/winston-transport/modern.js:103:17)
    at doWrite (/opt/homebrew/Cellar/firebase-cli/14.11.0/libexec/lib/node_modules/firebase-tools/node_modules/winston-transport/node_modules/readable-stream/lib/_stream_writable.js:390:139)
[error] 
[error] Error: An unexpected error has occurred.
[debug] [2026-07-03T10:44:03.277Z] Error: write EPIPE
    at afterWriteDispatched (node:internal/stream_base_commons:159:15)
    at writeGeneric (node:internal/stream_base_commons:150:3)
    at Socket._writeGeneric (node:net:1025:11)
    at Socket._write (node:net:1037:8)
    at writeOrBuffer (node:internal/streams/writable:570:12)
    at _write (node:internal/streams/writable:499:10)
    at Writable.write (node:internal/streams/writable:508:10)
    at Console.log (/opt/homebrew/Cellar/firebase-cli/14.11.0/libexec/lib/node_modules/firebase-tools/node_modules/winston/lib/winston/transports/console.js:87:23)
    at Console._write (/opt/homebrew/Cellar/firebase-cli/14.11.0/libexec/lib/node_modules/firebase-tools/node_modules/winston-transport/modern.js:103:17)
    at doWrite (/opt/homebrew/Cellar/firebase-cli/14.11.0/libexec/lib/node_modules/firebase-tools/node_modules/winston-transport/node_modules/readable-stream/lib/_stream_writable.js:390:139)
[error] 
[error] Error: An unexpected error has occurred.
[debug] [2026-07-03T10:44:03.277Z] Error: write EPIPE
    at afterWriteDispatched (node:internal/stream_base_commons:159:15)
    at writeGeneric (node:internal/stream_base_commons:150:3)
    at Socket._writeGeneric (node:net:1025:11)
    at Socket._write (node:net:1037:8)
    at writeOrBuffer (node:internal/streams/writable:570:12)
    at _write (node:internal/streams/writable:499:10)
    at Writable.write (node:internal/streams/writable:508:10)
    at Console.log (/opt/homebrew/Cellar/firebase-cli/14.11.0/libexec/lib/node_modules/firebase-tools/node_modules/winston/lib/winston/transports/console.js:87:23)
    at Console._write (/opt/homebrew/Cellar/firebase-cli/14.11.0/libexec/lib/node_modules/firebase-tools/node_modules/winston-transport/modern.js:103:17)
    at doWrite (/opt/homebrew/Cellar/firebase-cli/14.11.0/libexec/lib/node_modules/firebase-tools/node_modules/winston-transport/node_modules/readable-stream/lib/_stream_writable.js:390:139)
[error] 
[error] Error: An unexpected error has occurred.
[debug] [2026-07-03T10:44:03.277Z] Error: write EPIPE
    at afterWriteDispatched (node:internal/stream_base_commons:159:15)
    at writeGeneric (node:internal/stream_base_commons:150:3)
    at Socket._writeGeneric (node:net:1025:11)
    at Socket._write (node:net:1037:8)
    at writeOrBuffer (node:internal/streams/writable:570:12)
    at _write (node:internal/streams/writable:499:10)
    at Writable.write (node:internal/streams/writable:508:10)
    at Console.log (/opt/homebrew/Cellar/firebase-cli/14.11.0/libexec/lib/node_modules/firebase-tools/node_modules/winston/lib/winston/transports/console.js:87:23)
    at Console._write (/opt/homebrew/Cellar/firebase-cli/14.11.0/libexec/lib/node_modules/firebase-tools/node_modules/winston-transport/modern.js:103:17)
    at doWrite (/opt/homebrew/Cellar/firebase-cli/14.11.0/libexec/lib/node_modules/firebase-tools/node_modules/winston-transport/node_modules/readable-stream/lib/_stream_writable.js:390:139)
[error] 
[error] Error: An unexpected error has occurred.
[debug] [2026-07-03T10:44:03.277Z] Error: write EPIPE
    at afterWriteDispatched (node:internal/stream_base_commons:159:15)
    at writeGeneric (node:internal/stream_base_commons:150:3)
    at Socket._writeGeneric (node:net:1025:11)
    at Socket._write (node:net:1037:8)
    at writeOrBuffer (node:internal/streams/writable:570:12)
    at _write (node:internal/streams/writable:499:10)
    at Writable.write (node:internal/streams/writable:508:10)
    at Console.log (/opt/homebrew/Cellar/firebase-cli/14.11.0/libexec/lib/node_modules/firebase-tools/node_modules/winston/lib/winston/transports/console.js:87:23)
    at Console._write (/opt/homebrew/Cellar/firebase-cli/14.11.0/libexec/lib/node_modules/firebase-tools/node_modules/winston-transport/modern.js:103:17)
    at doWrite (/opt/homebrew/Cellar/firebase-cli/14.11.0/libexec/lib/node_modules/firebase-tools/node_modules/winston-transport/node_modules/readable-stream/lib/_stream_writable.js:390:139)
[error] 
[error] Error: An unexpected error has occurred.
[debug] [2026-07-03T10:44:03.277Z] Error: write EPIPE
    at afterWriteDispatched (node:internal/stream_base_commons:159:15)
    at writeGeneric (node:internal/stream_base_commons:150:3)
    at Socket._writeGeneric (node:net:1025:11)
    at Socket._write (node:net:1037:8)
    at writeOrBuffer (node:internal/streams/writable:570:12)
    at _write (node:internal/streams/writable:499:10)
    at Writable.write (node:internal/streams/writable:508:10)
    at Console.log (/opt/homebrew/Cellar/firebase-cli/14.11.0/libexec/lib/node_modules/firebase-tools/node_modules/winston/lib/winston/transports/console.js:87:23)
    at Console._write (/opt/homebrew/Cellar/firebase-cli/14.11.0/libexec/lib/node_modules/firebase-tools/node_modules/winston-transport/modern.js:103:17)
    at doWrite (/opt/homebrew/Cellar/firebase-cli/14.11.0/libexec/lib/node_modules/firebase-tools/node_modules/winston-transport/node_modules/readable-stream/lib/_stream_writable.js:390:139)
[error] 
[error] Error: An unexpected error has occurred.
[debug] [2026-07-03T10:44:03.277Z] Error: write EPIPE
    at afterWriteDispatched (node:internal/stream_base_commons:159:15)
    at writeGeneric (node:internal/stream_base_commons:150:3)
    at Socket._writeGeneric (node:net:1025:11)
    at Socket._write (node:net:1037:8)
    at writeOrBuffer (node:internal/streams/writable:570:12)
    at _write (node:internal/streams/writable:499:10)
    at Writable.write (node:internal/streams/writable:508:10)
    at Console.log (/opt/homebrew/Cellar/firebase-cli/14.11.0/libexec/lib/node_modules/firebase-tools/node_modules/winston/lib/winston/transports/console.js:87:23)
    at Console._write (/opt/homebrew/Cellar/firebase-cli/14.11.0/libexec/lib/node_modules/firebase-tools/node_modules/winston-transport/modern.js:103:17)
    at doWrite (/opt/homebrew/Cellar/firebase-cli/14.11.0/libexec/lib/node_modules/firebase-tools/node_modules/winston-transport/node_modules/readable-stream/lib/_stream_writable.js:390:139)
[error] 
[error] Error: An unexpected error has occurred.
[debug] [2026-07-03T10:44:03.277Z] Error: write EPIPE
    at afterWriteDispatched (node:internal/stream_base_commons:159:15)
    at writeGeneric (node:internal/stream_base_commons:150:3)
    at Socket._writeGeneric (node:net:1025:11)
    at Socket._write (node:net:1037:8)
    at writeOrBuffer (node:internal/streams/writable:570:12)
    at _write (node:internal/streams/writable:499:10)
    at Writable.write (node:internal/streams/writable:508:10)
    at Console.log (/opt/homebrew/Cellar/firebase-cli/14.11.0/libexec/lib/node_modules/firebase-tools/node_modules/winston/lib/winston/transports/console.js:87:23)
    at Console._write (/opt/homebrew/Cellar/firebase-cli/14.11.0/libexec/lib/node_modules/firebase-tools/node_modules/winston-transport/modern.js:103:17)
    at doWrite (/opt/homebrew/Cellar/firebase-cli/14.11.0/libexec/lib/node_modules/firebase-tools/node_modules/winston-transport/node_modules/readable-stream/lib/_stream_writable.js:390:139)
[error] 
[error] Error: An unexpected error has occurred.
[debug] [2026-07-03T10:44:03.277Z] Error: write EPIPE
    at afterWriteDispatched (node:internal/stream_base_commons:159:15)
    at writeGeneric (node:internal/stream_base_commons:150:3)
    at Socket._writeGeneric (node:net:1025:11)
    at Socket._write (node:net:1037:8)
    at writeOrBuffer (node:internal/streams/writable:570:12)
    at _write (node:internal/streams/writable:499:10)
    at Writable.write (node:internal/streams/writable:508:10)
    at Console.log (/opt/homebrew/Cellar/firebase-cli/14.11.0/libexec/lib/node_modules/firebase-tools/node_modules/winston/lib/winston/transports/console.js:87:23)
    at Console._write (/opt/homebrew/Cellar/firebase-cli/14.11.0/libexec/lib/node_modules/firebase-tools/node_modules/winston-transport/modern.js:103:17)
    at doWrite (/opt/homebrew/Cellar/firebase-cli/14.11.0/libexec/lib/node_modules/firebase-tools/node_modules/winston-transport/node_modules/readable-stream/lib/_stream_writable.js:390:139)
[error] 
[error] Error: An unexpected error has occurred.
[debug] [2026-07-03T10:44:03.277Z] Error: write EPIPE
    at afterWriteDispatched (node:internal/stream_base_commons:159:15)
    at writeGeneric (node:internal/stream_base_commons:150:3)
    at Socket._writeGeneric (node:net:1025:11)
    at Socket._write (node:net:1037:8)
    at writeOrBuffer (node:internal/streams/writable:570:12)
    at _write (node:internal/streams/writable:499:10)
    at Writable.write (node:internal/streams/writable:508:10)
    at Console.log (/opt/homebrew/Cellar/firebase-cli/14.11.0/libexec/lib/node_modules/firebase-tools/node_modules/winston/lib/winston/transports/console.js:87:23)
    at Console._write (/opt/homebrew/Cellar/firebase-cli/14.11.0/libexec/lib/node_modules/firebase-tools/node_modules/winston-transport/modern.js:103:17)
    at doWrite (/opt/homebrew/Cellar/firebase-cli/14.11.0/libexec/lib/node_modules/firebase-tools/node_modules/winston-transport/node_modules/readable-stream/lib/_stream_writable.js:390:139)
[error] 
[error] Error: An unexpected error has occurred.
[debug] [2026-07-03T10:44:03.279Z] Error: write EPIPE
    at afterWriteDispatched (node:internal/stream_base_commons:159:15)
    at writeGeneric (node:internal/stream_base_commons:150:3)
    at Socket._writeGeneric (node:net:1025:11)
    at Socket._write (node:net:1037:8)
    at writeOrBuffer (node:internal/streams/writable:570:12)
    at _write (node:internal/streams/writable:499:10)
    at Writable.write (node:internal/streams/writable:508:10)
    at Console.log (/opt/homebrew/Cellar/firebase-cli/14.11.0/libexec/lib/node_modules/firebase-tools/node_modules/winston/lib/winston/transports/console.js:87:23)
    at Console._write (/opt/homebrew/Cellar/firebase-cli/14.11.0/libexec/lib/node_modules/firebase-tools/node_modules/winston-transport/modern.js:103:17)
    at doWrite (/opt/homebrew/Cellar/firebase-cli/14.11.0/libexec/lib/node_modules/firebase-tools/node_modules/winston-transport/node_modules/readable-stream/lib/_stream_writable.js:390:139)
[error] 
[error] Error: An unexpected error has occurred.
[debug] [2026-07-03T10:44:03.279Z] Error: write EPIPE
    at afterWriteDispatched (node:internal/stream_base_commons:159:15)
    at writeGeneric (node:internal/stream_base_commons:150:3)
    at Socket._writeGeneric (node:net:1025:11)
    at Socket._write (node:net:1037:8)
    at writeOrBuffer (node:internal/streams/writable:570:12)
    at _write (node:internal/streams/writable:499:10)
    at Writable.write (node:internal/streams/writable:508:10)
    at Console.log (/opt/homebrew/Cellar/firebase-cli/14.11.0/libexec/lib/node_modules/firebase-tools/node_modules/winston/lib/winston/transports/console.js:87:23)
    at Console._write (/opt/homebrew/Cellar/firebase-cli/14.11.0/libexec/lib/node_modules/firebase-tools/node_modules/winston-transport/modern.js:103:17)
    at doWrite (/opt/homebrew/Cellar/firebase-cli/14.11.0/libexec/lib/node_modules/firebase-tools/node_modules/winston-transport/node_modules/readable-stream/lib/_stream_writable.js:390:139)
[error] 
[error] Error: An unexpected error has occurred.
[debug] [2026-07-03T10:44:03.279Z] Error: write EPIPE
    at afterWriteDispatched (node:internal/stream_base_commons:159:15)
    at writeGeneric (node:internal/stream_base_commons:150:3)
    at Socket._writeGeneric (node:net:1025:11)
    at Socket._write (node:net:1037:8)
    at writeOrBuffer (node:internal/streams/writable:570:12)
    at _write (node:internal/streams/writable:499:10)
    at Writable.write (node:internal/streams/writable:508:10)
    at Console.log (/opt/homebrew/Cellar/firebase-cli/14.11.0/libexec/lib/node_modules/firebase-tools/node_modules/winston/lib/winston/transports/console.js:87:23)
    at Console._write (/opt/homebrew/Cellar/firebase-cli/14.11.0/libexec/lib/node_modules/firebase-tools/node_modules/winston-transport/modern.js:103:17)
    at doWrite (/opt/homebrew/Cellar/firebase-cli/14.11.0/libexec/lib/node_modules/firebase-tools/node_modules/winston-transport/node_modules/readable-stream/lib/_stream_writable.js:390:139)
[error] 
[error] Error: An unexpected error has occurred.
[debug] [2026-07-03T10:44:03.279Z] Error: write EPIPE
    at afterWriteDispatched (node:internal/stream_base_commons:159:15)
    at writeGeneric (node:internal/stream_base_commons:150:3)
    at Socket._writeGeneric (node:net:1025:11)
    at Socket._write (node:net:1037:8)
    at writeOrBuffer (node:internal/streams/writable:570:12)
    at _write (node:internal/streams/writable:499:10)
    at Writable.write (node:internal/streams/writable:508:10)
    at Console.log (/opt/homebrew/Cellar/firebase-cli/14.11.0/libexec/lib/node_modules/firebase-tools/node_modules/winston/lib/winston/transports/console.js:87:23)
    at Console._write (/opt/homebrew/Cellar/firebase-cli/14.11.0/libexec/lib/node_modules/firebase-tools/node_modules/winston-transport/modern.js:103:17)
    at doWrite (/opt/homebrew/Cellar/firebase-cli/14.11.0/libexec/lib/node_modules/firebase-tools/node_modules/winston-transport/node_modules/readable-stream/lib/_stream_writable.js:390:139)
[error] 
[error] Error: An unexpected error has occurred.
[debug] [2026-07-03T10:44:03.279Z] Error: write EPIPE
    at afterWriteDispatched (node:internal/stream_base_commons:159:15)
    at writeGeneric (node:internal/stream_base_commons:150:3)
    at Socket._writeGeneric (node:net:1025:11)
    at Socket._write (node:net:1037:8)
    at writeOrBuffer (node:internal/streams/writable:570:12)
    at _write (node:internal/streams/writable:499:10)
    at Writable.write (node:internal/streams/writable:508:10)
    at Console.log (/opt/homebrew/Cellar/firebase-cli/14.11.0/libexec/lib/node_modules/firebase-tools/node_modules/winston/lib/winston/transports/console.js:87:23)
    at Console._write (/opt/homebrew/Cellar/firebase-cli/14.11.0/libexec/lib/node_modules/firebase-tools/node_modules/winston-transport/modern.js:103:17)
    at doWrite (/opt/homebrew/Cellar/firebase-cli/14.11.0/libexec/lib/node_modules/firebase-tools/node_modules/winston-transport/node_modules/readable-stream/lib/_stream_writable.js:390:139)
[error] 
[error] Error: An unexpected error has occurred.
[debug] [2026-07-03T10:44:03.279Z] Error: write EPIPE
    at afterWriteDispatched (node:internal/stream_base_commons:159:15)
    at writeGeneric (node:internal/stream_base_commons:150:3)
    at Socket._writeGeneric (node:net:1025:11)
    at Socket._write (node:net:1037:8)
    at writeOrBuffer (node:internal/streams/writable:570:12)
    at _write (node:internal/streams/writable:499:10)
    at Writable.write (node:internal/streams/writable:508:10)
    at Console.log (/opt/homebrew/Cellar/firebase-cli/14.11.0/libexec/lib/node_modules/firebase-tools/node_modules/winston/lib/winston/transports/console.js:87:23)
    at Console._write (/opt/homebrew/Cellar/firebase-cli/14.11.0/libexec/lib/node_modules/firebase-tools/node_modules/winston-transport/modern.js:103:17)
    at doWrite (/opt/homebrew/Cellar/firebase-cli/14.11.0/libexec/lib/node_modules/firebase-tools/node_modules/winston-transport/node_modules/readable-stream/lib/_stream_writable.js:390:139)
[error] 
[error] Error: An unexpected error has occurred.
[debug] [2026-07-03T10:44:03.279Z] Error: write EPIPE
    at afterWriteDispatched (node:internal/stream_base_commons:159:15)
    at writeGeneric (node:internal/stream_base_commons:150:3)
    at Socket._writeGeneric (node:net:1025:11)
    at Socket._write (node:net:1037:8)
    at writeOrBuffer (node:internal/streams/writable:570:12)
    at _write (node:internal/streams/writable:499:10)
    at Writable.write (node:internal/streams/writable:508:10)
    at Console.log (/opt/homebrew/Cellar/firebase-cli/14.11.0/libexec/lib/node_modules/firebase-tools/node_modules/winston/lib/winston/transports/console.js:87:23)
    at Console._write (/opt/homebrew/Cellar/firebase-cli/14.11.0/libexec/lib/node_modules/firebase-tools/node_modules/winston-transport/modern.js:103:17)
    at doWrite (/opt/homebrew/Cellar/firebase-cli/14.11.0/libexec/lib/node_modules/firebase-tools/node_modules/winston-transport/node_modules/readable-stream/lib/_stream_writable.js:390:139)
[error] 
[error] Error: An unexpected error has occurred.
[debug] [2026-07-03T10:44:03.279Z] Error: write EPIPE
    at afterWriteDispatched (node:internal/stream_base_commons:159:15)
    at writeGeneric (node:internal/stream_base_commons:150:3)
    at Socket._writeGeneric (node:net:1025:11)
    at Socket._write (node:net:1037:8)
    at writeOrBuffer (node:internal/streams/writable:570:12)
    at _write (node:internal/streams/writable:499:10)
    at Writable.write (node:internal/streams/writable:508:10)
    at Console.log (/opt/homebrew/Cellar/firebase-cli/14.11.0/libexec/lib/node_modules/firebase-tools/node_modules/winston/lib/winston/transports/console.js:87:23)
    at Console._write (/opt/homebrew/Cellar/firebase-cli/14.11.0/libexec/lib/node_modules/firebase-tools/node_modules/winston-transport/modern.js:103:17)
    at doWrite (/opt/homebrew/Cellar/firebase-cli/14.11.0/libexec/lib/node_modules/firebase-tools/node_modules/winston-transport/node_modules/readable-stream/lib/_stream_writable.js:390:139)
[error] 
[error] Error: An unexpected error has occurred.
[debug] [2026-07-03T10:44:03.279Z] Error: write EPIPE
    at afterWriteDispatched (node:internal/stream_base_commons:159:15)
    at writeGeneric (node:internal/stream_base_commons:150:3)
    at Socket._writeGeneric (node:net:1025:11)
    at Socket._write (node:net:1037:8)
    at writeOrBuffer (node:internal/streams/writable:570:12)
    at _write (node:internal/streams/writable:499:10)
    at Writable.write (node:internal/streams/writable:508:10)
    at Console.log (/opt/homebrew/Cellar/firebase-cli/14.11.0/libexec/lib/node_modules/firebase-tools/node_modules/winston/lib/winston/transports/console.js:87:23)
    at Console._write (/opt/homebrew/Cellar/firebase-cli/14.11.0/libexec/lib/node_modules/firebase-tools/node_modules/winston-transport/modern.js:103:17)
    at doWrite (/opt/homebrew/Cellar/firebase-cli/14.11.0/libexec/lib/node_modules/firebase-tools/node_modules/winston-transport/node_modules/readable-stream/lib/_stream_writable.js:390:139)
[error] 
[error] Error: An unexpected error has occurred.
[debug] [2026-07-03T10:44:03.279Z] Error: write EPIPE
    at afterWriteDispatched (node:internal/stream_base_commons:159:15)
    at writeGeneric (node:internal/stream_base_commons:150:3)
    at Socket._writeGeneric (node:net:1025:11)
    at Socket._write (node:net:1037:8)
    at writeOrBuffer (node:internal/streams/writable:570:12)
    at _write (node:internal/streams/writable:499:10)
    at Writable.write (node:internal/streams/writable:508:10)
    at Console.log (/opt/homebrew/Cellar/firebase-cli/14.11.0/libexec/lib/node_modules/firebase-tools/node_modules/winston/lib/winston/transports/console.js:87:23)
    at Console._write (/opt/homebrew/Cellar/firebase-cli/14.11.0/libexec/lib/node_modules/firebase-tools/node_modules/winston-transport/modern.js:103:17)
    at doWrite (/opt/homebrew/Cellar/firebase-cli/14.11.0/libexec/lib/node_modules/firebase-tools/node_modules/winston-transport/node_modules/readable-stream/lib/_stream_writable.js:390:139)
[error] 
[error] Error: An unexpected error has occurred.
[debug] [2026-07-03T10:44:03.279Z] Error: write EPIPE
    at afterWriteDispatched (node:internal/stream_base_commons:159:15)
    at writeGeneric (node:internal/stream_base_commons:150:3)
    at Socket._writeGeneric (node:net:1025:11)
    at Socket._write (node:net:1037:8)
    at writeOrBuffer (node:internal/streams/writable:570:12)
    at _write (node:internal/streams/writable:499:10)
    at Writable.write (node:internal/streams/writable:508:10)
    at Console.log (/opt/homebrew/Cellar/firebase-cli/14.11.0/libexec/lib/node_modules/firebase-tools/node_modules/winston/lib/winston/transports/console.js:87:23)
    at Console._write (/opt/homebrew/Cellar/firebase-cli/14.11.0/libexec/lib/node_modules/firebase-tools/node_modules/winston-transport/modern.js:103:17)
    at doWrite (/opt/homebrew/Cellar/firebase-cli/14.11.0/libexec/lib/node_modules/firebase-tools/node_modules/winston-transport/node_modules/readable-stream/lib/_stream_writable.js:390:139)
[error] 
[error] Error: An unexpected error has occurred.
[debug] [2026-07-03T10:44:03.279Z] Error: write EPIPE
    at afterWriteDispatched (node:internal/stream_base_commons:159:15)
    at writeGeneric (node:internal/stream_base_commons:150:3)
    at Socket._writeGeneric (node:net:1025:11)
    at Socket._write (node:net:1037:8)
    at writeOrBuffer (node:internal/streams/writable:570:12)
    at _write (node:internal/streams/writable:499:10)
    at Writable.write (node:internal/streams/writable:508:10)
    at Console.log (/opt/homebrew/Cellar/firebase-cli/14.11.0/libexec/lib/node_modules/firebase-tools/node_modules/winston/lib/winston/transports/console.js:87:23)
    at Console._write (/opt/homebrew/Cellar/firebase-cli/14.11.0/libexec/lib/node_modules/firebase-tools/node_modules/winston-transport/modern.js:103:17)
    at doWrite (/opt/homebrew/Cellar/firebase-cli/14.11.0/libexec/lib/node_modules/firebase-tools/node_modules/winston-transport/node_modules/readable-stream/lib/_stream_writable.js:390:139)
[error] 
[error] Error: An unexpected error has occurred.
[debug] [2026-07-03T10:44:03.280Z] Error: write EPIPE
    at afterWriteDispatched (node:internal/stream_base_commons:159:15)
    at writeGeneric (node:internal/stream_base_commons:150:3)
    at Socket._writeGeneric (node:net:1025:11)
    at Socket._write (node:net:1037:8)
    at writeOrBuffer (node:internal/streams/writable:570:12)
    at _write (node:internal/streams/writable:499:10)
    at Writable.write (node:internal/streams/writable:508:10)
    at Console.log (/opt/homebrew/Cellar/firebase-cli/14.11.0/libexec/lib/node_modules/firebase-tools/node_modules/winston/lib/winston/transports/console.js:87:23)
    at Console._write (/opt/homebrew/Cellar/firebase-cli/14.11.0/libexec/lib/node_modules/firebase-tools/node_modules/winston-transport/modern.js:103:17)
    at doWrite (/opt/homebrew/Cellar/firebase-cli/14.11.0/libexec/lib/node_modules/firebase-tools/node_modules/winston-transport/node_modules/readable-stream/lib/_stream_writable.js:390:139)
[error] 
[error] Error: An unexpected error has occurred.
[debug] [2026-07-03T10:44:03.280Z] Error: write EPIPE
    at afterWriteDispatched (node:internal/stream_base_commons:159:15)
    at writeGeneric (node:internal/stream_base_commons:150:3)
    at Socket._writeGeneric (node:net:1025:11)
    at Socket._write (node:net:1037:8)
    at writeOrBuffer (node:internal/streams/writable:570:12)
    at _write (node:internal/streams/writable:499:10)
    at Writable.write (node:internal/streams/writable:508:10)
    at Console.log (/opt/homebrew/Cellar/firebase-cli/14.11.0/libexec/lib/node_modules/firebase-tools/node_modules/winston/lib/winston/transports/console.js:87:23)
    at Console._write (/opt/homebrew/Cellar/firebase-cli/14.11.0/libexec/lib/node_modules/firebase-tools/node_modules/winston-transport/modern.js:103:17)
    at doWrite (/opt/homebrew/Cellar/firebase-cli/14.11.0/libexec/lib/node_modules/firebase-tools/node_modules/winston-transport/node_modules/readable-stream/lib/_stream_writable.js:390:139)
[error] 
[error] Error: An unexpected error has occurred.
[debug] [2026-07-03T10:44:03.280Z] Error: write EPIPE
    at afterWriteDispatched (node:internal/stream_base_commons:159:15)
    at writeGeneric (node:internal/stream_base_commons:150:3)
    at Socket._writeGeneric (node:net:1025:11)
    at Socket._write (node:net:1037:8)
    at writeOrBuffer (node:internal/streams/writable:570:12)
    at _write (node:internal/streams/writable:499:10)
    at Writable.write (node:internal/streams/writable:508:10)
    at Console.log (/opt/homebrew/Cellar/firebase-cli/14.11.0/libexec/lib/node_modules/firebase-tools/node_modules/winston/lib/winston/transports/console.js:87:23)
    at Console._write (/opt/homebrew/Cellar/firebase-cli/14.11.0/libexec/lib/node_modules/firebase-tools/node_modules/winston-transport/modern.js:103:17)
    at doWrite (/opt/homebrew/Cellar/firebase-cli/14.11.0/libexec/lib/node_modules/firebase-tools/node_modules/winston-transport/node_modules/readable-stream/lib/_stream_writable.js:390:139)
[error] 
[error] Error: An unexpected error has occurred.
[debug] [2026-07-03T10:44:03.280Z] Error: write EPIPE
    at afterWriteDispatched (node:internal/stream_base_commons:159:15)
    at writeGeneric (node:internal/stream_base_commons:150:3)
    at Socket._writeGeneric (node:net:1025:11)
    at Socket._write (node:net:1037:8)
    at writeOrBuffer (node:internal/streams/writable:570:12)
    at _write (node:internal/streams/writable:499:10)
    at Writable.write (node:internal/streams/writable:508:10)
    at Console.log (/opt/homebrew/Cellar/firebase-cli/14.11.0/libexec/lib/node_modules/firebase-tools/node_modules/winston/lib/winston/transports/console.js:87:23)
    at Console._write (/opt/homebrew/Cellar/firebase-cli/14.11.0/libexec/lib/node_modules/firebase-tools/node_modules/winston-transport/modern.js:103:17)
    at doWrite (/opt/homebrew/Cellar/firebase-cli/14.11.0/libexec/lib/node_modules/firebase-tools/node_modules/winston-transport/node_modules/readable-stream/lib/_stream_writable.js:390:139)
[error] 
[error] Error: An unexpected error has occurred.
[debug] [2026-07-03T10:44:03.280Z] Error: write EPIPE
    at afterWriteDispatched (node:internal/stream_base_commons:159:15)
    at writeGeneric (node:internal/stream_base_commons:150:3)
    at Socket._writeGeneric (node:net:1025:11)
    at Socket._write (node:net:1037:8)
    at writeOrBuffer (node:internal/streams/writable:570:12)
    at _write (node:internal/streams/writable:499:10)
    at Writable.write (node:internal/streams/writable:508:10)
    at Console.log (/opt/homebrew/Cellar/firebase-cli/14.11.0/libexec/lib/node_modules/firebase-tools/node_modules/winston/lib/winston/transports/console.js:87:23)
    at Console._write (/opt/homebrew/Cellar/firebase-cli/14.11.0/libexec/lib/node_modules/firebase-tools/node_modules/winston-transport/modern.js:103:17)
    at doWrite (/opt/homebrew/Cellar/firebase-cli/14.11.0/libexec/lib/node_modules/firebase-tools/node_modules/winston-transport/node_modules/readable-stream/lib/_stream_writable.js:390:139)
[error] 
[error] Error: An unexpected error has occurred.
[debug] [2026-07-03T10:44:03.280Z] Error: write EPIPE
    at afterWriteDispatched (node:internal/stream_base_commons:159:15)
    at writeGeneric (node:internal/stream_base_commons:150:3)
    at Socket._writeGeneric (node:net:1025:11)
    at Socket._write (node:net:1037:8)
    at writeOrBuffer (node:internal/streams/writable:570:12)
    at _write (node:internal/streams/writable:499:10)
    at Writable.write (node:internal/streams/writable:508:10)
    at Console.log (/opt/homebrew/Cellar/firebase-cli/14.11.0/libexec/lib/node_modules/firebase-tools/node_modules/winston/lib/winston/transports/console.js:87:23)
    at Console._write (/opt/homebrew/Cellar/firebase-cli/14.11.0/libexec/lib/node_modules/firebase-tools/node_modules/winston-transport/modern.js:103:17)
    at doWrite (/opt/homebrew/Cellar/firebase-cli/14.11.0/libexec/lib/node_modules/firebase-tools/node_modules/winston-transport/node_modules/readable-stream/lib/_stream_writable.js:390:139)
[error] 
[error] Error: An unexpected error has occurred.
[debug] [2026-07-03T10:44:03.280Z] Error: write EPIPE
    at afterWriteDispatched (node:internal/stream_base_commons:159:15)
    at writeGeneric (node:internal/stream_base_commons:150:3)
    at Socket._writeGeneric (node:net:1025:11)
    at Socket._write (node:net:1037:8)
    at writeOrBuffer (node:internal/streams/writable:570:12)
    at _write (node:internal/streams/writable:499:10)
    at Writable.write (node:internal/streams/writable:508:10)
    at Console.log (/opt/homebrew/Cellar/firebase-cli/14.11.0/libexec/lib/node_modules/firebase-tools/node_modules/winston/lib/winston/transports/console.js:87:23)
    at Console._write (/opt/homebrew/Cellar/firebase-cli/14.11.0/libexec/lib/node_modules/firebase-tools/node_modules/winston-transport/modern.js:103:17)
    at doWrite (/opt/homebrew/Cellar/firebase-cli/14.11.0/libexec/lib/node_modules/firebase-tools/node_modules/winston-transport/node_modules/readable-stream/lib/_stream_writable.js:390:139)
[error] 
[error] Error: An unexpected error has occurred.
[debug] [2026-07-03T10:44:03.280Z] Error: write EPIPE
    at afterWriteDispatched (node:internal/stream_base_commons:159:15)
    at writeGeneric (node:internal/stream_base_commons:150:3)
    at Socket._writeGeneric (node:net:1025:11)
    at Socket._write (node:net:1037:8)
    at writeOrBuffer (node:internal/streams/writable:570:12)
    at _write (node:internal/streams/writable:499:10)
    at Writable.write (node:internal/streams/writable:508:10)
    at Console.log (/opt/homebrew/Cellar/firebase-cli/14.11.0/libexec/lib/node_modules/firebase-tools/node_modules/winston/lib/winston/transports/console.js:87:23)
    at Console._write (/opt/homebrew/Cellar/firebase-cli/14.11.0/libexec/lib/node_modules/firebase-tools/node_modules/winston-transport/modern.js:103:17)
    at doWrite (/opt/homebrew/Cellar/firebase-cli/14.11.0/libexec/lib/node_modules/firebase-tools/node_modules/winston-transport/node_modules/readable-stream/lib/_stream_writable.js:390:139)
[error] 
[error] Error: An unexpected error has occurred.
[debug] [2026-07-03T10:44:03.280Z] Error: write EPIPE
    at afterWriteDispatched (node:internal/stream_base_commons:159:15)
    at writeGeneric (node:internal/stream_base_commons:150:3)
    at Socket._writeGeneric (node:net:1025:11)
    at Socket._write (node:net:1037:8)
    at writeOrBuffer (node:internal/streams/writable:570:12)
    at _write (node:internal/streams/writable:499:10)
    at Writable.write (node:internal/streams/writable:508:10)
    at Console.log (/opt/homebrew/Cellar/firebase-cli/14.11.0/libexec/lib/node_modules/firebase-tools/node_modules/winston/lib/winston/transports/console.js:87:23)
    at Console._write (/opt/homebrew/Cellar/firebase-cli/14.11.0/libexec/lib/node_modules/firebase-tools/node_modules/winston-transport/modern.js:103:17)
    at doWrite (/opt/homebrew/Cellar/firebase-cli/14.11.0/libexec/lib/node_modules/firebase-tools/node_modules/winston-transport/node_modules/readable-stream/lib/_stream_writable.js:390:139)
[error] 
[error] Error: An unexpected error has occurred.
[debug] [2026-07-03T10:44:03.280Z] Error: write EPIPE
    at afterWriteDispatched (node:internal/stream_base_commons:159:15)
    at writeGeneric (node:internal/stream_base_commons:150:3)
    at Socket._writeGeneric (node:net:1025:11)
    at Socket._write (node:net:1037:8)
    at writeOrBuffer (node:internal/streams/writable:570:12)
    at _write (node:internal/streams/writable:499:10)
    at Writable.write (node:internal/streams/writable:508:10)
    at Console.log (/opt/homebrew/Cellar/firebase-cli/14.11.0/libexec/lib/node_modules/firebase-tools/node_modules/winston/lib/winston/transports/console.js:87:23)
    at Console._write (/opt/homebrew/Cellar/firebase-cli/14.11.0/libexec/lib/node_modules/firebase-tools/node_modules/winston-transport/modern.js:103:17)
    at doWrite (/opt/homebrew/Cellar/firebase-cli/14.11.0/libexec/lib/node_modules/firebase-tools/node_modules/winston-transport/node_modules/readable-stream/lib/_stream_writable.js:390:139)
[error] 
[error] Error: An unexpected error has occurred.
[debug] [2026-07-03T10:44:03.280Z] Error: write EPIPE
    at afterWriteDispatched (node:internal/stream_base_commons:159:15)
    at writeGeneric (node:internal/stream_base_commons:150:3)
    at Socket._writeGeneric (node:net:1025:11)
    at Socket._write (node:net:1037:8)
    at writeOrBuffer (node:internal/streams/writable:570:12)
    at _write (node:internal/streams/writable:499:10)
    at Writable.write (node:internal/streams/writable:508:10)
    at Console.log (/opt/homebrew/Cellar/firebase-cli/14.11.0/libexec/lib/node_modules/firebase-tools/node_modules/winston/lib/winston/transports/console.js:87:23)
    at Console._write (/opt/homebrew/Cellar/firebase-cli/14.11.0/libexec/lib/node_modules/firebase-tools/node_modules/winston-transport/modern.js:103:17)
    at doWrite (/opt/homebrew/Cellar/firebase-cli/14.11.0/libexec/lib/node_modules/firebase-tools/node_modules/winston-transport/node_modules/readable-stream/lib/_stream_writable.js:390:139)
[error] 
[error] Error: An unexpected error has occurred.
[debug] [2026-07-03T10:44:03.280Z] Error: write EPIPE
    at afterWriteDispatched (node:internal/stream_base_commons:159:15)
    at writeGeneric (node:internal/stream_base_commons:150:3)
    at Socket._writeGeneric (node:net:1025:11)
    at Socket._write (node:net:1037:8)
    at writeOrBuffer (node:internal/streams/writable:570:12)
    at _write (node:internal/streams/writable:499:10)
    at Writable.write (node:internal/streams/writable:508:10)
    at Console.log (/opt/homebrew/Cellar/firebase-cli/14.11.0/libexec/lib/node_modules/firebase-tools/node_modules/winston/lib/winston/transports/console.js:87:23)
    at Console._write (/opt/homebrew/Cellar/firebase-cli/14.11.0/libexec/lib/node_modules/firebase-tools/node_modules/winston-transport/modern.js:103:17)
    at doWrite (/opt/homebrew/Cellar/firebase-cli/14.11.0/libexec/lib/node_modules/firebase-tools/node_modules/winston-transport/node_modules/readable-stream/lib/_stream_writable.js:390:139)
[error] 
[error] Error: An unexpected error has occurred.
[debug] [2026-07-03T10:44:03.280Z] Error: write EPIPE
    at afterWriteDispatched (node:internal/stream_base_commons:159:15)
    at writeGeneric (node:internal/stream_base_commons:150:3)
    at Socket._writeGeneric (node:net:1025:11)
    at Socket._write (node:net:1037:8)
    at writeOrBuffer (node:internal/streams/writable:570:12)
    at _write (node:internal/streams/writable:499:10)
    at Writable.write (node:internal/streams/writable:508:10)
    at Console.log (/opt/homebrew/Cellar/firebase-cli/14.11.0/libexec/lib/node_modules/firebase-tools/node_modules/winston/lib/winston/transports/console.js:87:23)
    at Console._write (/opt/homebrew/Cellar/firebase-cli/14.11.0/libexec/lib/node_modules/firebase-tools/node_modules/winston-transport/modern.js:103:17)
    at doWrite (/opt/homebrew/Cellar/firebase-cli/14.11.0/libexec/lib/node_modules/firebase-tools/node_modules/winston-transport/node_modules/readable-stream/lib/_stream_writable.js:390:139)
[error] 
[error] Error: An unexpected error has occurred.
[debug] [2026-07-03T10:44:03.281Z] Error: write EPIPE
    at afterWriteDispatched (node:internal/stream_base_commons:159:15)
    at writeGeneric (node:internal/stream_base_commons:150:3)
    at Socket._writeGeneric (node:net:1025:11)
    at Socket._write (node:net:1037:8)
    at writeOrBuffer (node:internal/streams/writable:570:12)
    at _write (node:internal/streams/writable:499:10)
    at Writable.write (node:internal/streams/writable:508:10)
    at Console.log (/opt/homebrew/Cellar/firebase-cli/14.11.0/libexec/lib/node_modules/firebase-tools/node_modules/winston/lib/winston/transports/console.js:87:23)
    at Console._write (/opt/homebrew/Cellar/firebase-cli/14.11.0/libexec/lib/node_modules/firebase-tools/node_modules/winston-transport/modern.js:103:17)
    at doWrite (/opt/homebrew/Cellar/firebase-cli/14.11.0/libexec/lib/node_modules/firebase-tools/node_modules/winston-transport/node_modules/readable-stream/lib/_stream_writable.js:390:139)
[error] 
[error] Error: An unexpected error has occurred.
[debug] [2026-07-03T10:44:03.281Z] Error: write EPIPE
    at afterWriteDispatched (node:internal/stream_base_commons:159:15)
    at writeGeneric (node:internal/stream_base_commons:150:3)
    at Socket._writeGeneric (node:net:1025:11)
    at Socket._write (node:net:1037:8)
    at writeOrBuffer (node:internal/streams/writable:570:12)
    at _write (node:internal/streams/writable:499:10)
    at Writable.write (node:internal/streams/writable:508:10)
    at Console.log (/opt/homebrew/Cellar/firebase-cli/14.11.0/libexec/lib/node_modules/firebase-tools/node_modules/winston/lib/winston/transports/console.js:87:23)
    at Console._write (/opt/homebrew/Cellar/firebase-cli/14.11.0/libexec/lib/node_modules/firebase-tools/node_modules/winston-transport/modern.js:103:17)
    at doWrite (/opt/homebrew/Cellar/firebase-cli/14.11.0/libexec/lib/node_modules/firebase-tools/node_modules/winston-transport/node_modules/readable-stream/lib/_stream_writable.js:390:139)
[error] 
[error] Error: An unexpected error has occurred.
[debug] [2026-07-03T10:44:03.281Z] Error: write EPIPE
    at afterWriteDispatched (node:internal/stream_base_commons:159:15)
    at writeGeneric (node:internal/stream_base_commons:150:3)
    at Socket._writeGeneric (node:net:1025:11)
    at Socket._write (node:net:1037:8)
    at writeOrBuffer (node:internal/streams/writable:570:12)
    at _write (node:internal/streams/writable:499:10)
    at Writable.write (node:internal/streams/writable:508:10)
    at Console.log (/opt/homebrew/Cellar/firebase-cli/14.11.0/libexec/lib/node_modules/firebase-tools/node_modules/winston/lib/winston/transports/console.js:87:23)
    at Console._write (/opt/homebrew/Cellar/firebase-cli/14.11.0/libexec/lib/node_modules/firebase-tools/node_modules/winston-transport/modern.js:103:17)
    at doWrite (/opt/homebrew/Cellar/firebase-cli/14.11.0/libexec/lib/node_modules/firebase-tools/node_modules/winston-transport/node_modules/readable-stream/lib/_stream_writable.js:390:139)
[error] 
[error] Error: An unexpected error has occurred.
[debug] [2026-07-03T10:44:03.281Z] Error: write EPIPE
    at afterWriteDispatched (node:internal/stream_base_commons:159:15)
    at writeGeneric (node:internal/stream_base_commons:150:3)
    at Socket._writeGeneric (node:net:1025:11)
    at Socket._write (node:net:1037:8)
    at writeOrBuffer (node:internal/streams/writable:570:12)
    at _write (node:internal/streams/writable:499:10)
    at Writable.write (node:internal/streams/writable:508:10)
    at Console.log (/opt/homebrew/Cellar/firebase-cli/14.11.0/libexec/lib/node_modules/firebase-tools/node_modules/winston/lib/winston/transports/console.js:87:23)
    at Console._write (/opt/homebrew/Cellar/firebase-cli/14.11.0/libexec/lib/node_modules/firebase-tools/node_modules/winston-transport/modern.js:103:17)
    at doWrite (/opt/homebrew/Cellar/firebase-cli/14.11.0/libexec/lib/node_modules/firebase-tools/node_modules/winston-transport/node_modules/readable-stream/lib/_stream_writable.js:390:139)
[error] 
[error] Error: An unexpected error has occurred.
[debug] [2026-07-03T10:44:03.281Z] Error: write EPIPE
    at afterWriteDispatched (node:internal/stream_base_commons:159:15)
    at writeGeneric (node:internal/stream_base_commons:150:3)
    at Socket._writeGeneric (node:net:1025:11)
    at Socket._write (node:net:1037:8)
    at writeOrBuffer (node:internal/streams/writable:570:12)
    at _write (node:internal/streams/writable:499:10)
    at Writable.write (node:internal/streams/writable:508:10)
    at Console.log (/opt/homebrew/Cellar/firebase-cli/14.11.0/libexec/lib/node_modules/firebase-tools/node_modules/winston/lib/winston/transports/console.js:87:23)
    at Console._write (/opt/homebrew/Cellar/firebase-cli/14.11.0/libexec/lib/node_modules/firebase-tools/node_modules/winston-transport/modern.js:103:17)
    at doWrite (/opt/homebrew/Cellar/firebase-cli/14.11.0/libexec/lib/node_modules/firebase-tools/node_modules/winston-transport/node_modules/readable-stream/lib/_stream_writable.js:390:139)
[error] 
[error] Error: An unexpected error has occurred.
[debug] [2026-07-03T10:44:03.281Z] Error: write EPIPE
    at afterWriteDispatched (node:internal/stream_base_commons:159:15)
    at writeGeneric (node:internal/stream_base_commons:150:3)
    at Socket._writeGeneric (node:net:1025:11)
    at Socket._write (node:net:1037:8)
    at writeOrBuffer (node:internal/streams/writable:570:12)
    at _write (node:internal/streams/writable:499:10)
    at Writable.write (node:internal/streams/writable:508:10)
    at Console.log (/opt/homebrew/Cellar/firebase-cli/14.11.0/libexec/lib/node_modules/firebase-tools/node_modules/winston/lib/winston/transports/console.js:87:23)
    at Console._write (/opt/homebrew/Cellar/firebase-cli/14.11.0/libexec/lib/node_modules/firebase-tools/node_modules/winston-transport/modern.js:103:17)
    at doWrite (/opt/homebrew/Cellar/firebase-cli/14.11.0/libexec/lib/node_modules/firebase-tools/node_modules/winston-transport/node_modules/readable-stream/lib/_stream_writable.js:390:139)
[error] 
[error] Error: An unexpected error has occurred.
[debug] [2026-07-03T10:44:03.281Z] Error: write EPIPE
    at afterWriteDispatched (node:internal/stream_base_commons:159:15)
    at writeGeneric (node:internal/stream_base_commons:150:3)
    at Socket._writeGeneric (node:net:1025:11)
    at Socket._write (node:net:1037:8)
    at writeOrBuffer (node:internal/streams/writable:570:12)
    at _write (node:internal/streams/writable:499:10)
    at Writable.write (node:internal/streams/writable:508:10)
    at Console.log (/opt/homebrew/Cellar/firebase-cli/14.11.0/libexec/lib/node_modules/firebase-tools/node_modules/winston/lib/winston/transports/console.js:87:23)
    at Console._write (/opt/homebrew/Cellar/firebase-cli/14.11.0/libexec/lib/node_modules/firebase-tools/node_modules/winston-transport/modern.js:103:17)
    at doWrite (/opt/homebrew/Cellar/firebase-cli/14.11.0/libexec/lib/node_modules/firebase-tools/node_modules/winston-transport/node_modules/readable-stream/lib/_stream_writable.js:390:139)
[error] 
[error] Error: An unexpected error has occurred.
[debug] [2026-07-03T10:44:03.282Z] Error: write EPIPE
    at afterWriteDispatched (node:internal/stream_base_commons:159:15)
    at writeGeneric (node:internal/stream_base_commons:150:3)
    at Socket._writeGeneric (node:net:1025:11)
    at Socket._write (node:net:1037:8)
    at writeOrBuffer (node:internal/streams/writable:570:12)
    at _write (node:internal/streams/writable:499:10)
    at Writable.write (node:internal/streams/writable:508:10)
    at Console.log (/opt/homebrew/Cellar/firebase-cli/14.11.0/libexec/lib/node_modules/firebase-tools/node_modules/winston/lib/winston/transports/console.js:87:23)
    at Console._write (/opt/homebrew/Cellar/firebase-cli/14.11.0/libexec/lib/node_modules/firebase-tools/node_modules/winston-transport/modern.js:103:17)
    at doWrite (/opt/homebrew/Cellar/firebase-cli/14.11.0/libexec/lib/node_modules/firebase-tools/node_modules/winston-transport/node_modules/readable-stream/lib/_stream_writable.js:390:139)
[error] 
[error] Error: An unexpected error has occurred.
[debug] [2026-07-03T10:44:03.282Z] Error: write EPIPE
    at afterWriteDispatched (node:internal/stream_base_commons:159:15)
    at writeGeneric (node:internal/stream_base_commons:150:3)
    at Socket._writeGeneric (node:net:1025:11)
    at Socket._write (node:net:1037:8)
    at writeOrBuffer (node:internal/streams/writable:570:12)
    at _write (node:internal/streams/writable:499:10)
    at Writable.write (node:internal/streams/writable:508:10)
    at Console.log (/opt/homebrew/Cellar/firebase-cli/14.11.0/libexec/lib/node_modules/firebase-tools/node_modules/winston/lib/winston/transports/console.js:87:23)
    at Console._write (/opt/homebrew/Cellar/firebase-cli/14.11.0/libexec/lib/node_modules/firebase-tools/node_modules/winston-transport/modern.js:103:17)
    at doWrite (/opt/homebrew/Cellar/firebase-cli/14.11.0/libexec/lib/node_modules/firebase-tools/node_modules/winston-transport/node_modules/readable-stream/lib/_stream_writable.js:390:139)
[error] 
[error] Error: An unexpected error has occurred.
[debug] [2026-07-03T10:44:03.282Z] Error: write EPIPE
    at afterWriteDispatched (node:internal/stream_base_commons:159:15)
    at writeGeneric (node:internal/stream_base_commons:150:3)
    at Socket._writeGeneric (node:net:1025:11)
    at Socket._write (node:net:1037:8)
    at writeOrBuffer (node:internal/streams/writable:570:12)
    at _write (node:internal/streams/writable:499:10)
    at Writable.write (node:internal/streams/writable:508:10)
    at Console.log (/opt/homebrew/Cellar/firebase-cli/14.11.0/libexec/lib/node_modules/firebase-tools/node_modules/winston/lib/winston/transports/console.js:87:23)
    at Console._write (/opt/homebrew/Cellar/firebase-cli/14.11.0/libexec/lib/node_modules/firebase-tools/node_modules/winston-transport/modern.js:103:17)
    at doWrite (/opt/homebrew/Cellar/firebase-cli/14.11.0/libexec/lib/node_modules/firebase-tools/node_modules/winston-transport/node_modules/readable-stream/lib/_stream_writable.js:390:139)
[error] 
[error] Error: An unexpected error has occurred.
[debug] [2026-07-03T10:44:03.282Z] Error: write EPIPE
    at afterWriteDispatched (node:internal/stream_base_commons:159:15)
    at writeGeneric (node:internal/stream_base_commons:150:3)
    at Socket._writeGeneric (node:net:1025:11)
    at Socket._write (node:net:1037:8)
    at writeOrBuffer (node:internal/streams/writable:570:12)
    at _write (node:internal/streams/writable:499:10)
    at Writable.write (node:internal/streams/writable:508:10)
    at Console.log (/opt/homebrew/Cellar/firebase-cli/14.11.0/libexec/lib/node_modules/firebase-tools/node_modules/winston/lib/winston/transports/console.js:87:23)
    at Console._write (/opt/homebrew/Cellar/firebase-cli/14.11.0/libexec/lib/node_modules/firebase-tools/node_modules/winston-transport/modern.js:103:17)
    at doWrite (/opt/homebrew/Cellar/firebase-cli/14.11.0/libexec/lib/node_modules/firebase-tools/node_modules/winston-transport/node_modules/readable-stream/lib/_stream_writable.js:390:139)
[error] 
[error] Error: An unexpected error has occurred.
[debug] [2026-07-03T10:44:03.282Z] Error: write EPIPE
    at afterWriteDispatched (node:internal/stream_base_commons:159:15)
    at writeGeneric (node:internal/stream_base_commons:150:3)
    at Socket._writeGeneric (node:net:1025:11)
    at Socket._write (node:net:1037:8)
    at writeOrBuffer (node:internal/streams/writable:570:12)
    at _write (node:internal/streams/writable:499:10)
    at Writable.write (node:internal/streams/writable:508:10)
    at Console.log (/opt/homebrew/Cellar/firebase-cli/14.11.0/libexec/lib/node_modules/firebase-tools/node_modules/winston/lib/winston/transports/console.js:87:23)
    at Console._write (/opt/homebrew/Cellar/firebase-cli/14.11.0/libexec/lib/node_modules/firebase-tools/node_modules/winston-transport/modern.js:103:17)
    at doWrite (/opt/homebrew/Cellar/firebase-cli/14.11.0/libexec/lib/node_modules/firebase-tools/node_modules/winston-transport/node_modules/readable-stream/lib/_stream_writable.js:390:139)
[error] 
[error] Error: An unexpected error has occurred.
[debug] [2026-07-03T10:44:03.282Z] Error: write EPIPE
    at afterWriteDispatched (node:internal/stream_base_commons:159:15)
    at writeGeneric (node:internal/stream_base_commons:150:3)
    at Socket._writeGeneric (node:net:1025:11)
    at Socket._write (node:net:1037:8)
    at writeOrBuffer (node:internal/streams/writable:570:12)
    at _write (node:internal/streams/writable:499:10)
    at Writable.write (node:internal/streams/writable:508:10)
    at Console.log (/opt/homebrew/Cellar/firebase-cli/14.11.0/libexec/lib/node_modules/firebase-tools/node_modules/winston/lib/winston/transports/console.js:87:23)
    at Console._write (/opt/homebrew/Cellar/firebase-cli/14.11.0/libexec/lib/node_modules/firebase-tools/node_modules/winston-transport/modern.js:103:17)
    at doWrite (/opt/homebrew/Cellar/firebase-cli/14.11.0/libexec/lib/node_modules/firebase-tools/node_modules/winston-transport/node_modules/readable-stream/lib/_stream_writable.js:390:139)
[error] 
[error] Error: An unexpected error has occurred.
[debug] [2026-07-03T10:44:03.282Z] Error: write EPIPE
    at afterWriteDispatched (node:internal/stream_base_commons:159:15)
    at writeGeneric (node:internal/stream_base_commons:150:3)
    at Socket._writeGeneric (node:net:1025:11)
    at Socket._write (node:net:1037:8)
    at writeOrBuffer (node:internal/streams/writable:570:12)
    at _write (node:internal/streams/writable:499:10)
    at Writable.write (node:internal/streams/writable:508:10)
    at Console.log (/opt/homebrew/Cellar/firebase-cli/14.11.0/libexec/lib/node_modules/firebase-tools/node_modules/winston/lib/winston/transports/console.js:87:23)
    at Console._write (/opt/homebrew/Cellar/firebase-cli/14.11.0/libexec/lib/node_modules/firebase-tools/node_modules/winston-transport/modern.js:103:17)
    at doWrite (/opt/homebrew/Cellar/firebase-cli/14.11.0/libexec/lib/node_modules/firebase-tools/node_modules/winston-transport/node_modules/readable-stream/lib/_stream_writable.js:390:139)
[error] 
[error] Error: An unexpected error has occurred.
[debug] [2026-07-03T10:44:03.282Z] Error: write EPIPE
    at afterWriteDispatched (node:internal/stream_base_commons:159:15)
    at writeGeneric (node:internal/stream_base_commons:150:3)
    at Socket._writeGeneric (node:net:1025:11)
    at Socket._write (node:net:1037:8)
    at writeOrBuffer (node:internal/streams/writable:570:12)
    at _write (node:internal/streams/writable:499:10)
    at Writable.write (node:internal/streams/writable:508:10)
    at Console.log (/opt/homebrew/Cellar/firebase-cli/14.11.0/libexec/lib/node_modules/firebase-tools/node_modules/winston/lib/winston/transports/console.js:87:23)
    at Console._write (/opt/homebrew/Cellar/firebase-cli/14.11.0/libexec/lib/node_modules/firebase-tools/node_modules/winston-transport/modern.js:103:17)
    at doWrite (/opt/homebrew/Cellar/firebase-cli/14.11.0/libexec/lib/node_modules/firebase-tools/node_modules/winston-transport/node_modules/readable-stream/lib/_stream_writable.js:390:139)
[error] 
[error] Error: An unexpected error has occurred.
[debug] [2026-07-03T10:44:03.282Z] Error: write EPIPE
    at afterWriteDispatched (node:internal/stream_base_commons:159:15)
    at writeGeneric (node:internal/stream_base_commons:150:3)
    at Socket._writeGeneric (node:net:1025:11)
    at Socket._write (node:net:1037:8)
    at writeOrBuffer (node:internal/streams/writable:570:12)
    at _write (node:internal/streams/writable:499:10)
    at Writable.write (node:internal/streams/writable:508:10)
    at Console.log (/opt/homebrew/Cellar/firebase-cli/14.11.0/libexec/lib/node_modules/firebase-tools/node_modules/winston/lib/winston/transports/console.js:87:23)
    at Console._write (/opt/homebrew/Cellar/firebase-cli/14.11.0/libexec/lib/node_modules/firebase-tools/node_modules/winston-transport/modern.js:103:17)
    at doWrite (/opt/homebrew/Cellar/firebase-cli/14.11.0/libexec/lib/node_modules/firebase-tools/node_modules/winston-transport/node_modules/readable-stream/lib/_stream_writable.js:390:139)
[error] 
[error] Error: An unexpected error has occurred.
[debug] [2026-07-03T10:44:03.282Z] Error: write EPIPE
    at afterWriteDispatched (node:internal/stream_base_commons:159:15)
    at writeGeneric (node:internal/stream_base_commons:150:3)
    at Socket._writeGeneric (node:net:1025:11)
    at Socket._write (node:net:1037:8)
    at writeOrBuffer (node:internal/streams/writable:570:12)
    at _write (node:internal/streams/writable:499:10)
    at Writable.write (node:internal/streams/writable:508:10)
    at Console.log (/opt/homebrew/Cellar/firebase-cli/14.11.0/libexec/lib/node_modules/firebase-tools/node_modules/winston/lib/winston/transports/console.js:87:23)
    at Console._write (/opt/homebrew/Cellar/firebase-cli/14.11.0/libexec/lib/node_modules/firebase-tools/node_modules/winston-transport/modern.js:103:17)
    at doWrite (/opt/homebrew/Cellar/firebase-cli/14.11.0/libexec/lib/node_modules/firebase-tools/node_modules/winston-transport/node_modules/readable-stream/lib/_stream_writable.js:390:139)
[error] 
[error] Error: An unexpected error has occurred.
[debug] [2026-07-03T10:44:03.282Z] Error: write EPIPE
    at afterWriteDispatched (node:internal/stream_base_commons:159:15)
    at writeGeneric (node:internal/stream_base_commons:150:3)
    at Socket._writeGeneric (node:net:1025:11)
    at Socket._write (node:net:1037:8)
    at writeOrBuffer (node:internal/streams/writable:570:12)
    at _write (node:internal/streams/writable:499:10)
    at Writable.write (node:internal/streams/writable:508:10)
    at Console.log (/opt/homebrew/Cellar/firebase-cli/14.11.0/libexec/lib/node_modules/firebase-tools/node_modules/winston/lib/winston/transports/console.js:87:23)
    at Console._write (/opt/homebrew/Cellar/firebase-cli/14.11.0/libexec/lib/node_modules/firebase-tools/node_modules/winston-transport/modern.js:103:17)
    at doWrite (/opt/homebrew/Cellar/firebase-cli/14.11.0/libexec/lib/node_modules/firebase-tools/node_modules/winston-transport/node_modules/readable-stream/lib/_stream_writable.js:390:139)
[error] 
[error] Error: An unexpected error has occurred.
[debug] [2026-07-03T10:44:03.282Z] Error: write EPIPE
    at afterWriteDispatched (node:internal/stream_base_commons:159:15)
    at writeGeneric (node:internal/stream_base_commons:150:3)
    at Socket._writeGeneric (node:net:1025:11)
    at Socket._write (node:net:1037:8)
    at writeOrBuffer (node:internal/streams/writable:570:12)
    at _write (node:internal/streams/writable:499:10)
    at Writable.write (node:internal/streams/writable:508:10)
    at Console.log (/opt/homebrew/Cellar/firebase-cli/14.11.0/libexec/lib/node_modules/firebase-tools/node_modules/winston/lib/winston/transports/console.js:87:23)
    at Console._write (/opt/homebrew/Cellar/firebase-cli/14.11.0/libexec/lib/node_modules/firebase-tools/node_modules/winston-transport/modern.js:103:17)
    at doWrite (/opt/homebrew/Cellar/firebase-cli/14.11.0/libexec/lib/node_modules/firebase-tools/node_modules/winston-transport/node_modules/readable-stream/lib/_stream_writable.js:390:139)
[error] 
[error] Error: An unexpected error has occurred.
[debug] [2026-07-03T10:44:03.283Z] Error: write EPIPE
    at afterWriteDispatched (node:internal/stream_base_commons:159:15)
    at writeGeneric (node:internal/stream_base_commons:150:3)
    at Socket._writeGeneric (node:net:1025:11)
    at Socket._write (node:net:1037:8)
    at writeOrBuffer (node:internal/streams/writable:570:12)
    at _write (node:internal/streams/writable:499:10)
    at Writable.write (node:internal/streams/writable:508:10)
    at Console.log (/opt/homebrew/Cellar/firebase-cli/14.11.0/libexec/lib/node_modules/firebase-tools/node_modules/winston/lib/winston/transports/console.js:87:23)
    at Console._write (/opt/homebrew/Cellar/firebase-cli/14.11.0/libexec/lib/node_modules/firebase-tools/node_modules/winston-transport/modern.js:103:17)
    at doWrite (/opt/homebrew/Cellar/firebase-cli/14.11.0/libexec/lib/node_modules/firebase-tools/node_modules/winston-transport/node_modules/readable-stream/lib/_stream_writable.js:390:139)
[error] 
[error] Error: An unexpected error has occurred.
[debug] [2026-07-03T10:44:03.283Z] Error: write EPIPE
    at afterWriteDispatched (node:internal/stream_base_commons:159:15)
    at writeGeneric (node:internal/stream_base_commons:150:3)
    at Socket._writeGeneric (node:net:1025:11)
    at Socket._write (node:net:1037:8)
    at writeOrBuffer (node:internal/streams/writable:570:12)
    at _write (node:internal/streams/writable:499:10)
    at Writable.write (node:internal/streams/writable:508:10)
    at Console.log (/opt/homebrew/Cellar/firebase-cli/14.11.0/libexec/lib/node_modules/firebase-tools/node_modules/winston/lib/winston/transports/console.js:87:23)
    at Console._write (/opt/homebrew/Cellar/firebase-cli/14.11.0/libexec/lib/node_modules/firebase-tools/node_modules/winston-transport/modern.js:103:17)
    at doWrite (/opt/homebrew/Cellar/firebase-cli/14.11.0/libexec/lib/node_modules/firebase-tools/node_modules/winston-transport/node_modules/readable-stream/lib/_stream_writable.js:390:139)
[error] 
[error] Error: An unexpected error has occurred.
[debug] [2026-07-03T10:44:03.284Z] Error: write EPIPE
    at afterWriteDispatched (node:internal/stream_base_commons:159:15)
    at writeGeneric (node:internal/stream_base_commons:150:3)
    at Socket._writeGeneric (node:net:1025:11)
    at Socket._write (node:net:1037:8)
    at writeOrBuffer (node:internal/streams/writable:570:12)
    at _write (node:internal/streams/writable:499:10)
    at Writable.write (node:internal/streams/writable:508:10)
    at Console.log (/opt/homebrew/Cellar/firebase-cli/14.11.0/libexec/lib/node_modules/firebase-tools/node_modules/winston/lib/winston/transports/console.js:87:23)
    at Console._write (/opt/homebrew/Cellar/firebase-cli/14.11.0/libexec/lib/node_modules/firebase-tools/node_modules/winston-transport/modern.js:103:17)
    at doWrite (/opt/homebrew/Cellar/firebase-cli/14.11.0/libexec/lib/node_modules/firebase-tools/node_modules/winston-transport/node_modules/readable-stream/lib/_stream_writable.js:390:139)
[error] 
[error] Error: An unexpected error has occurred.
[debug] [2026-07-03T10:44:03.284Z] Error: write EPIPE
    at afterWriteDispatched (node:internal/stream_base_commons:159:15)
    at writeGeneric (node:internal/stream_base_commons:150:3)
    at Socket._writeGeneric (node:net:1025:11)
    at Socket._write (node:net:1037:8)
    at writeOrBuffer (node:internal/streams/writable:570:12)
    at _write (node:internal/streams/writable:499:10)
    at Writable.write (node:internal/streams/writable:508:10)
    at Console.log (/opt/homebrew/Cellar/firebase-cli/14.11.0/libexec/lib/node_modules/firebase-tools/node_modules/winston/lib/winston/transports/console.js:87:23)
    at Console._write (/opt/homebrew/Cellar/firebase-cli/14.11.0/libexec/lib/node_modules/firebase-tools/node_modules/winston-transport/modern.js:103:17)
    at doWrite (/opt/homebrew/Cellar/firebase-cli/14.11.0/libexec/lib/node_modules/firebase-tools/node_modules/winston-transport/node_modules/readable-stream/lib/_stream_writable.js:390:139)
[error] 
[error] Error: An unexpected error has occurred.
[debug] [2026-07-03T10:44:03.284Z] Error: write EPIPE
    at afterWriteDispatched (node:internal/stream_base_commons:159:15)
    at writeGeneric (node:internal/stream_base_commons:150:3)
    at Socket._writeGeneric (node:net:1025:11)
    at Socket._write (node:net:1037:8)
    at writeOrBuffer (node:internal/streams/writable:570:12)
    at _write (node:internal/streams/writable:499:10)
    at Writable.write (node:internal/streams/writable:508:10)
    at Console.log (/opt/homebrew/Cellar/firebase-cli/14.11.0/libexec/lib/node_modules/firebase-tools/node_modules/winston/lib/winston/transports/console.js:87:23)
    at Console._write (/opt/homebrew/Cellar/firebase-cli/14.11.0/libexec/lib/node_modules/firebase-tools/node_modules/winston-transport/modern.js:103:17)
    at doWrite (/opt/homebrew/Cellar/firebase-cli/14.11.0/libexec/lib/node_modules/firebase-tools/node_modules/winston-transport/node_modules/readable-stream/lib/_stream_writable.js:390:139)
[error] 
[error] Error: An unexpected error has occurred.
[debug] [2026-07-03T10:44:03.284Z] Error: write EPIPE
    at afterWriteDispatched (node:internal/stream_base_commons:159:15)
    at writeGeneric (node:internal/stream_base_commons:150:3)
    at Socket._writeGeneric (node:net:1025:11)
    at Socket._write (node:net:1037:8)
    at writeOrBuffer (node:internal/streams/writable:570:12)
    at _write (node:internal/streams/writable:499:10)
    at Writable.write (node:internal/streams/writable:508:10)
    at Console.log (/opt/homebrew/Cellar/firebase-cli/14.11.0/libexec/lib/node_modules/firebase-tools/node_modules/winston/lib/winston/transports/console.js:87:23)
    at Console._write (/opt/homebrew/Cellar/firebase-cli/14.11.0/libexec/lib/node_modules/firebase-tools/node_modules/winston-transport/modern.js:103:17)
    at doWrite (/opt/homebrew/Cellar/firebase-cli/14.11.0/libexec/lib/node_modules/firebase-tools/node_modules/winston-transport/node_modules/readable-stream/lib/_stream_writable.js:390:139)
[error] 
[error] Error: An unexpected error has occurred.
[debug] [2026-07-03T10:44:03.284Z] Error: write EPIPE
    at afterWriteDispatched (node:internal/stream_base_commons:159:15)
    at writeGeneric (node:internal/stream_base_commons:150:3)
    at Socket._writeGeneric (node:net:1025:11)
    at Socket._write (node:net:1037:8)
    at writeOrBuffer (node:internal/streams/writable:570:12)
    at _write (node:internal/streams/writable:499:10)
    at Writable.write (node:internal/streams/writable:508:10)
    at Console.log (/opt/homebrew/Cellar/firebase-cli/14.11.0/libexec/lib/node_modules/firebase-tools/node_modules/winston/lib/winston/transports/console.js:87:23)
    at Console._write (/opt/homebrew/Cellar/firebase-cli/14.11.0/libexec/lib/node_modules/firebase-tools/node_modules/winston-transport/modern.js:103:17)
    at doWrite (/opt/homebrew/Cellar/firebase-cli/14.11.0/libexec/lib/node_modules/firebase-tools/node_modules/winston-transport/node_modules/readable-stream/lib/_stream_writable.js:390:139)
[error] 
[error] Error: An unexpected error has occurred.
[debug] [2026-07-03T10:44:03.284Z] Error: write EPIPE
    at afterWriteDispatched (node:internal/stream_base_commons:159:15)
    at writeGeneric (node:internal/stream_base_commons:150:3)
    at Socket._writeGeneric (node:net:1025:11)
    at Socket._write (node:net:1037:8)
    at writeOrBuffer (node:internal/streams/writable:570:12)
    at _write (node:internal/streams/writable:499:10)
    at Writable.write (node:internal/streams/writable:508:10)
    at Console.log (/opt/homebrew/Cellar/firebase-cli/14.11.0/libexec/lib/node_modules/firebase-tools/node_modules/winston/lib/winston/transports/console.js:87:23)
    at Console._write (/opt/homebrew/Cellar/firebase-cli/14.11.0/libexec/lib/node_modules/firebase-tools/node_modules/winston-transport/modern.js:103:17)
    at doWrite (/opt/homebrew/Cellar/firebase-cli/14.11.0/libexec/lib/node_modules/firebase-tools/node_modules/winston-transport/node_modules/readable-stream/lib/_stream_writable.js:390:139)
[error] 
[error] Error: An unexpected error has occurred.
[debug] [2026-07-03T10:44:03.285Z] Error: write EPIPE
    at afterWriteDispatched (node:internal/stream_base_commons:159:15)
    at writeGeneric (node:internal/stream_base_commons:150:3)
    at Socket._writeGeneric (node:net:1025:11)
    at Socket._write (node:net:1037:8)
    at writeOrBuffer (node:internal/streams/writable:570:12)
    at _write (node:internal/streams/writable:499:10)
    at Writable.write (node:internal/streams/writable:508:10)
    at Console.log (/opt/homebrew/Cellar/firebase-cli/14.11.0/libexec/lib/node_modules/firebase-tools/node_modules/winston/lib/winston/transports/console.js:87:23)
    at Console._write (/opt/homebrew/Cellar/firebase-cli/14.11.0/libexec/lib/node_modules/firebase-tools/node_modules/winston-transport/modern.js:103:17)
    at doWrite (/opt/homebrew/Cellar/firebase-cli/14.11.0/libexec/lib/node_modules/firebase-tools/node_modules/winston-transport/node_modules/readable-stream/lib/_stream_writable.js:390:139)
[error] 
[error] Error: An unexpected error has occurred.
[debug] [2026-07-03T10:44:03.285Z] Error: write EPIPE
    at afterWriteDispatched (node:internal/stream_base_commons:159:15)
    at writeGeneric (node:internal/stream_base_commons:150:3)
    at Socket._writeGeneric (node:net:1025:11)
    at Socket._write (node:net:1037:8)
    at writeOrBuffer (node:internal/streams/writable:570:12)
    at _write (node:internal/streams/writable:499:10)
    at Writable.write (node:internal/streams/writable:508:10)
    at Console.log (/opt/homebrew/Cellar/firebase-cli/14.11.0/libexec/lib/node_modules/firebase-tools/node_modules/winston/lib/winston/transports/console.js:87:23)
    at Console._write (/opt/homebrew/Cellar/firebase-cli/14.11.0/libexec/lib/node_modules/firebase-tools/node_modules/winston-transport/modern.js:103:17)
    at doWrite (/opt/homebrew/Cellar/firebase-cli/14.11.0/libexec/lib/node_modules/firebase-tools/node_modules/winston-transport/node_modules/readable-stream/lib/_stream_writable.js:390:139)
[error] 
[error] Error: An unexpected error has occurred.
[debug] [2026-07-03T10:44:03.285Z] Error: write EPIPE
    at afterWriteDispatched (node:internal/stream_base_commons:159:15)
    at writeGeneric (node:internal/stream_base_commons:150:3)
    at Socket._writeGeneric (node:net:1025:11)
    at Socket._write (node:net:1037:8)
    at writeOrBuffer (node:internal/streams/writable:570:12)
    at _write (node:internal/streams/writable:499:10)
    at Writable.write (node:internal/streams/writable:508:10)
    at Console.log (/opt/homebrew/Cellar/firebase-cli/14.11.0/libexec/lib/node_modules/firebase-tools/node_modules/winston/lib/winston/transports/console.js:87:23)
    at Console._write (/opt/homebrew/Cellar/firebase-cli/14.11.0/libexec/lib/node_modules/firebase-tools/node_modules/winston-transport/modern.js:103:17)
    at doWrite (/opt/homebrew/Cellar/firebase-cli/14.11.0/libexec/lib/node_modules/firebase-tools/node_modules/winston-transport/node_modules/readable-stream/lib/_stream_writable.js:390:139)
[error] 
[error] Error: An unexpected error has occurred.
[debug] [2026-07-03T10:44:03.285Z] Error: write EPIPE
    at afterWriteDispatched (node:internal/stream_base_commons:159:15)
    at writeGeneric (node:internal/stream_base_commons:150:3)
    at Socket._writeGeneric (node:net:1025:11)
    at Socket._write (node:net:1037:8)
    at writeOrBuffer (node:internal/streams/writable:570:12)
    at _write (node:internal/streams/writable:499:10)
    at Writable.write (node:internal/streams/writable:508:10)
    at Console.log (/opt/homebrew/Cellar/firebase-cli/14.11.0/libexec/lib/node_modules/firebase-tools/node_modules/winston/lib/winston/transports/console.js:87:23)
    at Console._write (/opt/homebrew/Cellar/firebase-cli/14.11.0/libexec/lib/node_modules/firebase-tools/node_modules/winston-transport/modern.js:103:17)
    at doWrite (/opt/homebrew/Cellar/firebase-cli/14.11.0/libexec/lib/node_modules/firebase-tools/node_modules/winston-transport/node_modules/readable-stream/lib/_stream_writable.js:390:139)
[error] 
[error] Error: An unexpected error has occurred.
[debug] [2026-07-03T10:44:03.285Z] Error: write EPIPE
    at afterWriteDispatched (node:internal/stream_base_commons:159:15)
    at writeGeneric (node:internal/stream_base_commons:150:3)
    at Socket._writeGeneric (node:net:1025:11)
    at Socket._write (node:net:1037:8)
    at writeOrBuffer (node:internal/streams/writable:570:12)
    at _write (node:internal/streams/writable:499:10)
    at Writable.write (node:internal/streams/writable:508:10)
    at Console.log (/opt/homebrew/Cellar/firebase-cli/14.11.0/libexec/lib/node_modules/firebase-tools/node_modules/winston/lib/winston/transports/console.js:87:23)
    at Console._write (/opt/homebrew/Cellar/firebase-cli/14.11.0/libexec/lib/node_modules/firebase-tools/node_modules/winston-transport/modern.js:103:17)
    at doWrite (/opt/homebrew/Cellar/firebase-cli/14.11.0/libexec/lib/node_modules/firebase-tools/node_modules/winston-transport/node_modules/readable-stream/lib/_stream_writable.js:390:139)
[error] 
[error] Error: An unexpected error has occurred.
[debug] [2026-07-03T10:44:03.286Z] Error: write EPIPE
    at afterWriteDispatched (node:internal/stream_base_commons:159:15)
    at writeGeneric (node:internal/stream_base_commons:150:3)
    at Socket._writeGeneric (node:net:1025:11)
    at Socket._write (node:net:1037:8)
    at writeOrBuffer (node:internal/streams/writable:570:12)
    at _write (node:internal/streams/writable:499:10)
    at Writable.write (node:internal/streams/writable:508:10)
    at Console.log (/opt/homebrew/Cellar/firebase-cli/14.11.0/libexec/lib/node_modules/firebase-tools/node_modules/winston/lib/winston/transports/console.js:87:23)
    at Console._write (/opt/homebrew/Cellar/firebase-cli/14.11.0/libexec/lib/node_modules/firebase-tools/node_modules/winston-transport/modern.js:103:17)
    at doWrite (/opt/homebrew/Cellar/firebase-cli/14.11.0/libexec/lib/node_modules/firebase-tools/node_modules/winston-transport/node_modules/readable-stream/lib/_stream_writable.js:390:139)
[error] 
[error] Error: An unexpected error has occurred.
[debug] [2026-07-03T10:44:03.286Z] Error: write EPIPE
    at afterWriteDispatched (node:internal/stream_base_commons:159:15)
    at writeGeneric (node:internal/stream_base_commons:150:3)
    at Socket._writeGeneric (node:net:1025:11)
    at Socket._write (node:net:1037:8)
    at writeOrBuffer (node:internal/streams/writable:570:12)
    at _write (node:internal/streams/writable:499:10)
    at Writable.write (node:internal/streams/writable:508:10)
    at Console.log (/opt/homebrew/Cellar/firebase-cli/14.11.0/libexec/lib/node_modules/firebase-tools/node_modules/winston/lib/winston/transports/console.js:87:23)
    at Console._write (/opt/homebrew/Cellar/firebase-cli/14.11.0/libexec/lib/node_modules/firebase-tools/node_modules/winston-transport/modern.js:103:17)
    at doWrite (/opt/homebrew/Cellar/firebase-cli/14.11.0/libexec/lib/node_modules/firebase-tools/node_modules/winston-transport/node_modules/readable-stream/lib/_stream_writable.js:390:139)
[error] 
[error] Error: An unexpected error has occurred.
[debug] [2026-07-03T10:44:03.286Z] Error: write EPIPE
    at afterWriteDispatched (node:internal/stream_base_commons:159:15)
    at writeGeneric (node:internal/stream_base_commons:150:3)
    at Socket._writeGeneric (node:net:1025:11)
    at Socket._write (node:net:1037:8)
    at writeOrBuffer (node:internal/streams/writable:570:12)
    at _write (node:internal/streams/writable:499:10)
    at Writable.write (node:internal/streams/writable:508:10)
    at Console.log (/opt/homebrew/Cellar/firebase-cli/14.11.0/libexec/lib/node_modules/firebase-tools/node_modules/winston/lib/winston/transports/console.js:87:23)
    at Console._write (/opt/homebrew/Cellar/firebase-cli/14.11.0/libexec/lib/node_modules/firebase-tools/node_modules/winston-transport/modern.js:103:17)
    at doWrite (/opt/homebrew/Cellar/firebase-cli/14.11.0/libexec/lib/node_modules/firebase-tools/node_modules/winston-transport/node_modules/readable-stream/lib/_stream_writable.js:390:139)
[error] 
[error] Error: An unexpected error has occurred.
[debug] [2026-07-03T10:44:03.286Z] Error: write EPIPE
    at afterWriteDispatched (node:internal/stream_base_commons:159:15)
    at writeGeneric (node:internal/stream_base_commons:150:3)
    at Socket._writeGeneric (node:net:1025:11)
    at Socket._write (node:net:1037:8)
    at writeOrBuffer (node:internal/streams/writable:570:12)
    at _write (node:internal/streams/writable:499:10)
    at Writable.write (node:internal/streams/writable:508:10)
    at Console.log (/opt/homebrew/Cellar/firebase-cli/14.11.0/libexec/lib/node_modules/firebase-tools/node_modules/winston/lib/winston/transports/console.js:87:23)
    at Console._write (/opt/homebrew/Cellar/firebase-cli/14.11.0/libexec/lib/node_modules/firebase-tools/node_modules/winston-transport/modern.js:103:17)
    at doWrite (/opt/homebrew/Cellar/firebase-cli/14.11.0/libexec/lib/node_modules/firebase-tools/node_modules/winston-transport/node_modules/readable-stream/lib/_stream_writable.js:390:139)
[error] 
[error] Error: An unexpected error has occurred.
[debug] [2026-07-03T10:44:03.286Z] Error: write EPIPE
    at afterWriteDispatched (node:internal/stream_base_commons:159:15)
    at writeGeneric (node:internal/stream_base_commons:150:3)
    at Socket._writeGeneric (node:net:1025:11)
    at Socket._write (node:net:1037:8)
    at writeOrBuffer (node:internal/streams/writable:570:12)
    at _write (node:internal/streams/writable:499:10)
    at Writable.write (node:internal/streams/writable:508:10)
    at Console.log (/opt/homebrew/Cellar/firebase-cli/14.11.0/libexec/lib/node_modules/firebase-tools/node_modules/winston/lib/winston/transports/console.js:87:23)
    at Console._write (/opt/homebrew/Cellar/firebase-cli/14.11.0/libexec/lib/node_modules/firebase-tools/node_modules/winston-transport/modern.js:103:17)
    at doWrite (/opt/homebrew/Cellar/firebase-cli/14.11.0/libexec/lib/node_modules/firebase-tools/node_modules/winston-transport/node_modules/readable-stream/lib/_stream_writable.js:390:139)
[error] 
[error] Error: An unexpected error has occurred.
[debug] [2026-07-03T10:44:03.286Z] Error: write EPIPE
    at afterWriteDispatched (node:internal/stream_base_commons:159:15)
    at writeGeneric (node:internal/stream_base_commons:150:3)
    at Socket._writeGeneric (node:net:1025:11)
    at Socket._write (node:net:1037:8)
    at writeOrBuffer (node:internal/streams/writable:570:12)
    at _write (node:internal/streams/writable:499:10)
    at Writable.write (node:internal/streams/writable:508:10)
    at Console.log (/opt/homebrew/Cellar/firebase-cli/14.11.0/libexec/lib/node_modules/firebase-tools/node_modules/winston/lib/winston/transports/console.js:87:23)
    at Console._write (/opt/homebrew/Cellar/firebase-cli/14.11.0/libexec/lib/node_modules/firebase-tools/node_modules/winston-transport/modern.js:103:17)
    at doWrite (/opt/homebrew/Cellar/firebase-cli/14.11.0/libexec/lib/node_modules/firebase-tools/node_modules/winston-transport/node_modules/readable-stream/lib/_stream_writable.js:390:139)
[error] 
[error] Error: An unexpected error has occurred.
[debug] [2026-07-03T10:44:03.287Z] Error: write EPIPE
    at afterWriteDispatched (node:internal/stream_base_commons:159:15)
    at writeGeneric (node:internal/stream_base_commons:150:3)
    at Socket._writeGeneric (node:net:1025:11)
    at Socket._write (node:net:1037:8)
    at writeOrBuffer (node:internal/streams/writable:570:12)
    at _write (node:internal/streams/writable:499:10)
    at Writable.write (node:internal/streams/writable:508:10)
    at Console.log (/opt/homebrew/Cellar/firebase-cli/14.11.0/libexec/lib/node_modules/firebase-tools/node_modules/winston/lib/winston/transports/console.js:87:23)
    at Console._write (/opt/homebrew/Cellar/firebase-cli/14.11.0/libexec/lib/node_modules/firebase-tools/node_modules/winston-transport/modern.js:103:17)
    at doWrite (/opt/homebrew/Cellar/firebase-cli/14.11.0/libexec/lib/node_modules/firebase-tools/node_modules/winston-transport/node_modules/readable-stream/lib/_stream_writable.js:390:139)
[error] 
[error] Error: An unexpected error has occurred.
[debug] [2026-07-03T10:44:03.287Z] Error: write EPIPE
    at afterWriteDispatched (node:internal/stream_base_commons:159:15)
    at writeGeneric (node:internal/stream_base_commons:150:3)
    at Socket._writeGeneric (node:net:1025:11)
    at Socket._write (node:net:1037:8)
    at writeOrBuffer (node:internal/streams/writable:570:12)
    at _write (node:internal/streams/writable:499:10)
    at Writable.write (node:internal/streams/writable:508:10)
    at Console.log (/opt/homebrew/Cellar/firebase-cli/14.11.0/libexec/lib/node_modules/firebase-tools/node_modules/winston/lib/winston/transports/console.js:87:23)
    at Console._write (/opt/homebrew/Cellar/firebase-cli/14.11.0/libexec/lib/node_modules/firebase-tools/node_modules/winston-transport/modern.js:103:17)
    at doWrite (/opt/homebrew/Cellar/firebase-cli/14.11.0/libexec/lib/node_modules/firebase-tools/node_modules/winston-transport/node_modules/readable-stream/lib/_stream_writable.js:390:139)
[error] 
[error] Error: An unexpected error has occurred.
[debug] [2026-07-03T10:44:03.287Z] Error: write EPIPE
    at afterWriteDispatched (node:internal/stream_base_commons:159:15)
    at writeGeneric (node:internal/stream_base_commons:150:3)
    at Socket._writeGeneric (node:net:1025:11)
    at Socket._write (node:net:1037:8)
    at writeOrBuffer (node:internal/streams/writable:570:12)
    at _write (node:internal/streams/writable:499:10)
    at Writable.write (node:internal/streams/writable:508:10)
    at Console.log (/opt/homebrew/Cellar/firebase-cli/14.11.0/libexec/lib/node_modules/firebase-tools/node_modules/winston/lib/winston/transports/console.js:87:23)
    at Console._write (/opt/homebrew/Cellar/firebase-cli/14.11.0/libexec/lib/node_modules/firebase-tools/node_modules/winston-transport/modern.js:103:17)
    at doWrite (/opt/homebrew/Cellar/firebase-cli/14.11.0/libexec/lib/node_modules/firebase-tools/node_modules/winston-transport/node_modules/readable-stream/lib/_stream_writable.js:390:139)
[error] 
[error] Error: An unexpected error has occurred.
[debug] [2026-07-03T10:44:03.287Z] Error: write EPIPE
    at afterWriteDispatched (node:internal/stream_base_commons:159:15)
    at writeGeneric (node:internal/stream_base_commons:150:3)
    at Socket._writeGeneric (node:net:1025:11)
    at Socket._write (node:net:1037:8)
    at writeOrBuffer (node:internal/streams/writable:570:12)
    at _write (node:internal/streams/writable:499:10)
    at Writable.write (node:internal/streams/writable:508:10)
    at Console.log (/opt/homebrew/Cellar/firebase-cli/14.11.0/libexec/lib/node_modules/firebase-tools/node_modules/winston/lib/winston/transports/console.js:87:23)
    at Console._write (/opt/homebrew/Cellar/firebase-cli/14.11.0/libexec/lib/node_modules/firebase-tools/node_modules/winston-transport/modern.js:103:17)
    at doWrite (/opt/homebrew/Cellar/firebase-cli/14.11.0/libexec/lib/node_modules/firebase-tools/node_modules/winston-transport/node_modules/readable-stream/lib/_stream_writable.js:390:139)
[error] 
[error] Error: An unexpected error has occurred.
[debug] [2026-07-03T10:44:03.287Z] Error: write EPIPE
    at afterWriteDispatched (node:internal/stream_base_commons:159:15)
    at writeGeneric (node:internal/stream_base_commons:150:3)
    at Socket._writeGeneric (node:net:1025:11)
    at Socket._write (node:net:1037:8)
    at writeOrBuffer (node:internal/streams/writable:570:12)
    at _write (node:internal/streams/writable:499:10)
    at Writable.write (node:internal/streams/writable:508:10)
    at Console.log (/opt/homebrew/Cellar/firebase-cli/14.11.0/libexec/lib/node_modules/firebase-tools/node_modules/winston/lib/winston/transports/console.js:87:23)
    at Console._write (/opt/homebrew/Cellar/firebase-cli/14.11.0/libexec/lib/node_modules/firebase-tools/node_modules/winston-transport/modern.js:103:17)
    at doWrite (/opt/homebrew/Cellar/firebase-cli/14.11.0/libexec/lib/node_modules/firebase-tools/node_modules/winston-transport/node_modules/readable-stream/lib/_stream_writable.js:390:139)
[error] 
[error] Error: An unexpected error has occurred.
[debug] [2026-07-03T10:44:03.288Z] Error: write EPIPE
    at afterWriteDispatched (node:internal/stream_base_commons:159:15)
    at writeGeneric (node:internal/stream_base_commons:150:3)
    at Socket._writeGeneric (node:net:1025:11)
    at Socket._write (node:net:1037:8)
    at writeOrBuffer (node:internal/streams/writable:570:12)
    at _write (node:internal/streams/writable:499:10)
    at Writable.write (node:internal/streams/writable:508:10)
    at Console.log (/opt/homebrew/Cellar/firebase-cli/14.11.0/libexec/lib/node_modules/firebase-tools/node_modules/winston/lib/winston/transports/console.js:87:23)
    at Console._write (/opt/homebrew/Cellar/firebase-cli/14.11.0/libexec/lib/node_modules/firebase-tools/node_modules/winston-transport/modern.js:103:17)
    at doWrite (/opt/homebrew/Cellar/firebase-cli/14.11.0/libexec/lib/node_modules/firebase-tools/node_modules/winston-transport/node_modules/readable-stream/lib/_stream_writable.js:390:139)
[error] 
[error] Error: An unexpected error has occurred.
[debug] [2026-07-03T10:44:03.290Z] Error: write EPIPE
    at afterWriteDispatched (node:internal/stream_base_commons:159:15)
    at writeGeneric (node:internal/stream_base_commons:150:3)
    at Socket._writeGeneric (node:net:1025:11)
    at Socket._write (node:net:1037:8)
    at writeOrBuffer (node:internal/streams/writable:570:12)
    at _write (node:internal/streams/writable:499:10)
    at Writable.write (node:internal/streams/writable:508:10)
    at Console.log (/opt/homebrew/Cellar/firebase-cli/14.11.0/libexec/lib/node_modules/firebase-tools/node_modules/winston/lib/winston/transports/console.js:87:23)
    at Console._write (/opt/homebrew/Cellar/firebase-cli/14.11.0/libexec/lib/node_modules/firebase-tools/node_modules/winston-transport/modern.js:103:17)
    at doWrite (/opt/homebrew/Cellar/firebase-cli/14.11.0/libexec/lib/node_modules/firebase-tools/node_modules/winston-transport/node_modules/readable-stream/lib/_stream_writable.js:390:139)
[error] 
[error] Error: An unexpected error has occurred.
[debug] [2026-07-03T10:44:03.290Z] Error: write EPIPE
    at afterWriteDispatched (node:internal/stream_base_commons:159:15)
    at writeGeneric (node:internal/stream_base_commons:150:3)
    at Socket._writeGeneric (node:net:1025:11)
    at Socket._write (node:net:1037:8)
    at writeOrBuffer (node:internal/streams/writable:570:12)
    at _write (node:internal/streams/writable:499:10)
    at Writable.write (node:internal/streams/writable:508:10)
    at Console.log (/opt/homebrew/Cellar/firebase-cli/14.11.0/libexec/lib/node_modules/firebase-tools/node_modules/winston/lib/winston/transports/console.js:87:23)
    at Console._write (/opt/homebrew/Cellar/firebase-cli/14.11.0/libexec/lib/node_modules/firebase-tools/node_modules/winston-transport/modern.js:103:17)
    at doWrite (/opt/homebrew/Cellar/firebase-cli/14.11.0/libexec/lib/node_modules/firebase-tools/node_modules/winston-transport/node_modules/readable-stream/lib/_stream_writable.js:390:139)
[error] 
[error] Error: An unexpected error has occurred.
[debug] [2026-07-03T10:44:03.290Z] Error: write EPIPE
    at afterWriteDispatched (node:internal/stream_base_commons:159:15)
    at writeGeneric (node:internal/stream_base_commons:150:3)
    at Socket._writeGeneric (node:net:1025:11)
    at Socket._write (node:net:1037:8)
    at writeOrBuffer (node:internal/streams/writable:570:12)
    at _write (node:internal/streams/writable:499:10)
    at Writable.write (node:internal/streams/writable:508:10)
    at Console.log (/opt/homebrew/Cellar/firebase-cli/14.11.0/libexec/lib/node_modules/firebase-tools/node_modules/winston/lib/winston/transports/console.js:87:23)
    at Console._write (/opt/homebrew/Cellar/firebase-cli/14.11.0/libexec/lib/node_modules/firebase-tools/node_modules/winston-transport/modern.js:103:17)
    at doWrite (/opt/homebrew/Cellar/firebase-cli/14.11.0/libexec/lib/node_modules/firebase-tools/node_modules/winston-transport/node_modules/readable-stream/lib/_stream_writable.js:390:139)
[error] 
[error] Error: An unexpected error has occurred.
[debug] [2026-07-03T10:44:03.290Z] Error: write EPIPE
    at afterWriteDispatched (node:internal/stream_base_commons:159:15)
    at writeGeneric (node:internal/stream_base_commons:150:3)
    at Socket._writeGeneric (node:net:1025:11)
    at Socket._write (node:net:1037:8)
    at writeOrBuffer (node:internal/streams/writable:570:12)
    at _write (node:internal/streams/writable:499:10)
    at Writable.write (node:internal/streams/writable:508:10)
    at Console.log (/opt/homebrew/Cellar/firebase-cli/14.11.0/libexec/lib/node_modules/firebase-tools/node_modules/winston/lib/winston/transports/console.js:87:23)
    at Console._write (/opt/homebrew/Cellar/firebase-cli/14.11.0/libexec/lib/node_modules/firebase-tools/node_modules/winston-transport/modern.js:103:17)
    at doWrite (/opt/homebrew/Cellar/firebase-cli/14.11.0/libexec/lib/node_modules/firebase-tools/node_modules/winston-transport/node_modules/readable-stream/lib/_stream_writable.js:390:139)
[error] 
[error] Error: An unexpected error has occurred.
[debug] [2026-07-03T10:44:03.290Z] Error: write EPIPE
    at afterWriteDispatched (node:internal/stream_base_commons:159:15)
    at writeGeneric (node:internal/stream_base_commons:150:3)
    at Socket._writeGeneric (node:net:1025:11)
    at Socket._write (node:net:1037:8)
    at writeOrBuffer (node:internal/streams/writable:570:12)
    at _write (node:internal/streams/writable:499:10)
    at Writable.write (node:internal/streams/writable:508:10)
    at Console.log (/opt/homebrew/Cellar/firebase-cli/14.11.0/libexec/lib/node_modules/firebase-tools/node_modules/winston/lib/winston/transports/console.js:87:23)
    at Console._write (/opt/homebrew/Cellar/firebase-cli/14.11.0/libexec/lib/node_modules/firebase-tools/node_modules/winston-transport/modern.js:103:17)
    at doWrite (/opt/homebrew/Cellar/firebase-cli/14.11.0/libexec/lib/node_modules/firebase-tools/node_modules/winston-transport/node_modules/readable-stream/lib/_stream_writable.js:390:139)
[error] 
[error] Error: An unexpected error has occurred.
[debug] [2026-07-03T10:44:03.290Z] Error: write EPIPE
    at afterWriteDispatched (node:internal/stream_base_commons:159:15)
    at writeGeneric (node:internal/stream_base_commons:150:3)
    at Socket._writeGeneric (node:net:1025:11)
    at Socket._write (node:net:1037:8)
    at writeOrBuffer (node:internal/streams/writable:570:12)
    at _write (node:internal/streams/writable:499:10)
    at Writable.write (node:internal/streams/writable:508:10)
    at Console.log (/opt/homebrew/Cellar/firebase-cli/14.11.0/libexec/lib/node_modules/firebase-tools/node_modules/winston/lib/winston/transports/console.js:87:23)
    at Console._write (/opt/homebrew/Cellar/firebase-cli/14.11.0/libexec/lib/node_modules/firebase-tools/node_modules/winston-transport/modern.js:103:17)
    at doWrite (/opt/homebrew/Cellar/firebase-cli/14.11.0/libexec/lib/node_modules/firebase-tools/node_modules/winston-transport/node_modules/readable-stream/lib/_stream_writable.js:390:139)
[error] 
[error] Error: An unexpected error has occurred.
[debug] [2026-07-03T10:44:03.290Z] Error: write EPIPE
    at afterWriteDispatched (node:internal/stream_base_commons:159:15)
    at writeGeneric (node:internal/stream_base_commons:150:3)
    at Socket._writeGeneric (node:net:1025:11)
    at Socket._write (node:net:1037:8)
    at writeOrBuffer (node:internal/streams/writable:570:12)
    at _write (node:internal/streams/writable:499:10)
    at Writable.write (node:internal/streams/writable:508:10)
    at Console.log (/opt/homebrew/Cellar/firebase-cli/14.11.0/libexec/lib/node_modules/firebase-tools/node_modules/winston/lib/winston/transports/console.js:87:23)
    at Console._write (/opt/homebrew/Cellar/firebase-cli/14.11.0/libexec/lib/node_modules/firebase-tools/node_modules/winston-transport/modern.js:103:17)
    at doWrite (/opt/homebrew/Cellar/firebase-cli/14.11.0/libexec/lib/node_modules/firebase-tools/node_modules/winston-transport/node_modules/readable-stream/lib/_stream_writable.js:390:139)
[error] 
[error] Error: An unexpected error has occurred.
[debug] [2026-07-03T10:44:03.291Z] Error: write EPIPE
    at afterWriteDispatched (node:internal/stream_base_commons:159:15)
    at writeGeneric (node:internal/stream_base_commons:150:3)
    at Socket._writeGeneric (node:net:1025:11)
    at Socket._write (node:net:1037:8)
    at writeOrBuffer (node:internal/streams/writable:570:12)
    at _write (node:internal/streams/writable:499:10)
    at Writable.write (node:internal/streams/writable:508:10)
    at Console.log (/opt/homebrew/Cellar/firebase-cli/14.11.0/libexec/lib/node_modules/firebase-tools/node_modules/winston/lib/winston/transports/console.js:87:23)
    at Console._write (/opt/homebrew/Cellar/firebase-cli/14.11.0/libexec/lib/node_modules/firebase-tools/node_modules/winston-transport/modern.js:103:17)
    at doWrite (/opt/homebrew/Cellar/firebase-cli/14.11.0/libexec/lib/node_modules/firebase-tools/node_modules/winston-transport/node_modules/readable-stream/lib/_stream_writable.js:390:139)
[error] 
[error] Error: An unexpected error has occurred.
[debug] [2026-07-03T10:44:03.291Z] Error: write EPIPE
    at afterWriteDispatched (node:internal/stream_base_commons:159:15)
    at writeGeneric (node:internal/stream_base_commons:150:3)
    at Socket._writeGeneric (node:net:1025:11)
    at Socket._write (node:net:1037:8)
    at writeOrBuffer (node:internal/streams/writable:570:12)
    at _write (node:internal/streams/writable:499:10)
    at Writable.write (node:internal/streams/writable:508:10)
    at Console.log (/opt/homebrew/Cellar/firebase-cli/14.11.0/libexec/lib/node_modules/firebase-tools/node_modules/winston/lib/winston/transports/console.js:87:23)
    at Console._write (/opt/homebrew/Cellar/firebase-cli/14.11.0/libexec/lib/node_modules/firebase-tools/node_modules/winston-transport/modern.js:103:17)
    at doWrite (/opt/homebrew/Cellar/firebase-cli/14.11.0/libexec/lib/node_modules/firebase-tools/node_modules/winston-transport/node_modules/readable-stream/lib/_stream_writable.js:390:139)
[error] 
[error] Error: An unexpected error has occurred.
[debug] [2026-07-03T10:44:03.291Z] Error: write EPIPE
    at afterWriteDispatched (node:internal/stream_base_commons:159:15)
    at writeGeneric (node:internal/stream_base_commons:150:3)
    at Socket._writeGeneric (node:net:1025:11)
    at Socket._write (node:net:1037:8)
    at writeOrBuffer (node:internal/streams/writable:570:12)
    at _write (node:internal/streams/writable:499:10)
    at Writable.write (node:internal/streams/writable:508:10)
    at Console.log (/opt/homebrew/Cellar/firebase-cli/14.11.0/libexec/lib/node_modules/firebase-tools/node_modules/winston/lib/winston/transports/console.js:87:23)
    at Console._write (/opt/homebrew/Cellar/firebase-cli/14.11.0/libexec/lib/node_modules/firebase-tools/node_modules/winston-transport/modern.js:103:17)
    at doWrite (/opt/homebrew/Cellar/firebase-cli/14.11.0/libexec/lib/node_modules/firebase-tools/node_modules/winston-transport/node_modules/readable-stream/lib/_stream_writable.js:390:139)
[error] 
[error] Error: An unexpected error has occurred.
[debug] [2026-07-03T10:44:03.291Z] Error: write EPIPE
    at afterWriteDispatched (node:internal/stream_base_commons:159:15)
    at writeGeneric (node:internal/stream_base_commons:150:3)
    at Socket._writeGeneric (node:net:1025:11)
    at Socket._write (node:net:1037:8)
    at writeOrBuffer (node:internal/streams/writable:570:12)
    at _write (node:internal/streams/writable:499:10)
    at Writable.write (node:internal/streams/writable:508:10)
    at Console.log (/opt/homebrew/Cellar/firebase-cli/14.11.0/libexec/lib/node_modules/firebase-tools/node_modules/winston/lib/winston/transports/console.js:87:23)
    at Console._write (/opt/homebrew/Cellar/firebase-cli/14.11.0/libexec/lib/node_modules/firebase-tools/node_modules/winston-transport/modern.js:103:17)
    at doWrite (/opt/homebrew/Cellar/firebase-cli/14.11.0/libexec/lib/node_modules/firebase-tools/node_modules/winston-transport/node_modules/readable-stream/lib/_stream_writable.js:390:139)
[error] 
[error] Error: An unexpected error has occurred.
[debug] [2026-07-03T10:44:03.291Z] Error: write EPIPE
    at afterWriteDispatched (node:internal/stream_base_commons:159:15)
    at writeGeneric (node:internal/stream_base_commons:150:3)
    at Socket._writeGeneric (node:net:1025:11)
    at Socket._write (node:net:1037:8)
    at writeOrBuffer (node:internal/streams/writable:570:12)
    at _write (node:internal/streams/writable:499:10)
    at Writable.write (node:internal/streams/writable:508:10)
    at Console.log (/opt/homebrew/Cellar/firebase-cli/14.11.0/libexec/lib/node_modules/firebase-tools/node_modules/winston/lib/winston/transports/console.js:87:23)
    at Console._write (/opt/homebrew/Cellar/firebase-cli/14.11.0/libexec/lib/node_modules/firebase-tools/node_modules/winston-transport/modern.js:103:17)
    at doWrite (/opt/homebrew/Cellar/firebase-cli/14.11.0/libexec/lib/node_modules/firebase-tools/node_modules/winston-transport/node_modules/readable-stream/lib/_stream_writable.js:390:139)
[error] 
[error] Error: An unexpected error has occurred.
[debug] [2026-07-03T10:44:03.292Z] Error: write EPIPE
    at afterWriteDispatched (node:internal/stream_base_commons:159:15)
    at writeGeneric (node:internal/stream_base_commons:150:3)
    at Socket._writeGeneric (node:net:1025:11)
    at Socket._write (node:net:1037:8)
    at writeOrBuffer (node:internal/streams/writable:570:12)
    at _write (node:internal/streams/writable:499:10)
    at Writable.write (node:internal/streams/writable:508:10)
    at Console.log (/opt/homebrew/Cellar/firebase-cli/14.11.0/libexec/lib/node_modules/firebase-tools/node_modules/winston/lib/winston/transports/console.js:87:23)
    at Console._write (/opt/homebrew/Cellar/firebase-cli/14.11.0/libexec/lib/node_modules/firebase-tools/node_modules/winston-transport/modern.js:103:17)
    at doWrite (/opt/homebrew/Cellar/firebase-cli/14.11.0/libexec/lib/node_modules/firebase-tools/node_modules/winston-transport/node_modules/readable-stream/lib/_stream_writable.js:390:139)
[error] 
[error] Error: An unexpected error has occurred.
[debug] [2026-07-03T10:44:03.292Z] Error: write EPIPE
    at afterWriteDispatched (node:internal/stream_base_commons:159:15)
    at writeGeneric (node:internal/stream_base_commons:150:3)
    at Socket._writeGeneric (node:net:1025:11)
    at Socket._write (node:net:1037:8)
    at writeOrBuffer (node:internal/streams/writable:570:12)
    at _write (node:internal/streams/writable:499:10)
    at Writable.write (node:internal/streams/writable:508:10)
    at Console.log (/opt/homebrew/Cellar/firebase-cli/14.11.0/libexec/lib/node_modules/firebase-tools/node_modules/winston/lib/winston/transports/console.js:87:23)
    at Console._write (/opt/homebrew/Cellar/firebase-cli/14.11.0/libexec/lib/node_modules/firebase-tools/node_modules/winston-transport/modern.js:103:17)
    at doWrite (/opt/homebrew/Cellar/firebase-cli/14.11.0/libexec/lib/node_modules/firebase-tools/node_modules/winston-transport/node_modules/readable-stream/lib/_stream_writable.js:390:139)
[error] 
[error] Error: An unexpected error has occurred.
[debug] [2026-07-03T10:44:03.292Z] Error: write EPIPE
    at afterWriteDispatched (node:internal/stream_base_commons:159:15)
    at writeGeneric (node:internal/stream_base_commons:150:3)
    at Socket._writeGeneric (node:net:1025:11)
    at Socket._write (node:net:1037:8)
    at writeOrBuffer (node:internal/streams/writable:570:12)
    at _write (node:internal/streams/writable:499:10)
    at Writable.write (node:internal/streams/writable:508:10)
    at Console.log (/opt/homebrew/Cellar/firebase-cli/14.11.0/libexec/lib/node_modules/firebase-tools/node_modules/winston/lib/winston/transports/console.js:87:23)
    at Console._write (/opt/homebrew/Cellar/firebase-cli/14.11.0/libexec/lib/node_modules/firebase-tools/node_modules/winston-transport/modern.js:103:17)
    at doWrite (/opt/homebrew/Cellar/firebase-cli/14.11.0/libexec/lib/node_modules/firebase-tools/node_modules/winston-transport/node_modules/readable-stream/lib/_stream_writable.js:390:139)
[error] 
[error] Error: An unexpected error has occurred.
[debug] [2026-07-03T10:44:03.292Z] Error: write EPIPE
    at afterWriteDispatched (node:internal/stream_base_commons:159:15)
    at writeGeneric (node:internal/stream_base_commons:150:3)
    at Socket._writeGeneric (node:net:1025:11)
    at Socket._write (node:net:1037:8)
    at writeOrBuffer (node:internal/streams/writable:570:12)
    at _write (node:internal/streams/writable:499:10)
    at Writable.write (node:internal/streams/writable:508:10)
    at Console.log (/opt/homebrew/Cellar/firebase-cli/14.11.0/libexec/lib/node_modules/firebase-tools/node_modules/winston/lib/winston/transports/console.js:87:23)
    at Console._write (/opt/homebrew/Cellar/firebase-cli/14.11.0/libexec/lib/node_modules/firebase-tools/node_modules/winston-transport/modern.js:103:17)
    at doWrite (/opt/homebrew/Cellar/firebase-cli/14.11.0/libexec/lib/node_modules/firebase-tools/node_modules/winston-transport/node_modules/readable-stream/lib/_stream_writable.js:390:139)
[error] 
[error] Error: An unexpected error has occurred.
[debug] [2026-07-03T10:44:03.292Z] Error: write EPIPE
    at afterWriteDispatched (node:internal/stream_base_commons:159:15)
    at writeGeneric (node:internal/stream_base_commons:150:3)
    at Socket._writeGeneric (node:net:1025:11)
    at Socket._write (node:net:1037:8)
    at writeOrBuffer (node:internal/streams/writable:570:12)
    at _write (node:internal/streams/writable:499:10)
    at Writable.write (node:internal/streams/writable:508:10)
    at Console.log (/opt/homebrew/Cellar/firebase-cli/14.11.0/libexec/lib/node_modules/firebase-tools/node_modules/winston/lib/winston/transports/console.js:87:23)
    at Console._write (/opt/homebrew/Cellar/firebase-cli/14.11.0/libexec/lib/node_modules/firebase-tools/node_modules/winston-transport/modern.js:103:17)
    at doWrite (/opt/homebrew/Cellar/firebase-cli/14.11.0/libexec/lib/node_modules/firebase-tools/node_modules/winston-transport/node_modules/readable-stream/lib/_stream_writable.js:390:139)
[error] 
[error] Error: An unexpected error has occurred.
[debug] [2026-07-03T10:44:03.292Z] Error: write EPIPE
    at afterWriteDispatched (node:internal/stream_base_commons:159:15)
    at writeGeneric (node:internal/stream_base_commons:150:3)
    at Socket._writeGeneric (node:net:1025:11)
    at Socket._write (node:net:1037:8)
    at writeOrBuffer (node:internal/streams/writable:570:12)
    at _write (node:internal/streams/writable:499:10)
    at Writable.write (node:internal/streams/writable:508:10)
    at Console.log (/opt/homebrew/Cellar/firebase-cli/14.11.0/libexec/lib/node_modules/firebase-tools/node_modules/winston/lib/winston/transports/console.js:87:23)
    at Console._write (/opt/homebrew/Cellar/firebase-cli/14.11.0/libexec/lib/node_modules/firebase-tools/node_modules/winston-transport/modern.js:103:17)
    at doWrite (/opt/homebrew/Cellar/firebase-cli/14.11.0/libexec/lib/node_modules/firebase-tools/node_modules/winston-transport/node_modules/readable-stream/lib/_stream_writable.js:390:139)
[error] 
[error] Error: An unexpected error has occurred.
[debug] [2026-07-03T10:44:03.292Z] Error: write EPIPE
    at afterWriteDispatched (node:internal/stream_base_commons:159:15)
    at writeGeneric (node:internal/stream_base_commons:150:3)
    at Socket._writeGeneric (node:net:1025:11)
    at Socket._write (node:net:1037:8)
    at writeOrBuffer (node:internal/streams/writable:570:12)
    at _write (node:internal/streams/writable:499:10)
    at Writable.write (node:internal/streams/writable:508:10)
    at Console.log (/opt/homebrew/Cellar/firebase-cli/14.11.0/libexec/lib/node_modules/firebase-tools/node_modules/winston/lib/winston/transports/console.js:87:23)
    at Console._write (/opt/homebrew/Cellar/firebase-cli/14.11.0/libexec/lib/node_modules/firebase-tools/node_modules/winston-transport/modern.js:103:17)
    at doWrite (/opt/homebrew/Cellar/firebase-cli/14.11.0/libexec/lib/node_modules/firebase-tools/node_modules/winston-transport/node_modules/readable-stream/lib/_stream_writable.js:390:139)
[error] 
[error] Error: An unexpected error has occurred.
[debug] [2026-07-03T10:44:03.292Z] Error: write EPIPE
    at afterWriteDispatched (node:internal/stream_base_commons:159:15)
    at writeGeneric (node:internal/stream_base_commons:150:3)
    at Socket._writeGeneric (node:net:1025:11)
    at Socket._write (node:net:1037:8)
    at writeOrBuffer (node:internal/streams/writable:570:12)
    at _write (node:internal/streams/writable:499:10)
    at Writable.write (node:internal/streams/writable:508:10)
    at Console.log (/opt/homebrew/Cellar/firebase-cli/14.11.0/libexec/lib/node_modules/firebase-tools/node_modules/winston/lib/winston/transports/console.js:87:23)
    at Console._write (/opt/homebrew/Cellar/firebase-cli/14.11.0/libexec/lib/node_modules/firebase-tools/node_modules/winston-transport/modern.js:103:17)
    at doWrite (/opt/homebrew/Cellar/firebase-cli/14.11.0/libexec/lib/node_modules/firebase-tools/node_modules/winston-transport/node_modules/readable-stream/lib/_stream_writable.js:390:139)
[error] 
[error] Error: An unexpected error has occurred.
[debug] [2026-07-03T10:44:03.292Z] Error: write EPIPE
    at afterWriteDispatched (node:internal/stream_base_commons:159:15)
    at writeGeneric (node:internal/stream_base_commons:150:3)
    at Socket._writeGeneric (node:net:1025:11)
    at Socket._write (node:net:1037:8)
    at writeOrBuffer (node:internal/streams/writable:570:12)
    at _write (node:internal/streams/writable:499:10)
    at Writable.write (node:internal/streams/writable:508:10)
    at Console.log (/opt/homebrew/Cellar/firebase-cli/14.11.0/libexec/lib/node_modules/firebase-tools/node_modules/winston/lib/winston/transports/console.js:87:23)
    at Console._write (/opt/homebrew/Cellar/firebase-cli/14.11.0/libexec/lib/node_modules/firebase-tools/node_modules/winston-transport/modern.js:103:17)
    at doWrite (/opt/homebrew/Cellar/firebase-cli/14.11.0/libexec/lib/node_modules/firebase-tools/node_modules/winston-transport/node_modules/readable-stream/lib/_stream_writable.js:390:139)
[error] 
[error] Error: An unexpected error has occurred.
[debug] [2026-07-03T10:44:03.293Z] Error: write EPIPE
    at afterWriteDispatched (node:internal/stream_base_commons:159:15)
    at writeGeneric (node:internal/stream_base_commons:150:3)
    at Socket._writeGeneric (node:net:1025:11)
    at Socket._write (node:net:1037:8)
    at writeOrBuffer (node:internal/streams/writable:570:12)
    at _write (node:internal/streams/writable:499:10)
    at Writable.write (node:internal/streams/writable:508:10)
    at Console.log (/opt/homebrew/Cellar/firebase-cli/14.11.0/libexec/lib/node_modules/firebase-tools/node_modules/winston/lib/winston/transports/console.js:87:23)
    at Console._write (/opt/homebrew/Cellar/firebase-cli/14.11.0/libexec/lib/node_modules/firebase-tools/node_modules/winston-transport/modern.js:103:17)
    at doWrite (/opt/homebrew/Cellar/firebase-cli/14.11.0/libexec/lib/node_modules/firebase-tools/node_modules/winston-transport/node_modules/readable-stream/lib/_stream_writable.js:390:139)
[error] 
[error] Error: An unexpected error has occurred.
[debug] [2026-07-03T10:44:03.293Z] Error: write EPIPE
    at afterWriteDispatched (node:internal/stream_base_commons:159:15)
    at writeGeneric (node:internal/stream_base_commons:150:3)
    at Socket._writeGeneric (node:net:1025:11)
    at Socket._write (node:net:1037:8)
    at writeOrBuffer (node:internal/streams/writable:570:12)
    at _write (node:internal/streams/writable:499:10)
    at Writable.write (node:internal/streams/writable:508:10)
    at Console.log (/opt/homebrew/Cellar/firebase-cli/14.11.0/libexec/lib/node_modules/firebase-tools/node_modules/winston/lib/winston/transports/console.js:87:23)
    at Console._write (/opt/homebrew/Cellar/firebase-cli/14.11.0/libexec/lib/node_modules/firebase-tools/node_modules/winston-transport/modern.js:103:17)
    at doWrite (/opt/homebrew/Cellar/firebase-cli/14.11.0/libexec/lib/node_modules/firebase-tools/node_modules/winston-transport/node_modules/readable-stream/lib/_stream_writable.js:390:139)
[error] 
[error] Error: An unexpected error has occurred.
[debug] [2026-07-03T10:44:03.293Z] Error: write EPIPE
    at afterWriteDispatched (node:internal/stream_base_commons:159:15)
    at writeGeneric (node:internal/stream_base_commons:150:3)
    at Socket._writeGeneric (node:net:1025:11)
    at Socket._write (node:net:1037:8)
    at writeOrBuffer (node:internal/streams/writable:570:12)
    at _write (node:internal/streams/writable:499:10)
    at Writable.write (node:internal/streams/writable:508:10)
    at Console.log (/opt/homebrew/Cellar/firebase-cli/14.11.0/libexec/lib/node_modules/firebase-tools/node_modules/winston/lib/winston/transports/console.js:87:23)
    at Console._write (/opt/homebrew/Cellar/firebase-cli/14.11.0/libexec/lib/node_modules/firebase-tools/node_modules/winston-transport/modern.js:103:17)
    at doWrite (/opt/homebrew/Cellar/firebase-cli/14.11.0/libexec/lib/node_modules/firebase-tools/node_modules/winston-transport/node_modules/readable-stream/lib/_stream_writable.js:390:139)
[error] 
[error] Error: An unexpected error has occurred.
[debug] [2026-07-03T10:44:03.293Z] Error: write EPIPE
    at afterWriteDispatched (node:internal/stream_base_commons:159:15)
    at writeGeneric (node:internal/stream_base_commons:150:3)
    at Socket._writeGeneric (node:net:1025:11)
    at Socket._write (node:net:1037:8)
    at writeOrBuffer (node:internal/streams/writable:570:12)
    at _write (node:internal/streams/writable:499:10)
    at Writable.write (node:internal/streams/writable:508:10)
    at Console.log (/opt/homebrew/Cellar/firebase-cli/14.11.0/libexec/lib/node_modules/firebase-tools/node_modules/winston/lib/winston/transports/console.js:87:23)
    at Console._write (/opt/homebrew/Cellar/firebase-cli/14.11.0/libexec/lib/node_modules/firebase-tools/node_modules/winston-transport/modern.js:103:17)
    at doWrite (/opt/homebrew/Cellar/firebase-cli/14.11.0/libexec/lib/node_modules/firebase-tools/node_modules/winston-transport/node_modules/readable-stream/lib/_stream_writable.js:390:139)
[error] 
[error] Error: An unexpected error has occurred.
[debug] [2026-07-03T10:44:03.293Z] Error: write EPIPE
    at afterWriteDispatched (node:internal/stream_base_commons:159:15)
    at writeGeneric (node:internal/stream_base_commons:150:3)
    at Socket._writeGeneric (node:net:1025:11)
    at Socket._write (node:net:1037:8)
    at writeOrBuffer (node:internal/streams/writable:570:12)
    at _write (node:internal/streams/writable:499:10)
    at Writable.write (node:internal/streams/writable:508:10)
    at Console.log (/opt/homebrew/Cellar/firebase-cli/14.11.0/libexec/lib/node_modules/firebase-tools/node_modules/winston/lib/winston/transports/console.js:87:23)
    at Console._write (/opt/homebrew/Cellar/firebase-cli/14.11.0/libexec/lib/node_modules/firebase-tools/node_modules/winston-transport/modern.js:103:17)
    at doWrite (/opt/homebrew/Cellar/firebase-cli/14.11.0/libexec/lib/node_modules/firebase-tools/node_modules/winston-transport/node_modules/readable-stream/lib/_stream_writable.js:390:139)
[error] 
[error] Error: An unexpected error has occurred.
[debug] [2026-07-03T10:44:03.293Z] Error: write EPIPE
    at afterWriteDispatched (node:internal/stream_base_commons:159:15)
    at writeGeneric (node:internal/stream_base_commons:150:3)
    at Socket._writeGeneric (node:net:1025:11)
    at Socket._write (node:net:1037:8)
    at writeOrBuffer (node:internal/streams/writable:570:12)
    at _write (node:internal/streams/writable:499:10)
    at Writable.write (node:internal/streams/writable:508:10)
    at Console.log (/opt/homebrew/Cellar/firebase-cli/14.11.0/libexec/lib/node_modules/firebase-tools/node_modules/winston/lib/winston/transports/console.js:87:23)
    at Console._write (/opt/homebrew/Cellar/firebase-cli/14.11.0/libexec/lib/node_modules/firebase-tools/node_modules/winston-transport/modern.js:103:17)
    at doWrite (/opt/homebrew/Cellar/firebase-cli/14.11.0/libexec/lib/node_modules/firebase-tools/node_modules/winston-transport/node_modules/readable-stream/lib/_stream_writable.js:390:139)
[error] 
[error] Error: An unexpected error has occurred.
[debug] [2026-07-03T10:44:03.293Z] Error: write EPIPE
    at afterWriteDispatched (node:internal/stream_base_commons:159:15)
    at writeGeneric (node:internal/stream_base_commons:150:3)
    at Socket._writeGeneric (node:net:1025:11)
    at Socket._write (node:net:1037:8)
    at writeOrBuffer (node:internal/streams/writable:570:12)
    at _write (node:internal/streams/writable:499:10)
    at Writable.write (node:internal/streams/writable:508:10)
    at Console.log (/opt/homebrew/Cellar/firebase-cli/14.11.0/libexec/lib/node_modules/firebase-tools/node_modules/winston/lib/winston/transports/console.js:87:23)
    at Console._write (/opt/homebrew/Cellar/firebase-cli/14.11.0/libexec/lib/node_modules/firebase-tools/node_modules/winston-transport/modern.js:103:17)
    at doWrite (/opt/homebrew/Cellar/firebase-cli/14.11.0/libexec/lib/node_modules/firebase-tools/node_modules/winston-transport/node_modules/readable-stream/lib/_stream_writable.js:390:139)
[error] 
[error] Error: An unexpected error has occurred.
[debug] [2026-07-03T10:44:03.294Z] Error: write EPIPE
    at afterWriteDispatched (node:internal/stream_base_commons:159:15)
    at writeGeneric (node:internal/stream_base_commons:150:3)
    at Socket._writeGeneric (node:net:1025:11)
    at Socket._write (node:net:1037:8)
    at writeOrBuffer (node:internal/streams/writable:570:12)
    at _write (node:internal/streams/writable:499:10)
    at Writable.write (node:internal/streams/writable:508:10)
    at Console.log (/opt/homebrew/Cellar/firebase-cli/14.11.0/libexec/lib/node_modules/firebase-tools/node_modules/winston/lib/winston/transports/console.js:87:23)
    at Console._write (/opt/homebrew/Cellar/firebase-cli/14.11.0/libexec/lib/node_modules/firebase-tools/node_modules/winston-transport/modern.js:103:17)
    at doWrite (/opt/homebrew/Cellar/firebase-cli/14.11.0/libexec/lib/node_modules/firebase-tools/node_modules/winston-transport/node_modules/readable-stream/lib/_stream_writable.js:390:139)
[error] 
[error] Error: An unexpected error has occurred.
[debug] [2026-07-03T10:44:03.294Z] Error: write EPIPE
    at afterWriteDispatched (node:internal/stream_base_commons:159:15)
    at writeGeneric (node:internal/stream_base_commons:150:3)
    at Socket._writeGeneric (node:net:1025:11)
    at Socket._write (node:net:1037:8)
    at writeOrBuffer (node:internal/streams/writable:570:12)
    at _write (node:internal/streams/writable:499:10)
    at Writable.write (node:internal/streams/writable:508:10)
    at Console.log (/opt/homebrew/Cellar/firebase-cli/14.11.0/libexec/lib/node_modules/firebase-tools/node_modules/winston/lib/winston/transports/console.js:87:23)
    at Console._write (/opt/homebrew/Cellar/firebase-cli/14.11.0/libexec/lib/node_modules/firebase-tools/node_modules/winston-transport/modern.js:103:17)
    at doWrite (/opt/homebrew/Cellar/firebase-cli/14.11.0/libexec/lib/node_modules/firebase-tools/node_modules/winston-transport/node_modules/readable-stream/lib/_stream_writable.js:390:139)
[error] 
[error] Error: An unexpected error has occurred.
[debug] [2026-07-03T10:44:03.294Z] Error: write EPIPE
    at afterWriteDispatched (node:internal/stream_base_commons:159:15)
    at writeGeneric (node:internal/stream_base_commons:150:3)
    at Socket._writeGeneric (node:net:1025:11)
    at Socket._write (node:net:1037:8)
    at writeOrBuffer (node:internal/streams/writable:570:12)
    at _write (node:internal/streams/writable:499:10)
    at Writable.write (node:internal/streams/writable:508:10)
    at Console.log (/opt/homebrew/Cellar/firebase-cli/14.11.0/libexec/lib/node_modules/firebase-tools/node_modules/winston/lib/winston/transports/console.js:87:23)
    at Console._write (/opt/homebrew/Cellar/firebase-cli/14.11.0/libexec/lib/node_modules/firebase-tools/node_modules/winston-transport/modern.js:103:17)
    at doWrite (/opt/homebrew/Cellar/firebase-cli/14.11.0/libexec/lib/node_modules/firebase-tools/node_modules/winston-transport/node_modules/readable-stream/lib/_stream_writable.js:390:139)
[error] 
[error] Error: An unexpected error has occurred.
[debug] [2026-07-03T10:44:03.294Z] Error: write EPIPE
    at afterWriteDispatched (node:internal/stream_base_commons:159:15)
    at writeGeneric (node:internal/stream_base_commons:150:3)
    at Socket._writeGeneric (node:net:1025:11)
    at Socket._write (node:net:1037:8)
    at writeOrBuffer (node:internal/streams/writable:570:12)
    at _write (node:internal/streams/writable:499:10)
    at Writable.write (node:internal/streams/writable:508:10)
    at Console.log (/opt/homebrew/Cellar/firebase-cli/14.11.0/libexec/lib/node_modules/firebase-tools/node_modules/winston/lib/winston/transports/console.js:87:23)
    at Console._write (/opt/homebrew/Cellar/firebase-cli/14.11.0/libexec/lib/node_modules/firebase-tools/node_modules/winston-transport/modern.js:103:17)
    at doWrite (/opt/homebrew/Cellar/firebase-cli/14.11.0/libexec/lib/node_modules/firebase-tools/node_modules/winston-transport/node_modules/readable-stream/lib/_stream_writable.js:390:139)
[error] 
[error] Error: An unexpected error has occurred.
[debug] [2026-07-03T10:44:03.294Z] Error: write EPIPE
    at afterWriteDispatched (node:internal/stream_base_commons:159:15)
    at writeGeneric (node:internal/stream_base_commons:150:3)
    at Socket._writeGeneric (node:net:1025:11)
    at Socket._write (node:net:1037:8)
    at writeOrBuffer (node:internal/streams/writable:570:12)
    at _write (node:internal/streams/writable:499:10)
    at Writable.write (node:internal/streams/writable:508:10)
    at Console.log (/opt/homebrew/Cellar/firebase-cli/14.11.0/libexec/lib/node_modules/firebase-tools/node_modules/winston/lib/winston/transports/console.js:87:23)
    at Console._write (/opt/homebrew/Cellar/firebase-cli/14.11.0/libexec/lib/node_modules/firebase-tools/node_modules/winston-transport/modern.js:103:17)
    at doWrite (/opt/homebrew/Cellar/firebase-cli/14.11.0/libexec/lib/node_modules/firebase-tools/node_modules/winston-transport/node_modules/readable-stream/lib/_stream_writable.js:390:139)
[error] 
[error] Error: An unexpected error has occurred.
[debug] [2026-07-03T10:44:03.294Z] Error: write EPIPE
    at afterWriteDispatched (node:internal/stream_base_commons:159:15)
    at writeGeneric (node:internal/stream_base_commons:150:3)
    at Socket._writeGeneric (node:net:1025:11)
    at Socket._write (node:net:1037:8)
    at writeOrBuffer (node:internal/streams/writable:570:12)
    at _write (node:internal/streams/writable:499:10)
    at Writable.write (node:internal/streams/writable:508:10)
    at Console.log (/opt/homebrew/Cellar/firebase-cli/14.11.0/libexec/lib/node_modules/firebase-tools/node_modules/winston/lib/winston/transports/console.js:87:23)
    at Console._write (/opt/homebrew/Cellar/firebase-cli/14.11.0/libexec/lib/node_modules/firebase-tools/node_modules/winston-transport/modern.js:103:17)
    at doWrite (/opt/homebrew/Cellar/firebase-cli/14.11.0/libexec/lib/node_modules/firebase-tools/node_modules/winston-transport/node_modules/readable-stream/lib/_stream_writable.js:390:139)
[error] 
[error] Error: An unexpected error has occurred.
[debug] [2026-07-03T10:44:03.294Z] Error: write EPIPE
    at afterWriteDispatched (node:internal/stream_base_commons:159:15)
    at writeGeneric (node:internal/stream_base_commons:150:3)
    at Socket._writeGeneric (node:net:1025:11)
    at Socket._write (node:net:1037:8)
    at writeOrBuffer (node:internal/streams/writable:570:12)
    at _write (node:internal/streams/writable:499:10)
    at Writable.write (node:internal/streams/writable:508:10)
    at Console.log (/opt/homebrew/Cellar/firebase-cli/14.11.0/libexec/lib/node_modules/firebase-tools/node_modules/winston/lib/winston/transports/console.js:87:23)
    at Console._write (/opt/homebrew/Cellar/firebase-cli/14.11.0/libexec/lib/node_modules/firebase-tools/node_modules/winston-transport/modern.js:103:17)
    at doWrite (/opt/homebrew/Cellar/firebase-cli/14.11.0/libexec/lib/node_modules/firebase-tools/node_modules/winston-transport/node_modules/readable-stream/lib/_stream_writable.js:390:139)
[error] 
[error] Error: An unexpected error has occurred.
[debug] [2026-07-03T10:44:03.294Z] Error: write EPIPE
    at afterWriteDispatched (node:internal/stream_base_commons:159:15)
    at writeGeneric (node:internal/stream_base_commons:150:3)
    at Socket._writeGeneric (node:net:1025:11)
    at Socket._write (node:net:1037:8)
    at writeOrBuffer (node:internal/streams/writable:570:12)
    at _write (node:internal/streams/writable:499:10)
    at Writable.write (node:internal/streams/writable:508:10)
    at Console.log (/opt/homebrew/Cellar/firebase-cli/14.11.0/libexec/lib/node_modules/firebase-tools/node_modules/winston/lib/winston/transports/console.js:87:23)
    at Console._write (/opt/homebrew/Cellar/firebase-cli/14.11.0/libexec/lib/node_modules/firebase-tools/node_modules/winston-transport/modern.js:103:17)
    at doWrite (/opt/homebrew/Cellar/firebase-cli/14.11.0/libexec/lib/node_modules/firebase-tools/node_modules/winston-transport/node_modules/readable-stream/lib/_stream_writable.js:390:139)
[error] 
[error] Error: An unexpected error has occurred.
[debug] [2026-07-03T10:44:03.294Z] Error: write EPIPE
    at afterWriteDispatched (node:internal/stream_base_commons:159:15)
    at writeGeneric (node:internal/stream_base_commons:150:3)
    at Socket._writeGeneric (node:net:1025:11)
    at Socket._write (node:net:1037:8)
    at writeOrBuffer (node:internal/streams/writable:570:12)
    at _write (node:internal/streams/writable:499:10)
    at Writable.write (node:internal/streams/writable:508:10)
    at Console.log (/opt/homebrew/Cellar/firebase-cli/14.11.0/libexec/lib/node_modules/firebase-tools/node_modules/winston/lib/winston/transports/console.js:87:23)
    at Console._write (/opt/homebrew/Cellar/firebase-cli/14.11.0/libexec/lib/node_modules/firebase-tools/node_modules/winston-transport/modern.js:103:17)
    at doWrite (/opt/homebrew/Cellar/firebase-cli/14.11.0/libexec/lib/node_modules/firebase-tools/node_modules/winston-transport/node_modules/readable-stream/lib/_stream_writable.js:390:139)
[error] 
[error] Error: An unexpected error has occurred.
[debug] [2026-07-03T10:44:03.294Z] Error: write EPIPE
    at afterWriteDispatched (node:internal/stream_base_commons:159:15)
    at writeGeneric (node:internal/stream_base_commons:150:3)
    at Socket._writeGeneric (node:net:1025:11)
    at Socket._write (node:net:1037:8)
    at writeOrBuffer (node:internal/streams/writable:570:12)
    at _write (node:internal/streams/writable:499:10)
    at Writable.write (node:internal/streams/writable:508:10)
    at Console.log (/opt/homebrew/Cellar/firebase-cli/14.11.0/libexec/lib/node_modules/firebase-tools/node_modules/winston/lib/winston/transports/console.js:87:23)
    at Console._write (/opt/homebrew/Cellar/firebase-cli/14.11.0/libexec/lib/node_modules/firebase-tools/node_modules/winston-transport/modern.js:103:17)
    at doWrite (/opt/homebrew/Cellar/firebase-cli/14.11.0/libexec/lib/node_modules/firebase-tools/node_modules/winston-transport/node_modules/readable-stream/lib/_stream_writable.js:390:139)
[error] 
[error] Error: An unexpected error has occurred.
[debug] [2026-07-03T10:44:03.294Z] Error: write EPIPE
    at afterWriteDispatched (node:internal/stream_base_commons:159:15)
    at writeGeneric (node:internal/stream_base_commons:150:3)
    at Socket._writeGeneric (node:net:1025:11)
    at Socket._write (node:net:1037:8)
    at writeOrBuffer (node:internal/streams/writable:570:12)
    at _write (node:internal/streams/writable:499:10)
    at Writable.write (node:internal/streams/writable:508:10)
    at Console.log (/opt/homebrew/Cellar/firebase-cli/14.11.0/libexec/lib/node_modules/firebase-tools/node_modules/winston/lib/winston/transports/console.js:87:23)
    at Console._write (/opt/homebrew/Cellar/firebase-cli/14.11.0/libexec/lib/node_modules/firebase-tools/node_modules/winston-transport/modern.js:103:17)
    at doWrite (/opt/homebrew/Cellar/firebase-cli/14.11.0/libexec/lib/node_modules/firebase-tools/node_modules/winston-transport/node_modules/readable-stream/lib/_stream_writable.js:390:139)
[error] 
[error] Error: An unexpected error has occurred.
[debug] [2026-07-03T10:44:03.294Z] Error: write EPIPE
    at afterWriteDispatched (node:internal/stream_base_commons:159:15)
    at writeGeneric (node:internal/stream_base_commons:150:3)
    at Socket._writeGeneric (node:net:1025:11)
    at Socket._write (node:net:1037:8)
    at writeOrBuffer (node:internal/streams/writable:570:12)
    at _write (node:internal/streams/writable:499:10)
    at Writable.write (node:internal/streams/writable:508:10)
    at Console.log (/opt/homebrew/Cellar/firebase-cli/14.11.0/libexec/lib/node_modules/firebase-tools/node_modules/winston/lib/winston/transports/console.js:87:23)
    at Console._write (/opt/homebrew/Cellar/firebase-cli/14.11.0/libexec/lib/node_modules/firebase-tools/node_modules/winston-transport/modern.js:103:17)
    at doWrite (/opt/homebrew/Cellar/firebase-cli/14.11.0/libexec/lib/node_modules/firebase-tools/node_modules/winston-transport/node_modules/readable-stream/lib/_stream_writable.js:390:139)
[error] 
[error] Error: An unexpected error has occurred.
[debug] [2026-07-03T10:44:03.294Z] Error: write EPIPE
    at afterWriteDispatched (node:internal/stream_base_commons:159:15)
    at writeGeneric (node:internal/stream_base_commons:150:3)
    at Socket._writeGeneric (node:net:1025:11)
    at Socket._write (node:net:1037:8)
    at writeOrBuffer (node:internal/streams/writable:570:12)
    at _write (node:internal/streams/writable:499:10)
    at Writable.write (node:internal/streams/writable:508:10)
    at Console.log (/opt/homebrew/Cellar/firebase-cli/14.11.0/libexec/lib/node_modules/firebase-tools/node_modules/winston/lib/winston/transports/console.js:87:23)
    at Console._write (/opt/homebrew/Cellar/firebase-cli/14.11.0/libexec/lib/node_modules/firebase-tools/node_modules/winston-transport/modern.js:103:17)
    at doWrite (/opt/homebrew/Cellar/firebase-cli/14.11.0/libexec/lib/node_modules/firebase-tools/node_modules/winston-transport/node_modules/readable-stream/lib/_stream_writable.js:390:139)
[error] 
[error] Error: An unexpected error has occurred.
[debug] [2026-07-03T10:44:03.295Z] Error: write EPIPE
    at afterWriteDispatched (node:internal/stream_base_commons:159:15)
    at writeGeneric (node:internal/stream_base_commons:150:3)
    at Socket._writeGeneric (node:net:1025:11)
    at Socket._write (node:net:1037:8)
    at writeOrBuffer (node:internal/streams/writable:570:12)
    at _write (node:internal/streams/writable:499:10)
    at Writable.write (node:internal/streams/writable:508:10)
    at Console.log (/opt/homebrew/Cellar/firebase-cli/14.11.0/libexec/lib/node_modules/firebase-tools/node_modules/winston/lib/winston/transports/console.js:87:23)
    at Console._write (/opt/homebrew/Cellar/firebase-cli/14.11.0/libexec/lib/node_modules/firebase-tools/node_modules/winston-transport/modern.js:103:17)
    at doWrite (/opt/homebrew/Cellar/firebase-cli/14.11.0/libexec/lib/node_modules/firebase-tools/node_modules/winston-transport/node_modules/readable-stream/lib/_stream_writable.js:390:139)
[error] 
[error] Error: An unexpected error has occurred.
[debug] [2026-07-03T10:44:03.295Z] Error: write EPIPE
    at afterWriteDispatched (node:internal/stream_base_commons:159:15)
    at writeGeneric (node:internal/stream_base_commons:150:3)
    at Socket._writeGeneric (node:net:1025:11)
    at Socket._write (node:net:1037:8)
    at writeOrBuffer (node:internal/streams/writable:570:12)
    at _write (node:internal/streams/writable:499:10)
    at Writable.write (node:internal/streams/writable:508:10)
    at Console.log (/opt/homebrew/Cellar/firebase-cli/14.11.0/libexec/lib/node_modules/firebase-tools/node_modules/winston/lib/winston/transports/console.js:87:23)
    at Console._write (/opt/homebrew/Cellar/firebase-cli/14.11.0/libexec/lib/node_modules/firebase-tools/node_modules/winston-transport/modern.js:103:17)
    at doWrite (/opt/homebrew/Cellar/firebase-cli/14.11.0/libexec/lib/node_modules/firebase-tools/node_modules/winston-transport/node_modules/readable-stream/lib/_stream_writable.js:390:139)
[error] 
[error] Error: An unexpected error has occurred.
[debug] [2026-07-03T10:44:03.295Z] Error: write EPIPE
    at afterWriteDispatched (node:internal/stream_base_commons:159:15)
    at writeGeneric (node:internal/stream_base_commons:150:3)
    at Socket._writeGeneric (node:net:1025:11)
    at Socket._write (node:net:1037:8)
    at writeOrBuffer (node:internal/streams/writable:570:12)
    at _write (node:internal/streams/writable:499:10)
    at Writable.write (node:internal/streams/writable:508:10)
    at Console.log (/opt/homebrew/Cellar/firebase-cli/14.11.0/libexec/lib/node_modules/firebase-tools/node_modules/winston/lib/winston/transports/console.js:87:23)
    at Console._write (/opt/homebrew/Cellar/firebase-cli/14.11.0/libexec/lib/node_modules/firebase-tools/node_modules/winston-transport/modern.js:103:17)
    at doWrite (/opt/homebrew/Cellar/firebase-cli/14.11.0/libexec/lib/node_modules/firebase-tools/node_modules/winston-transport/node_modules/readable-stream/lib/_stream_writable.js:390:139)
[error] 
[error] Error: An unexpected error has occurred.
[debug] [2026-07-03T10:44:03.295Z] Error: write EPIPE
    at afterWriteDispatched (node:internal/stream_base_commons:159:15)
    at writeGeneric (node:internal/stream_base_commons:150:3)
    at Socket._writeGeneric (node:net:1025:11)
    at Socket._write (node:net:1037:8)
    at writeOrBuffer (node:internal/streams/writable:570:12)
    at _write (node:internal/streams/writable:499:10)
    at Writable.write (node:internal/streams/writable:508:10)
    at Console.log (/opt/homebrew/Cellar/firebase-cli/14.11.0/libexec/lib/node_modules/firebase-tools/node_modules/winston/lib/winston/transports/console.js:87:23)
    at Console._write (/opt/homebrew/Cellar/firebase-cli/14.11.0/libexec/lib/node_modules/firebase-tools/node_modules/winston-transport/modern.js:103:17)
    at doWrite (/opt/homebrew/Cellar/firebase-cli/14.11.0/libexec/lib/node_modules/firebase-tools/node_modules/winston-transport/node_modules/readable-stream/lib/_stream_writable.js:390:139)
[error] 
[error] Error: An unexpected error has occurred.
[debug] [2026-07-03T10:44:03.295Z] Error: write EPIPE
    at afterWriteDispatched (node:internal/stream_base_commons:159:15)
    at writeGeneric (node:internal/stream_base_commons:150:3)
    at Socket._writeGeneric (node:net:1025:11)
    at Socket._write (node:net:1037:8)
    at writeOrBuffer (node:internal/streams/writable:570:12)
    at _write (node:internal/streams/writable:499:10)
    at Writable.write (node:internal/streams/writable:508:10)
    at Console.log (/opt/homebrew/Cellar/firebase-cli/14.11.0/libexec/lib/node_modules/firebase-tools/node_modules/winston/lib/winston/transports/console.js:87:23)
    at Console._write (/opt/homebrew/Cellar/firebase-cli/14.11.0/libexec/lib/node_modules/firebase-tools/node_modules/winston-transport/modern.js:103:17)
    at doWrite (/opt/homebrew/Cellar/firebase-cli/14.11.0/libexec/lib/node_modules/firebase-tools/node_modules/winston-transport/node_modules/readable-stream/lib/_stream_writable.js:390:139)
[error] 
[error] Error: An unexpected error has occurred.
[debug] [2026-07-03T10:44:03.295Z] Error: write EPIPE
    at afterWriteDispatched (node:internal/stream_base_commons:159:15)
    at writeGeneric (node:internal/stream_base_commons:150:3)
    at Socket._writeGeneric (node:net:1025:11)
    at Socket._write (node:net:1037:8)
    at writeOrBuffer (node:internal/streams/writable:570:12)
    at _write (node:internal/streams/writable:499:10)
    at Writable.write (node:internal/streams/writable:508:10)
    at Console.log (/opt/homebrew/Cellar/firebase-cli/14.11.0/libexec/lib/node_modules/firebase-tools/node_modules/winston/lib/winston/transports/console.js:87:23)
    at Console._write (/opt/homebrew/Cellar/firebase-cli/14.11.0/libexec/lib/node_modules/firebase-tools/node_modules/winston-transport/modern.js:103:17)
    at doWrite (/opt/homebrew/Cellar/firebase-cli/14.11.0/libexec/lib/node_modules/firebase-tools/node_modules/winston-transport/node_modules/readable-stream/lib/_stream_writable.js:390:139)
[error] 
[error] Error: An unexpected error has occurred.
[debug] [2026-07-03T10:44:03.295Z] Error: write EPIPE
    at afterWriteDispatched (node:internal/stream_base_commons:159:15)
    at writeGeneric (node:internal/stream_base_commons:150:3)
    at Socket._writeGeneric (node:net:1025:11)
    at Socket._write (node:net:1037:8)
    at writeOrBuffer (node:internal/streams/writable:570:12)
    at _write (node:internal/streams/writable:499:10)
    at Writable.write (node:internal/streams/writable:508:10)
    at Console.log (/opt/homebrew/Cellar/firebase-cli/14.11.0/libexec/lib/node_modules/firebase-tools/node_modules/winston/lib/winston/transports/console.js:87:23)
    at Console._write (/opt/homebrew/Cellar/firebase-cli/14.11.0/libexec/lib/node_modules/firebase-tools/node_modules/winston-transport/modern.js:103:17)
    at doWrite (/opt/homebrew/Cellar/firebase-cli/14.11.0/libexec/lib/node_modules/firebase-tools/node_modules/winston-transport/node_modules/readable-stream/lib/_stream_writable.js:390:139)
[error] 
[error] Error: An unexpected error has occurred.
[debug] [2026-07-03T10:44:03.296Z] Error: write EPIPE
    at afterWriteDispatched (node:internal/stream_base_commons:159:15)
    at writeGeneric (node:internal/stream_base_commons:150:3)
    at Socket._writeGeneric (node:net:1025:11)
    at Socket._write (node:net:1037:8)
    at writeOrBuffer (node:internal/streams/writable:570:12)
    at _write (node:internal/streams/writable:499:10)
    at Writable.write (node:internal/streams/writable:508:10)
    at Console.log (/opt/homebrew/Cellar/firebase-cli/14.11.0/libexec/lib/node_modules/firebase-tools/node_modules/winston/lib/winston/transports/console.js:87:23)
    at Console._write (/opt/homebrew/Cellar/firebase-cli/14.11.0/libexec/lib/node_modules/firebase-tools/node_modules/winston-transport/modern.js:103:17)
    at doWrite (/opt/homebrew/Cellar/firebase-cli/14.11.0/libexec/lib/node_modules/firebase-tools/node_modules/winston-transport/node_modules/readable-stream/lib/_stream_writable.js:390:139)
[error] 
[error] Error: An unexpected error has occurred.
[debug] [2026-07-03T10:44:03.296Z] Error: write EPIPE
    at afterWriteDispatched (node:internal/stream_base_commons:159:15)
    at writeGeneric (node:internal/stream_base_commons:150:3)
    at Socket._writeGeneric (node:net:1025:11)
    at Socket._write (node:net:1037:8)
    at writeOrBuffer (node:internal/streams/writable:570:12)
    at _write (node:internal/streams/writable:499:10)
    at Writable.write (node:internal/streams/writable:508:10)
    at Console.log (/opt/homebrew/Cellar/firebase-cli/14.11.0/libexec/lib/node_modules/firebase-tools/node_modules/winston/lib/winston/transports/console.js:87:23)
    at Console._write (/opt/homebrew/Cellar/firebase-cli/14.11.0/libexec/lib/node_modules/firebase-tools/node_modules/winston-transport/modern.js:103:17)
    at doWrite (/opt/homebrew/Cellar/firebase-cli/14.11.0/libexec/lib/node_modules/firebase-tools/node_modules/winston-transport/node_modules/readable-stream/lib/_stream_writable.js:390:139)
[error] 
[error] Error: An unexpected error has occurred.
[debug] [2026-07-03T10:44:03.296Z] Error: write EPIPE
    at afterWriteDispatched (node:internal/stream_base_commons:159:15)
    at writeGeneric (node:internal/stream_base_commons:150:3)
    at Socket._writeGeneric (node:net:1025:11)
    at Socket._write (node:net:1037:8)
    at writeOrBuffer (node:internal/streams/writable:570:12)
    at _write (node:internal/streams/writable:499:10)
    at Writable.write (node:internal/streams/writable:508:10)
    at Console.log (/opt/homebrew/Cellar/firebase-cli/14.11.0/libexec/lib/node_modules/firebase-tools/node_modules/winston/lib/winston/transports/console.js:87:23)
    at Console._write (/opt/homebrew/Cellar/firebase-cli/14.11.0/libexec/lib/node_modules/firebase-tools/node_modules/winston-transport/modern.js:103:17)
    at doWrite (/opt/homebrew/Cellar/firebase-cli/14.11.0/libexec/lib/node_modules/firebase-tools/node_modules/winston-transport/node_modules/readable-stream/lib/_stream_writable.js:390:139)
[error] 
[error] Error: An unexpected error has occurred.
[debug] [2026-07-03T10:44:03.296Z] Error: write EPIPE
    at afterWriteDispatched (node:internal/stream_base_commons:159:15)
    at writeGeneric (node:internal/stream_base_commons:150:3)
    at Socket._writeGeneric (node:net:1025:11)
    at Socket._write (node:net:1037:8)
    at writeOrBuffer (node:internal/streams/writable:570:12)
    at _write (node:internal/streams/writable:499:10)
    at Writable.write (node:internal/streams/writable:508:10)
    at Console.log (/opt/homebrew/Cellar/firebase-cli/14.11.0/libexec/lib/node_modules/firebase-tools/node_modules/winston/lib/winston/transports/console.js:87:23)
    at Console._write (/opt/homebrew/Cellar/firebase-cli/14.11.0/libexec/lib/node_modules/firebase-tools/node_modules/winston-transport/modern.js:103:17)
    at doWrite (/opt/homebrew/Cellar/firebase-cli/14.11.0/libexec/lib/node_modules/firebase-tools/node_modules/winston-transport/node_modules/readable-stream/lib/_stream_writable.js:390:139)
[error] 
[error] Error: An unexpected error has occurred.
[debug] [2026-07-03T10:44:03.296Z] Error: write EPIPE
    at afterWriteDispatched (node:internal/stream_base_commons:159:15)
    at writeGeneric (node:internal/stream_base_commons:150:3)
    at Socket._writeGeneric (node:net:1025:11)
    at Socket._write (node:net:1037:8)
    at writeOrBuffer (node:internal/streams/writable:570:12)
    at _write (node:internal/streams/writable:499:10)
    at Writable.write (node:internal/streams/writable:508:10)
    at Console.log (/opt/homebrew/Cellar/firebase-cli/14.11.0/libexec/lib/node_modules/firebase-tools/node_modules/winston/lib/winston/transports/console.js:87:23)
    at Console._write (/opt/homebrew/Cellar/firebase-cli/14.11.0/libexec/lib/node_modules/firebase-tools/node_modules/winston-transport/modern.js:103:17)
    at doWrite (/opt/homebrew/Cellar/firebase-cli/14.11.0/libexec/lib/node_modules/firebase-tools/node_modules/winston-transport/node_modules/readable-stream/lib/_stream_writable.js:390:139)
[error] 
[error] Error: An unexpected error has occurred.
[debug] [2026-07-03T10:44:03.297Z] Error: write EPIPE
    at afterWriteDispatched (node:internal/stream_base_commons:159:15)
    at writeGeneric (node:internal/stream_base_commons:150:3)
    at Socket._writeGeneric (node:net:1025:11)
    at Socket._write (node:net:1037:8)
    at writeOrBuffer (node:internal/streams/writable:570:12)
    at _write (node:internal/streams/writable:499:10)
    at Writable.write (node:internal/streams/writable:508:10)
    at Console.log (/opt/homebrew/Cellar/firebase-cli/14.11.0/libexec/lib/node_modules/firebase-tools/node_modules/winston/lib/winston/transports/console.js:87:23)
    at Console._write (/opt/homebrew/Cellar/firebase-cli/14.11.0/libexec/lib/node_modules/firebase-tools/node_modules/winston-transport/modern.js:103:17)
    at doWrite (/opt/homebrew/Cellar/firebase-cli/14.11.0/libexec/lib/node_modules/firebase-tools/node_modules/winston-transport/node_modules/readable-stream/lib/_stream_writable.js:390:139)
[error] 
[error] Error: An unexpected error has occurred.
[debug] [2026-07-03T10:44:03.297Z] Error: write EPIPE
    at afterWriteDispatched (node:internal/stream_base_commons:159:15)
    at writeGeneric (node:internal/stream_base_commons:150:3)
    at Socket._writeGeneric (node:net:1025:11)
    at Socket._write (node:net:1037:8)
    at writeOrBuffer (node:internal/streams/writable:570:12)
    at _write (node:internal/streams/writable:499:10)
    at Writable.write (node:internal/streams/writable:508:10)
    at Console.log (/opt/homebrew/Cellar/firebase-cli/14.11.0/libexec/lib/node_modules/firebase-tools/node_modules/winston/lib/winston/transports/console.js:87:23)
    at Console._write (/opt/homebrew/Cellar/firebase-cli/14.11.0/libexec/lib/node_modules/firebase-tools/node_modules/winston-transport/modern.js:103:17)
    at doWrite (/opt/homebrew/Cellar/firebase-cli/14.11.0/libexec/lib/node_modules/firebase-tools/node_modules/winston-transport/node_modules/readable-stream/lib/_stream_writable.js:390:139)
[error] 
[error] Error: An unexpected error has occurred.
[debug] [2026-07-03T10:44:03.297Z] Error: write EPIPE
    at afterWriteDispatched (node:internal/stream_base_commons:159:15)
    at writeGeneric (node:internal/stream_base_commons:150:3)
    at Socket._writeGeneric (node:net:1025:11)
    at Socket._write (node:net:1037:8)
    at writeOrBuffer (node:internal/streams/writable:570:12)
    at _write (node:internal/streams/writable:499:10)
    at Writable.write (node:internal/streams/writable:508:10)
    at Console.log (/opt/homebrew/Cellar/firebase-cli/14.11.0/libexec/lib/node_modules/firebase-tools/node_modules/winston/lib/winston/transports/console.js:87:23)
    at Console._write (/opt/homebrew/Cellar/firebase-cli/14.11.0/libexec/lib/node_modules/firebase-tools/node_modules/winston-transport/modern.js:103:17)
    at doWrite (/opt/homebrew/Cellar/firebase-cli/14.11.0/libexec/lib/node_modules/firebase-tools/node_modules/winston-transport/node_modules/readable-stream/lib/_stream_writable.js:390:139)
[error] 
[error] Error: An unexpected error has occurred.
[debug] [2026-07-03T10:44:03.297Z] Error: write EPIPE
    at afterWriteDispatched (node:internal/stream_base_commons:159:15)
    at writeGeneric (node:internal/stream_base_commons:150:3)
    at Socket._writeGeneric (node:net:1025:11)
    at Socket._write (node:net:1037:8)
    at writeOrBuffer (node:internal/streams/writable:570:12)
    at _write (node:internal/streams/writable:499:10)
    at Writable.write (node:internal/streams/writable:508:10)
    at Console.log (/opt/homebrew/Cellar/firebase-cli/14.11.0/libexec/lib/node_modules/firebase-tools/node_modules/winston/lib/winston/transports/console.js:87:23)
    at Console._write (/opt/homebrew/Cellar/firebase-cli/14.11.0/libexec/lib/node_modules/firebase-tools/node_modules/winston-transport/modern.js:103:17)
    at doWrite (/opt/homebrew/Cellar/firebase-cli/14.11.0/libexec/lib/node_modules/firebase-tools/node_modules/winston-transport/node_modules/readable-stream/lib/_stream_writable.js:390:139)
[error] 
[error] Error: An unexpected error has occurred.
[debug] [2026-07-03T10:44:03.298Z] Error: write EPIPE
    at afterWriteDispatched (node:internal/stream_base_commons:159:15)
    at writeGeneric (node:internal/stream_base_commons:150:3)
    at Socket._writeGeneric (node:net:1025:11)
    at Socket._write (node:net:1037:8)
    at writeOrBuffer (node:internal/streams/writable:570:12)
    at _write (node:internal/streams/writable:499:10)
    at Writable.write (node:internal/streams/writable:508:10)
    at Console.log (/opt/homebrew/Cellar/firebase-cli/14.11.0/libexec/lib/node_modules/firebase-tools/node_modules/winston/lib/winston/transports/console.js:87:23)
    at Console._write (/opt/homebrew/Cellar/firebase-cli/14.11.0/libexec/lib/node_modules/firebase-tools/node_modules/winston-transport/modern.js:103:17)
    at doWrite (/opt/homebrew/Cellar/firebase-cli/14.11.0/libexec/lib/node_modules/firebase-tools/node_modules/winston-transport/node_modules/readable-stream/lib/_stream_writable.js:390:139)
[error] 
[error] Error: An unexpected error has occurred.
[debug] [2026-07-03T10:44:03.299Z] Error: write EPIPE
    at afterWriteDispatched (node:internal/stream_base_commons:159:15)
    at writeGeneric (node:internal/stream_base_commons:150:3)
    at Socket._writeGeneric (node:net:1025:11)
    at Socket._write (node:net:1037:8)
    at writeOrBuffer (node:internal/streams/writable:570:12)
    at _write (node:internal/streams/writable:499:10)
    at Writable.write (node:internal/streams/writable:508:10)
    at Console.log (/opt/homebrew/Cellar/firebase-cli/14.11.0/libexec/lib/node_modules/firebase-tools/node_modules/winston/lib/winston/transports/console.js:87:23)
    at Console._write (/opt/homebrew/Cellar/firebase-cli/14.11.0/libexec/lib/node_modules/firebase-tools/node_modules/winston-transport/modern.js:103:17)
    at doWrite (/opt/homebrew/Cellar/firebase-cli/14.11.0/libexec/lib/node_modules/firebase-tools/node_modules/winston-transport/node_modules/readable-stream/lib/_stream_writable.js:390:139)
[error] 
[error] Error: An unexpected error has occurred.
[debug] [2026-07-03T10:44:03.299Z] Error: write EPIPE
    at afterWriteDispatched (node:internal/stream_base_commons:159:15)
    at writeGeneric (node:internal/stream_base_commons:150:3)
    at Socket._writeGeneric (node:net:1025:11)
    at Socket._write (node:net:1037:8)
    at writeOrBuffer (node:internal/streams/writable:570:12)
    at _write (node:internal/streams/writable:499:10)
    at Writable.write (node:internal/streams/writable:508:10)
    at Console.log (/opt/homebrew/Cellar/firebase-cli/14.11.0/libexec/lib/node_modules/firebase-tools/node_modules/winston/lib/winston/transports/console.js:87:23)
    at Console._write (/opt/homebrew/Cellar/firebase-cli/14.11.0/libexec/lib/node_modules/firebase-tools/node_modules/winston-transport/modern.js:103:17)
    at doWrite (/opt/homebrew/Cellar/firebase-cli/14.11.0/libexec/lib/node_modules/firebase-tools/node_modules/winston-transport/node_modules/readable-stream/lib/_stream_writable.js:390:139)
[error] 
[error] Error: An unexpected error has occurred.
[debug] [2026-07-03T10:44:03.299Z] Error: write EPIPE
    at afterWriteDispatched (node:internal/stream_base_commons:159:15)
    at writeGeneric (node:internal/stream_base_commons:150:3)
    at Socket._writeGeneric (node:net:1025:11)
    at Socket._write (node:net:1037:8)
    at writeOrBuffer (node:internal/streams/writable:570:12)
    at _write (node:internal/streams/writable:499:10)
    at Writable.write (node:internal/streams/writable:508:10)
    at Console.log (/opt/homebrew/Cellar/firebase-cli/14.11.0/libexec/lib/node_modules/firebase-tools/node_modules/winston/lib/winston/transports/console.js:87:23)
    at Console._write (/opt/homebrew/Cellar/firebase-cli/14.11.0/libexec/lib/node_modules/firebase-tools/node_modules/winston-transport/modern.js:103:17)
    at doWrite (/opt/homebrew/Cellar/firebase-cli/14.11.0/libexec/lib/node_modules/firebase-tools/node_modules/winston-transport/node_modules/readable-stream/lib/_stream_writable.js:390:139)
[error] 
[error] Error: An unexpected error has occurred.
[debug] [2026-07-03T10:44:03.299Z] Error: write EPIPE
    at afterWriteDispatched (node:internal/stream_base_commons:159:15)
    at writeGeneric (node:internal/stream_base_commons:150:3)
    at Socket._writeGeneric (node:net:1025:11)
    at Socket._write (node:net:1037:8)
    at writeOrBuffer (node:internal/streams/writable:570:12)
    at _write (node:internal/streams/writable:499:10)
    at Writable.write (node:internal/streams/writable:508:10)
    at Console.log (/opt/homebrew/Cellar/firebase-cli/14.11.0/libexec/lib/node_modules/firebase-tools/node_modules/winston/lib/winston/transports/console.js:87:23)
    at Console._write (/opt/homebrew/Cellar/firebase-cli/14.11.0/libexec/lib/node_modules/firebase-tools/node_modules/winston-transport/modern.js:103:17)
    at doWrite (/opt/homebrew/Cellar/firebase-cli/14.11.0/libexec/lib/node_modules/firebase-tools/node_modules/winston-transport/node_modules/readable-stream/lib/_stream_writable.js:390:139)
[error] 
[error] Error: An unexpected error has occurred.
[debug] [2026-07-03T10:44:03.299Z] Error: write EPIPE
    at afterWriteDispatched (node:internal/stream_base_commons:159:15)
    at writeGeneric (node:internal/stream_base_commons:150:3)
    at Socket._writeGeneric (node:net:1025:11)
    at Socket._write (node:net:1037:8)
    at writeOrBuffer (node:internal/streams/writable:570:12)
    at _write (node:internal/streams/writable:499:10)
    at Writable.write (node:internal/streams/writable:508:10)
    at Console.log (/opt/homebrew/Cellar/firebase-cli/14.11.0/libexec/lib/node_modules/firebase-tools/node_modules/winston/lib/winston/transports/console.js:87:23)
    at Console._write (/opt/homebrew/Cellar/firebase-cli/14.11.0/libexec/lib/node_modules/firebase-tools/node_modules/winston-transport/modern.js:103:17)
    at doWrite (/opt/homebrew/Cellar/firebase-cli/14.11.0/libexec/lib/node_modules/firebase-tools/node_modules/winston-transport/node_modules/readable-stream/lib/_stream_writable.js:390:139)
[error] 
[error] Error: An unexpected error has occurred.
[debug] [2026-07-03T10:44:03.299Z] Error: write EPIPE
    at afterWriteDispatched (node:internal/stream_base_commons:159:15)
    at writeGeneric (node:internal/stream_base_commons:150:3)
    at Socket._writeGeneric (node:net:1025:11)
    at Socket._write (node:net:1037:8)
    at writeOrBuffer (node:internal/streams/writable:570:12)
    at _write (node:internal/streams/writable:499:10)
    at Writable.write (node:internal/streams/writable:508:10)
    at Console.log (/opt/homebrew/Cellar/firebase-cli/14.11.0/libexec/lib/node_modules/firebase-tools/node_modules/winston/lib/winston/transports/console.js:87:23)
    at Console._write (/opt/homebrew/Cellar/firebase-cli/14.11.0/libexec/lib/node_modules/firebase-tools/node_modules/winston-transport/modern.js:103:17)
    at doWrite (/opt/homebrew/Cellar/firebase-cli/14.11.0/libexec/lib/node_modules/firebase-tools/node_modules/winston-transport/node_modules/readable-stream/lib/_stream_writable.js:390:139)
[error] 
[error] Error: An unexpected error has occurred.
[debug] [2026-07-03T10:44:03.299Z] Error: write EPIPE
    at afterWriteDispatched (node:internal/stream_base_commons:159:15)
    at writeGeneric (node:internal/stream_base_commons:150:3)
    at Socket._writeGeneric (node:net:1025:11)
    at Socket._write (node:net:1037:8)
    at writeOrBuffer (node:internal/streams/writable:570:12)
    at _write (node:internal/streams/writable:499:10)
    at Writable.write (node:internal/streams/writable:508:10)
    at Console.log (/opt/homebrew/Cellar/firebase-cli/14.11.0/libexec/lib/node_modules/firebase-tools/node_modules/winston/lib/winston/transports/console.js:87:23)
    at Console._write (/opt/homebrew/Cellar/firebase-cli/14.11.0/libexec/lib/node_modules/firebase-tools/node_modules/winston-transport/modern.js:103:17)
    at doWrite (/opt/homebrew/Cellar/firebase-cli/14.11.0/libexec/lib/node_modules/firebase-tools/node_modules/winston-transport/node_modules/readable-stream/lib/_stream_writable.js:390:139)
[error] 
[error] Error: An unexpected error has occurred.
[debug] [2026-07-03T10:44:03.300Z] Error: write EPIPE
    at afterWriteDispatched (node:internal/stream_base_commons:159:15)
    at writeGeneric (node:internal/stream_base_commons:150:3)
    at Socket._writeGeneric (node:net:1025:11)
    at Socket._write (node:net:1037:8)
    at writeOrBuffer (node:internal/streams/writable:570:12)
    at _write (node:internal/streams/writable:499:10)
    at Writable.write (node:internal/streams/writable:508:10)
    at Console.log (/opt/homebrew/Cellar/firebase-cli/14.11.0/libexec/lib/node_modules/firebase-tools/node_modules/winston/lib/winston/transports/console.js:87:23)
    at Console._write (/opt/homebrew/Cellar/firebase-cli/14.11.0/libexec/lib/node_modules/firebase-tools/node_modules/winston-transport/modern.js:103:17)
    at doWrite (/opt/homebrew/Cellar/firebase-cli/14.11.0/libexec/lib/node_modules/firebase-tools/node_modules/winston-transport/node_modules/readable-stream/lib/_stream_writable.js:390:139)
[error] 
[error] Error: An unexpected error has occurred.
[debug] [2026-07-03T10:44:03.300Z] Error: write EPIPE
    at afterWriteDispatched (node:internal/stream_base_commons:159:15)
    at writeGeneric (node:internal/stream_base_commons:150:3)
    at Socket._writeGeneric (node:net:1025:11)
    at Socket._write (node:net:1037:8)
    at writeOrBuffer (node:internal/streams/writable:570:12)
    at _write (node:internal/streams/writable:499:10)
    at Writable.write (node:internal/streams/writable:508:10)
    at Console.log (/opt/homebrew/Cellar/firebase-cli/14.11.0/libexec/lib/node_modules/firebase-tools/node_modules/winston/lib/winston/transports/console.js:87:23)
    at Console._write (/opt/homebrew/Cellar/firebase-cli/14.11.0/libexec/lib/node_modules/firebase-tools/node_modules/winston-transport/modern.js:103:17)
    at doWrite (/opt/homebrew/Cellar/firebase-cli/14.11.0/libexec/lib/node_modules/firebase-tools/node_modules/winston-transport/node_modules/readable-stream/lib/_stream_writable.js:390:139)
[error] 
[error] Error: An unexpected error has occurred.
[debug] [2026-07-03T10:44:03.300Z] Error: write EPIPE
    at afterWriteDispatched (node:internal/stream_base_commons:159:15)
    at writeGeneric (node:internal/stream_base_commons:150:3)
    at Socket._writeGeneric (node:net:1025:11)
    at Socket._write (node:net:1037:8)
    at writeOrBuffer (node:internal/streams/writable:570:12)
    at _write (node:internal/streams/writable:499:10)
    at Writable.write (node:internal/streams/writable:508:10)
    at Console.log (/opt/homebrew/Cellar/firebase-cli/14.11.0/libexec/lib/node_modules/firebase-tools/node_modules/winston/lib/winston/transports/console.js:87:23)
    at Console._write (/opt/homebrew/Cellar/firebase-cli/14.11.0/libexec/lib/node_modules/firebase-tools/node_modules/winston-transport/modern.js:103:17)
    at doWrite (/opt/homebrew/Cellar/firebase-cli/14.11.0/libexec/lib/node_modules/firebase-tools/node_modules/winston-transport/node_modules/readable-stream/lib/_stream_writable.js:390:139)
[error] 
[error] Error: An unexpected error has occurred.
[debug] [2026-07-03T10:44:03.300Z] Error: write EPIPE
    at afterWriteDispatched (node:internal/stream_base_commons:159:15)
    at writeGeneric (node:internal/stream_base_commons:150:3)
    at Socket._writeGeneric (node:net:1025:11)
    at Socket._write (node:net:1037:8)
    at writeOrBuffer (node:internal/streams/writable:570:12)
    at _write (node:internal/streams/writable:499:10)
    at Writable.write (node:internal/streams/writable:508:10)
    at Console.log (/opt/homebrew/Cellar/firebase-cli/14.11.0/libexec/lib/node_modules/firebase-tools/node_modules/winston/lib/winston/transports/console.js:87:23)
    at Console._write (/opt/homebrew/Cellar/firebase-cli/14.11.0/libexec/lib/node_modules/firebase-tools/node_modules/winston-transport/modern.js:103:17)
    at doWrite (/opt/homebrew/Cellar/firebase-cli/14.11.0/libexec/lib/node_modules/firebase-tools/node_modules/winston-transport/node_modules/readable-stream/lib/_stream_writable.js:390:139)
[error] 
[error] Error: An unexpected error has occurred.
[debug] [2026-07-03T10:44:03.300Z] Error: write EPIPE
    at afterWriteDispatched (node:internal/stream_base_commons:159:15)
    at writeGeneric (node:internal/stream_base_commons:150:3)
    at Socket._writeGeneric (node:net:1025:11)
    at Socket._write (node:net:1037:8)
    at writeOrBuffer (node:internal/streams/writable:570:12)
    at _write (node:internal/streams/writable:499:10)
    at Writable.write (node:internal/streams/writable:508:10)
    at Console.log (/opt/homebrew/Cellar/firebase-cli/14.11.0/libexec/lib/node_modules/firebase-tools/node_modules/winston/lib/winston/transports/console.js:87:23)
    at Console._write (/opt/homebrew/Cellar/firebase-cli/14.11.0/libexec/lib/node_modules/firebase-tools/node_modules/winston-transport/modern.js:103:17)
    at doWrite (/opt/homebrew/Cellar/firebase-cli/14.11.0/libexec/lib/node_modules/firebase-tools/node_modules/winston-transport/node_modules/readable-stream/lib/_stream_writable.js:390:139)
[error] 
[error] Error: An unexpected error has occurred.
[debug] [2026-07-03T10:44:03.300Z] Error: write EPIPE
    at afterWriteDispatched (node:internal/stream_base_commons:159:15)
    at writeGeneric (node:internal/stream_base_commons:150:3)
    at Socket._writeGeneric (node:net:1025:11)
    at Socket._write (node:net:1037:8)
    at writeOrBuffer (node:internal/streams/writable:570:12)
    at _write (node:internal/streams/writable:499:10)
    at Writable.write (node:internal/streams/writable:508:10)
    at Console.log (/opt/homebrew/Cellar/firebase-cli/14.11.0/libexec/lib/node_modules/firebase-tools/node_modules/winston/lib/winston/transports/console.js:87:23)
    at Console._write (/opt/homebrew/Cellar/firebase-cli/14.11.0/libexec/lib/node_modules/firebase-tools/node_modules/winston-transport/modern.js:103:17)
    at doWrite (/opt/homebrew/Cellar/firebase-cli/14.11.0/libexec/lib/node_modules/firebase-tools/node_modules/winston-transport/node_modules/readable-stream/lib/_stream_writable.js:390:139)
[error] 
[error] Error: An unexpected error has occurred.
[debug] [2026-07-03T10:44:03.300Z] Error: write EPIPE
    at afterWriteDispatched (node:internal/stream_base_commons:159:15)
    at writeGeneric (node:internal/stream_base_commons:150:3)
    at Socket._writeGeneric (node:net:1025:11)
    at Socket._write (node:net:1037:8)
    at writeOrBuffer (node:internal/streams/writable:570:12)
    at _write (node:internal/streams/writable:499:10)
    at Writable.write (node:internal/streams/writable:508:10)
    at Console.log (/opt/homebrew/Cellar/firebase-cli/14.11.0/libexec/lib/node_modules/firebase-tools/node_modules/winston/lib/winston/transports/console.js:87:23)
    at Console._write (/opt/homebrew/Cellar/firebase-cli/14.11.0/libexec/lib/node_modules/firebase-tools/node_modules/winston-transport/modern.js:103:17)
    at doWrite (/opt/homebrew/Cellar/firebase-cli/14.11.0/libexec/lib/node_modules/firebase-tools/node_modules/winston-transport/node_modules/readable-stream/lib/_stream_writable.js:390:139)
[error] 
[error] Error: An unexpected error has occurred.
[debug] [2026-07-03T10:44:03.300Z] Error: write EPIPE
    at afterWriteDispatched (node:internal/stream_base_commons:159:15)
    at writeGeneric (node:internal/stream_base_commons:150:3)
    at Socket._writeGeneric (node:net:1025:11)
    at Socket._write (node:net:1037:8)
    at writeOrBuffer (node:internal/streams/writable:570:12)
    at _write (node:internal/streams/writable:499:10)
    at Writable.write (node:internal/streams/writable:508:10)
    at Console.log (/opt/homebrew/Cellar/firebase-cli/14.11.0/libexec/lib/node_modules/firebase-tools/node_modules/winston/lib/winston/transports/console.js:87:23)
    at Console._write (/opt/homebrew/Cellar/firebase-cli/14.11.0/libexec/lib/node_modules/firebase-tools/node_modules/winston-transport/modern.js:103:17)
    at doWrite (/opt/homebrew/Cellar/firebase-cli/14.11.0/libexec/lib/node_modules/firebase-tools/node_modules/winston-transport/node_modules/readable-stream/lib/_stream_writable.js:390:139)
[error] 
[error] Error: An unexpected error has occurred.
[debug] [2026-07-03T10:44:03.300Z] Error: write EPIPE
    at afterWriteDispatched (node:internal/stream_base_commons:159:15)
    at writeGeneric (node:internal/stream_base_commons:150:3)
    at Socket._writeGeneric (node:net:1025:11)
    at Socket._write (node:net:1037:8)
    at writeOrBuffer (node:internal/streams/writable:570:12)
    at _write (node:internal/streams/writable:499:10)
    at Writable.write (node:internal/streams/writable:508:10)
    at Console.log (/opt/homebrew/Cellar/firebase-cli/14.11.0/libexec/lib/node_modules/firebase-tools/node_modules/winston/lib/winston/transports/console.js:87:23)
    at Console._write (/opt/homebrew/Cellar/firebase-cli/14.11.0/libexec/lib/node_modules/firebase-tools/node_modules/winston-transport/modern.js:103:17)
    at doWrite (/opt/homebrew/Cellar/firebase-cli/14.11.0/libexec/lib/node_modules/firebase-tools/node_modules/winston-transport/node_modules/readable-stream/lib/_stream_writable.js:390:139)
[error] 
[error] Error: An unexpected error has occurred.
[debug] [2026-07-03T10:44:03.300Z] Error: write EPIPE
    at afterWriteDispatched (node:internal/stream_base_commons:159:15)
    at writeGeneric (node:internal/stream_base_commons:150:3)
    at Socket._writeGeneric (node:net:1025:11)
    at Socket._write (node:net:1037:8)
    at writeOrBuffer (node:internal/streams/writable:570:12)
    at _write (node:internal/streams/writable:499:10)
    at Writable.write (node:internal/streams/writable:508:10)
    at Console.log (/opt/homebrew/Cellar/firebase-cli/14.11.0/libexec/lib/node_modules/firebase-tools/node_modules/winston/lib/winston/transports/console.js:87:23)
    at Console._write (/opt/homebrew/Cellar/firebase-cli/14.11.0/libexec/lib/node_modules/firebase-tools/node_modules/winston-transport/modern.js:103:17)
    at doWrite (/opt/homebrew/Cellar/firebase-cli/14.11.0/libexec/lib/node_modules/firebase-tools/node_modules/winston-transport/node_modules/readable-stream/lib/_stream_writable.js:390:139)
[error] 
[error] Error: An unexpected error has occurred.
[debug] [2026-07-03T10:44:03.300Z] Error: write EPIPE
    at afterWriteDispatched (node:internal/stream_base_commons:159:15)
    at writeGeneric (node:internal/stream_base_commons:150:3)
    at Socket._writeGeneric (node:net:1025:11)
    at Socket._write (node:net:1037:8)
    at writeOrBuffer (node:internal/streams/writable:570:12)
    at _write (node:internal/streams/writable:499:10)
    at Writable.write (node:internal/streams/writable:508:10)
    at Console.log (/opt/homebrew/Cellar/firebase-cli/14.11.0/libexec/lib/node_modules/firebase-tools/node_modules/winston/lib/winston/transports/console.js:87:23)
    at Console._write (/opt/homebrew/Cellar/firebase-cli/14.11.0/libexec/lib/node_modules/firebase-tools/node_modules/winston-transport/modern.js:103:17)
    at doWrite (/opt/homebrew/Cellar/firebase-cli/14.11.0/libexec/lib/node_modules/firebase-tools/node_modules/winston-transport/node_modules/readable-stream/lib/_stream_writable.js:390:139)
[error] 
[error] Error: An unexpected error has occurred.
[debug] [2026-07-03T10:44:03.300Z] Error: write EPIPE
    at afterWriteDispatched (node:internal/stream_base_commons:159:15)
    at writeGeneric (node:internal/stream_base_commons:150:3)
    at Socket._writeGeneric (node:net:1025:11)
    at Socket._write (node:net:1037:8)
    at writeOrBuffer (node:internal/streams/writable:570:12)
    at _write (node:internal/streams/writable:499:10)
    at Writable.write (node:internal/streams/writable:508:10)
    at Console.log (/opt/homebrew/Cellar/firebase-cli/14.11.0/libexec/lib/node_modules/firebase-tools/node_modules/winston/lib/winston/transports/console.js:87:23)
    at Console._write (/opt/homebrew/Cellar/firebase-cli/14.11.0/libexec/lib/node_modules/firebase-tools/node_modules/winston-transport/modern.js:103:17)
    at doWrite (/opt/homebrew/Cellar/firebase-cli/14.11.0/libexec/lib/node_modules/firebase-tools/node_modules/winston-transport/node_modules/readable-stream/lib/_stream_writable.js:390:139)
[error] 
[error] Error: An unexpected error has occurred.
[debug] [2026-07-03T10:44:03.301Z] Error: write EPIPE
    at afterWriteDispatched (node:internal/stream_base_commons:159:15)
    at writeGeneric (node:internal/stream_base_commons:150:3)
    at Socket._writeGeneric (node:net:1025:11)
    at Socket._write (node:net:1037:8)
    at writeOrBuffer (node:internal/streams/writable:570:12)
    at _write (node:internal/streams/writable:499:10)
    at Writable.write (node:internal/streams/writable:508:10)
    at Console.log (/opt/homebrew/Cellar/firebase-cli/14.11.0/libexec/lib/node_modules/firebase-tools/node_modules/winston/lib/winston/transports/console.js:87:23)
    at Console._write (/opt/homebrew/Cellar/firebase-cli/14.11.0/libexec/lib/node_modules/firebase-tools/node_modules/winston-transport/modern.js:103:17)
    at doWrite (/opt/homebrew/Cellar/firebase-cli/14.11.0/libexec/lib/node_modules/firebase-tools/node_modules/winston-transport/node_modules/readable-stream/lib/_stream_writable.js:390:139)
[error] 
[error] Error: An unexpected error has occurred.
[debug] [2026-07-03T10:44:03.301Z] Error: write EPIPE
    at afterWriteDispatched (node:internal/stream_base_commons:159:15)
    at writeGeneric (node:internal/stream_base_commons:150:3)
    at Socket._writeGeneric (node:net:1025:11)
    at Socket._write (node:net:1037:8)
    at writeOrBuffer (node:internal/streams/writable:570:12)
    at _write (node:internal/streams/writable:499:10)
    at Writable.write (node:internal/streams/writable:508:10)
    at Console.log (/opt/homebrew/Cellar/firebase-cli/14.11.0/libexec/lib/node_modules/firebase-tools/node_modules/winston/lib/winston/transports/console.js:87:23)
    at Console._write (/opt/homebrew/Cellar/firebase-cli/14.11.0/libexec/lib/node_modules/firebase-tools/node_modules/winston-transport/modern.js:103:17)
    at doWrite (/opt/homebrew/Cellar/firebase-cli/14.11.0/libexec/lib/node_modules/firebase-tools/node_modules/winston-transport/node_modules/readable-stream/lib/_stream_writable.js:390:139)
[error] 
[error] Error: An unexpected error has occurred.
[debug] [2026-07-03T10:44:03.301Z] Error: write EPIPE
    at afterWriteDispatched (node:internal/stream_base_commons:159:15)
    at writeGeneric (node:internal/stream_base_commons:150:3)
    at Socket._writeGeneric (node:net:1025:11)
    at Socket._write (node:net:1037:8)
    at writeOrBuffer (node:internal/streams/writable:570:12)
    at _write (node:internal/streams/writable:499:10)
    at Writable.write (node:internal/streams/writable:508:10)
    at Console.log (/opt/homebrew/Cellar/firebase-cli/14.11.0/libexec/lib/node_modules/firebase-tools/node_modules/winston/lib/winston/transports/console.js:87:23)
    at Console._write (/opt/homebrew/Cellar/firebase-cli/14.11.0/libexec/lib/node_modules/firebase-tools/node_modules/winston-transport/modern.js:103:17)
    at doWrite (/opt/homebrew/Cellar/firebase-cli/14.11.0/libexec/lib/node_modules/firebase-tools/node_modules/winston-transport/node_modules/readable-stream/lib/_stream_writable.js:390:139)
[error] 
[error] Error: An unexpected error has occurred.
[debug] [2026-07-03T10:44:03.301Z] Error: write EPIPE
    at afterWriteDispatched (node:internal/stream_base_commons:159:15)
    at writeGeneric (node:internal/stream_base_commons:150:3)
    at Socket._writeGeneric (node:net:1025:11)
    at Socket._write (node:net:1037:8)
    at writeOrBuffer (node:internal/streams/writable:570:12)
    at _write (node:internal/streams/writable:499:10)
    at Writable.write (node:internal/streams/writable:508:10)
    at Console.log (/opt/homebrew/Cellar/firebase-cli/14.11.0/libexec/lib/node_modules/firebase-tools/node_modules/winston/lib/winston/transports/console.js:87:23)
    at Console._write (/opt/homebrew/Cellar/firebase-cli/14.11.0/libexec/lib/node_modules/firebase-tools/node_modules/winston-transport/modern.js:103:17)
    at doWrite (/opt/homebrew/Cellar/firebase-cli/14.11.0/libexec/lib/node_modules/firebase-tools/node_modules/winston-transport/node_modules/readable-stream/lib/_stream_writable.js:390:139)
[error] 
[error] Error: An unexpected error has occurred.
[debug] [2026-07-03T10:44:03.301Z] Error: write EPIPE
    at afterWriteDispatched (node:internal/stream_base_commons:159:15)
    at writeGeneric (node:internal/stream_base_commons:150:3)
    at Socket._writeGeneric (node:net:1025:11)
    at Socket._write (node:net:1037:8)
    at writeOrBuffer (node:internal/streams/writable:570:12)
    at _write (node:internal/streams/writable:499:10)
    at Writable.write (node:internal/streams/writable:508:10)
    at Console.log (/opt/homebrew/Cellar/firebase-cli/14.11.0/libexec/lib/node_modules/firebase-tools/node_modules/winston/lib/winston/transports/console.js:87:23)
    at Console._write (/opt/homebrew/Cellar/firebase-cli/14.11.0/libexec/lib/node_modules/firebase-tools/node_modules/winston-transport/modern.js:103:17)
    at doWrite (/opt/homebrew/Cellar/firebase-cli/14.11.0/libexec/lib/node_modules/firebase-tools/node_modules/winston-transport/node_modules/readable-stream/lib/_stream_writable.js:390:139)
[error] 
[error] Error: An unexpected error has occurred.
[debug] [2026-07-03T10:44:03.301Z] Error: write EPIPE
    at afterWriteDispatched (node:internal/stream_base_commons:159:15)
    at writeGeneric (node:internal/stream_base_commons:150:3)
    at Socket._writeGeneric (node:net:1025:11)
    at Socket._write (node:net:1037:8)
    at writeOrBuffer (node:internal/streams/writable:570:12)
    at _write (node:internal/streams/writable:499:10)
    at Writable.write (node:internal/streams/writable:508:10)
    at Console.log (/opt/homebrew/Cellar/firebase-cli/14.11.0/libexec/lib/node_modules/firebase-tools/node_modules/winston/lib/winston/transports/console.js:87:23)
    at Console._write (/opt/homebrew/Cellar/firebase-cli/14.11.0/libexec/lib/node_modules/firebase-tools/node_modules/winston-transport/modern.js:103:17)
    at doWrite (/opt/homebrew/Cellar/firebase-cli/14.11.0/libexec/lib/node_modules/firebase-tools/node_modules/winston-transport/node_modules/readable-stream/lib/_stream_writable.js:390:139)
[error] 
[error] Error: An unexpected error has occurred.
[debug] [2026-07-03T10:44:03.301Z] Error: write EPIPE
    at afterWriteDispatched (node:internal/stream_base_commons:159:15)
    at writeGeneric (node:internal/stream_base_commons:150:3)
    at Socket._writeGeneric (node:net:1025:11)
    at Socket._write (node:net:1037:8)
    at writeOrBuffer (node:internal/streams/writable:570:12)
    at _write (node:internal/streams/writable:499:10)
    at Writable.write (node:internal/streams/writable:508:10)
    at Console.log (/opt/homebrew/Cellar/firebase-cli/14.11.0/libexec/lib/node_modules/firebase-tools/node_modules/winston/lib/winston/transports/console.js:87:23)
    at Console._write (/opt/homebrew/Cellar/firebase-cli/14.11.0/libexec/lib/node_modules/firebase-tools/node_modules/winston-transport/modern.js:103:17)
    at doWrite (/opt/homebrew/Cellar/firebase-cli/14.11.0/libexec/lib/node_modules/firebase-tools/node_modules/winston-transport/node_modules/readable-stream/lib/_stream_writable.js:390:139)
[error] 
[error] Error: An unexpected error has occurred.
[debug] [2026-07-03T10:44:03.301Z] Error: write EPIPE
    at afterWriteDispatched (node:internal/stream_base_commons:159:15)
    at writeGeneric (node:internal/stream_base_commons:150:3)
    at Socket._writeGeneric (node:net:1025:11)
    at Socket._write (node:net:1037:8)
    at writeOrBuffer (node:internal/streams/writable:570:12)
    at _write (node:internal/streams/writable:499:10)
    at Writable.write (node:internal/streams/writable:508:10)
    at Console.log (/opt/homebrew/Cellar/firebase-cli/14.11.0/libexec/lib/node_modules/firebase-tools/node_modules/winston/lib/winston/transports/console.js:87:23)
    at Console._write (/opt/homebrew/Cellar/firebase-cli/14.11.0/libexec/lib/node_modules/firebase-tools/node_modules/winston-transport/modern.js:103:17)
    at doWrite (/opt/homebrew/Cellar/firebase-cli/14.11.0/libexec/lib/node_modules/firebase-tools/node_modules/winston-transport/node_modules/readable-stream/lib/_stream_writable.js:390:139)
[error] 
[error] Error: An unexpected error has occurred.
[debug] [2026-07-03T10:44:03.301Z] Error: write EPIPE
    at afterWriteDispatched (node:internal/stream_base_commons:159:15)
    at writeGeneric (node:internal/stream_base_commons:150:3)
    at Socket._writeGeneric (node:net:1025:11)
    at Socket._write (node:net:1037:8)
    at writeOrBuffer (node:internal/streams/writable:570:12)
    at _write (node:internal/streams/writable:499:10)
    at Writable.write (node:internal/streams/writable:508:10)
    at Console.log (/opt/homebrew/Cellar/firebase-cli/14.11.0/libexec/lib/node_modules/firebase-tools/node_modules/winston/lib/winston/transports/console.js:87:23)
    at Console._write (/opt/homebrew/Cellar/firebase-cli/14.11.0/libexec/lib/node_modules/firebase-tools/node_modules/winston-transport/modern.js:103:17)
    at doWrite (/opt/homebrew/Cellar/firebase-cli/14.11.0/libexec/lib/node_modules/firebase-tools/node_modules/winston-transport/node_modules/readable-stream/lib/_stream_writable.js:390:139)
[error] 
[error] Error: An unexpected error has occurred.
[debug] [2026-07-03T10:44:03.301Z] Error: write EPIPE
    at afterWriteDispatched (node:internal/stream_base_commons:159:15)
    at writeGeneric (node:internal/stream_base_commons:150:3)
    at Socket._writeGeneric (node:net:1025:11)
    at Socket._write (node:net:1037:8)
    at writeOrBuffer (node:internal/streams/writable:570:12)
    at _write (node:internal/streams/writable:499:10)
    at Writable.write (node:internal/streams/writable:508:10)
    at Console.log (/opt/homebrew/Cellar/firebase-cli/14.11.0/libexec/lib/node_modules/firebase-tools/node_modules/winston/lib/winston/transports/console.js:87:23)
    at Console._write (/opt/homebrew/Cellar/firebase-cli/14.11.0/libexec/lib/node_modules/firebase-tools/node_modules/winston-transport/modern.js:103:17)
    at doWrite (/opt/homebrew/Cellar/firebase-cli/14.11.0/libexec/lib/node_modules/firebase-tools/node_modules/winston-transport/node_modules/readable-stream/lib/_stream_writable.js:390:139)
[error] 
[error] Error: An unexpected error has occurred.
[debug] [2026-07-03T10:44:03.301Z] Error: write EPIPE
    at afterWriteDispatched (node:internal/stream_base_commons:159:15)
    at writeGeneric (node:internal/stream_base_commons:150:3)
    at Socket._writeGeneric (node:net:1025:11)
    at Socket._write (node:net:1037:8)
    at writeOrBuffer (node:internal/streams/writable:570:12)
    at _write (node:internal/streams/writable:499:10)
    at Writable.write (node:internal/streams/writable:508:10)
    at Console.log (/opt/homebrew/Cellar/firebase-cli/14.11.0/libexec/lib/node_modules/firebase-tools/node_modules/winston/lib/winston/transports/console.js:87:23)
    at Console._write (/opt/homebrew/Cellar/firebase-cli/14.11.0/libexec/lib/node_modules/firebase-tools/node_modules/winston-transport/modern.js:103:17)
    at doWrite (/opt/homebrew/Cellar/firebase-cli/14.11.0/libexec/lib/node_modules/firebase-tools/node_modules/winston-transport/node_modules/readable-stream/lib/_stream_writable.js:390:139)
[error] 
[error] Error: An unexpected error has occurred.
[debug] [2026-07-03T10:44:03.301Z] Error: write EPIPE
    at afterWriteDispatched (node:internal/stream_base_commons:159:15)
    at writeGeneric (node:internal/stream_base_commons:150:3)
    at Socket._writeGeneric (node:net:1025:11)
    at Socket._write (node:net:1037:8)
    at writeOrBuffer (node:internal/streams/writable:570:12)
    at _write (node:internal/streams/writable:499:10)
    at Writable.write (node:internal/streams/writable:508:10)
    at Console.log (/opt/homebrew/Cellar/firebase-cli/14.11.0/libexec/lib/node_modules/firebase-tools/node_modules/winston/lib/winston/transports/console.js:87:23)
    at Console._write (/opt/homebrew/Cellar/firebase-cli/14.11.0/libexec/lib/node_modules/firebase-tools/node_modules/winston-transport/modern.js:103:17)
    at doWrite (/opt/homebrew/Cellar/firebase-cli/14.11.0/libexec/lib/node_modules/firebase-tools/node_modules/winston-transport/node_modules/readable-stream/lib/_stream_writable.js:390:139)
[error] 
[error] Error: An unexpected error has occurred.
[debug] [2026-07-03T10:44:03.301Z] Error: write EPIPE
    at afterWriteDispatched (node:internal/stream_base_commons:159:15)
    at writeGeneric (node:internal/stream_base_commons:150:3)
    at Socket._writeGeneric (node:net:1025:11)
    at Socket._write (node:net:1037:8)
    at writeOrBuffer (node:internal/streams/writable:570:12)
    at _write (node:internal/streams/writable:499:10)
    at Writable.write (node:internal/streams/writable:508:10)
    at Console.log (/opt/homebrew/Cellar/firebase-cli/14.11.0/libexec/lib/node_modules/firebase-tools/node_modules/winston/lib/winston/transports/console.js:87:23)
    at Console._write (/opt/homebrew/Cellar/firebase-cli/14.11.0/libexec/lib/node_modules/firebase-tools/node_modules/winston-transport/modern.js:103:17)
    at doWrite (/opt/homebrew/Cellar/firebase-cli/14.11.0/libexec/lib/node_modules/firebase-tools/node_modules/winston-transport/node_modules/readable-stream/lib/_stream_writable.js:390:139)
[error] 
[error] Error: An unexpected error has occurred.
[debug] [2026-07-03T10:44:03.302Z] Error: write EPIPE
    at afterWriteDispatched (node:internal/stream_base_commons:159:15)
    at writeGeneric (node:internal/stream_base_commons:150:3)
    at Socket._writeGeneric (node:net:1025:11)
    at Socket._write (node:net:1037:8)
    at writeOrBuffer (node:internal/streams/writable:570:12)
    at _write (node:internal/streams/writable:499:10)
    at Writable.write (node:internal/streams/writable:508:10)
    at Console.log (/opt/homebrew/Cellar/firebase-cli/14.11.0/libexec/lib/node_modules/firebase-tools/node_modules/winston/lib/winston/transports/console.js:87:23)
    at Console._write (/opt/homebrew/Cellar/firebase-cli/14.11.0/libexec/lib/node_modules/firebase-tools/node_modules/winston-transport/modern.js:103:17)
    at doWrite (/opt/homebrew/Cellar/firebase-cli/14.11.0/libexec/lib/node_modules/firebase-tools/node_modules/winston-transport/node_modules/readable-stream/lib/_stream_writable.js:390:139)
[error] 
[error] Error: An unexpected error has occurred.
[debug] [2026-07-03T10:44:03.302Z] Error: write EPIPE
    at afterWriteDispatched (node:internal/stream_base_commons:159:15)
    at writeGeneric (node:internal/stream_base_commons:150:3)
    at Socket._writeGeneric (node:net:1025:11)
    at Socket._write (node:net:1037:8)
    at writeOrBuffer (node:internal/streams/writable:570:12)
    at _write (node:internal/streams/writable:499:10)
    at Writable.write (node:internal/streams/writable:508:10)
    at Console.log (/opt/homebrew/Cellar/firebase-cli/14.11.0/libexec/lib/node_modules/firebase-tools/node_modules/winston/lib/winston/transports/console.js:87:23)
    at Console._write (/opt/homebrew/Cellar/firebase-cli/14.11.0/libexec/lib/node_modules/firebase-tools/node_modules/winston-transport/modern.js:103:17)
    at doWrite (/opt/homebrew/Cellar/firebase-cli/14.11.0/libexec/lib/node_modules/firebase-tools/node_modules/winston-transport/node_modules/readable-stream/lib/_stream_writable.js:390:139)
[error] 
[error] Error: An unexpected error has occurred.
[debug] [2026-07-03T10:44:03.302Z] Error: write EPIPE
    at afterWriteDispatched (node:internal/stream_base_commons:159:15)
    at writeGeneric (node:internal/stream_base_commons:150:3)
    at Socket._writeGeneric (node:net:1025:11)
    at Socket._write (node:net:1037:8)
    at writeOrBuffer (node:internal/streams/writable:570:12)
    at _write (node:internal/streams/writable:499:10)
    at Writable.write (node:internal/streams/writable:508:10)
    at Console.log (/opt/homebrew/Cellar/firebase-cli/14.11.0/libexec/lib/node_modules/firebase-tools/node_modules/winston/lib/winston/transports/console.js:87:23)
    at Console._write (/opt/homebrew/Cellar/firebase-cli/14.11.0/libexec/lib/node_modules/firebase-tools/node_modules/winston-transport/modern.js:103:17)
    at doWrite (/opt/homebrew/Cellar/firebase-cli/14.11.0/libexec/lib/node_modules/firebase-tools/node_modules/winston-transport/node_modules/readable-stream/lib/_stream_writable.js:390:139)
[error] 
[error] Error: An unexpected error has occurred.
[debug] [2026-07-03T10:44:03.302Z] Error: write EPIPE
    at afterWriteDispatched (node:internal/stream_base_commons:159:15)
    at writeGeneric (node:internal/stream_base_commons:150:3)
    at Socket._writeGeneric (node:net:1025:11)
    at Socket._write (node:net:1037:8)
    at writeOrBuffer (node:internal/streams/writable:570:12)
    at _write (node:internal/streams/writable:499:10)
    at Writable.write (node:internal/streams/writable:508:10)
    at Console.log (/opt/homebrew/Cellar/firebase-cli/14.11.0/libexec/lib/node_modules/firebase-tools/node_modules/winston/lib/winston/transports/console.js:87:23)
    at Console._write (/opt/homebrew/Cellar/firebase-cli/14.11.0/libexec/lib/node_modules/firebase-tools/node_modules/winston-transport/modern.js:103:17)
    at doWrite (/opt/homebrew/Cellar/firebase-cli/14.11.0/libexec/lib/node_modules/firebase-tools/node_modules/winston-transport/node_modules/readable-stream/lib/_stream_writable.js:390:139)
[error] 
[error] Error: An unexpected error has occurred.
[debug] [2026-07-03T10:44:03.302Z] Error: write EPIPE
    at afterWriteDispatched (node:internal/stream_base_commons:159:15)
    at writeGeneric (node:internal/stream_base_commons:150:3)
    at Socket._writeGeneric (node:net:1025:11)
    at Socket._write (node:net:1037:8)
    at writeOrBuffer (node:internal/streams/writable:570:12)
    at _write (node:internal/streams/writable:499:10)
    at Writable.write (node:internal/streams/writable:508:10)
    at Console.log (/opt/homebrew/Cellar/firebase-cli/14.11.0/libexec/lib/node_modules/firebase-tools/node_modules/winston/lib/winston/transports/console.js:87:23)
    at Console._write (/opt/homebrew/Cellar/firebase-cli/14.11.0/libexec/lib/node_modules/firebase-tools/node_modules/winston-transport/modern.js:103:17)
    at doWrite (/opt/homebrew/Cellar/firebase-cli/14.11.0/libexec/lib/node_modules/firebase-tools/node_modules/winston-transport/node_modules/readable-stream/lib/_stream_writable.js:390:139)
[error] 
[error] Error: An unexpected error has occurred.
[debug] [2026-07-03T10:44:03.302Z] Error: write EPIPE
    at afterWriteDispatched (node:internal/stream_base_commons:159:15)
    at writeGeneric (node:internal/stream_base_commons:150:3)
    at Socket._writeGeneric (node:net:1025:11)
    at Socket._write (node:net:1037:8)
    at writeOrBuffer (node:internal/streams/writable:570:12)
    at _write (node:internal/streams/writable:499:10)
    at Writable.write (node:internal/streams/writable:508:10)
    at Console.log (/opt/homebrew/Cellar/firebase-cli/14.11.0/libexec/lib/node_modules/firebase-tools/node_modules/winston/lib/winston/transports/console.js:87:23)
    at Console._write (/opt/homebrew/Cellar/firebase-cli/14.11.0/libexec/lib/node_modules/firebase-tools/node_modules/winston-transport/modern.js:103:17)
    at doWrite (/opt/homebrew/Cellar/firebase-cli/14.11.0/libexec/lib/node_modules/firebase-tools/node_modules/winston-transport/node_modules/readable-stream/lib/_stream_writable.js:390:139)
[error] 
[error] Error: An unexpected error has occurred.
[debug] [2026-07-03T10:44:03.302Z] Error: write EPIPE
    at afterWriteDispatched (node:internal/stream_base_commons:159:15)
    at writeGeneric (node:internal/stream_base_commons:150:3)
    at Socket._writeGeneric (node:net:1025:11)
    at Socket._write (node:net:1037:8)
    at writeOrBuffer (node:internal/streams/writable:570:12)
    at _write (node:internal/streams/writable:499:10)
    at Writable.write (node:internal/streams/writable:508:10)
    at Console.log (/opt/homebrew/Cellar/firebase-cli/14.11.0/libexec/lib/node_modules/firebase-tools/node_modules/winston/lib/winston/transports/console.js:87:23)
    at Console._write (/opt/homebrew/Cellar/firebase-cli/14.11.0/libexec/lib/node_modules/firebase-tools/node_modules/winston-transport/modern.js:103:17)
    at doWrite (/opt/homebrew/Cellar/firebase-cli/14.11.0/libexec/lib/node_modules/firebase-tools/node_modules/winston-transport/node_modules/readable-stream/lib/_stream_writable.js:390:139)
[error] 
[error] Error: An unexpected error has occurred.
[debug] [2026-07-03T10:44:03.302Z] Error: write EPIPE
    at afterWriteDispatched (node:internal/stream_base_commons:159:15)
    at writeGeneric (node:internal/stream_base_commons:150:3)
    at Socket._writeGeneric (node:net:1025:11)
    at Socket._write (node:net:1037:8)
    at writeOrBuffer (node:internal/streams/writable:570:12)
    at _write (node:internal/streams/writable:499:10)
    at Writable.write (node:internal/streams/writable:508:10)
    at Console.log (/opt/homebrew/Cellar/firebase-cli/14.11.0/libexec/lib/node_modules/firebase-tools/node_modules/winston/lib/winston/transports/console.js:87:23)
    at Console._write (/opt/homebrew/Cellar/firebase-cli/14.11.0/libexec/lib/node_modules/firebase-tools/node_modules/winston-transport/modern.js:103:17)
    at doWrite (/opt/homebrew/Cellar/firebase-cli/14.11.0/libexec/lib/node_modules/firebase-tools/node_modules/winston-transport/node_modules/readable-stream/lib/_stream_writable.js:390:139)
[error] 
[error] Error: An unexpected error has occurred.
[debug] [2026-07-03T10:44:03.302Z] Error: write EPIPE
    at afterWriteDispatched (node:internal/stream_base_commons:159:15)
    at writeGeneric (node:internal/stream_base_commons:150:3)
    at Socket._writeGeneric (node:net:1025:11)
    at Socket._write (node:net:1037:8)
    at writeOrBuffer (node:internal/streams/writable:570:12)
    at _write (node:internal/streams/writable:499:10)
    at Writable.write (node:internal/streams/writable:508:10)
    at Console.log (/opt/homebrew/Cellar/firebase-cli/14.11.0/libexec/lib/node_modules/firebase-tools/node_modules/winston/lib/winston/transports/console.js:87:23)
    at Console._write (/opt/homebrew/Cellar/firebase-cli/14.11.0/libexec/lib/node_modules/firebase-tools/node_modules/winston-transport/modern.js:103:17)
    at doWrite (/opt/homebrew/Cellar/firebase-cli/14.11.0/libexec/lib/node_modules/firebase-tools/node_modules/winston-transport/node_modules/readable-stream/lib/_stream_writable.js:390:139)
[error] 
[error] Error: An unexpected error has occurred.
[debug] [2026-07-03T10:44:03.303Z] Error: write EPIPE
    at afterWriteDispatched (node:internal/stream_base_commons:159:15)
    at writeGeneric (node:internal/stream_base_commons:150:3)
    at Socket._writeGeneric (node:net:1025:11)
    at Socket._write (node:net:1037:8)
    at writeOrBuffer (node:internal/streams/writable:570:12)
    at _write (node:internal/streams/writable:499:10)
    at Writable.write (node:internal/streams/writable:508:10)
    at Console.log (/opt/homebrew/Cellar/firebase-cli/14.11.0/libexec/lib/node_modules/firebase-tools/node_modules/winston/lib/winston/transports/console.js:87:23)
    at Console._write (/opt/homebrew/Cellar/firebase-cli/14.11.0/libexec/lib/node_modules/firebase-tools/node_modules/winston-transport/modern.js:103:17)
    at doWrite (/opt/homebrew/Cellar/firebase-cli/14.11.0/libexec/lib/node_modules/firebase-tools/node_modules/winston-transport/node_modules/readable-stream/lib/_stream_writable.js:390:139)
[error] 
[error] Error: An unexpected error has occurred.
[debug] [2026-07-03T10:44:03.303Z] Error: write EPIPE
    at afterWriteDispatched (node:internal/stream_base_commons:159:15)
    at writeGeneric (node:internal/stream_base_commons:150:3)
    at Socket._writeGeneric (node:net:1025:11)
    at Socket._write (node:net:1037:8)
    at writeOrBuffer (node:internal/streams/writable:570:12)
    at _write (node:internal/streams/writable:499:10)
    at Writable.write (node:internal/streams/writable:508:10)
    at Console.log (/opt/homebrew/Cellar/firebase-cli/14.11.0/libexec/lib/node_modules/firebase-tools/node_modules/winston/lib/winston/transports/console.js:87:23)
    at Console._write (/opt/homebrew/Cellar/firebase-cli/14.11.0/libexec/lib/node_modules/firebase-tools/node_modules/winston-transport/modern.js:103:17)
    at doWrite (/opt/homebrew/Cellar/firebase-cli/14.11.0/libexec/lib/node_modules/firebase-tools/node_modules/winston-transport/node_modules/readable-stream/lib/_stream_writable.js:390:139)
[error] 
[error] Error: An unexpected error has occurred.
[debug] [2026-07-03T10:44:03.303Z] Error: write EPIPE
    at afterWriteDispatched (node:internal/stream_base_commons:159:15)
    at writeGeneric (node:internal/stream_base_commons:150:3)
    at Socket._writeGeneric (node:net:1025:11)
    at Socket._write (node:net:1037:8)
    at writeOrBuffer (node:internal/streams/writable:570:12)
    at _write (node:internal/streams/writable:499:10)
    at Writable.write (node:internal/streams/writable:508:10)
    at Console.log (/opt/homebrew/Cellar/firebase-cli/14.11.0/libexec/lib/node_modules/firebase-tools/node_modules/winston/lib/winston/transports/console.js:87:23)
    at Console._write (/opt/homebrew/Cellar/firebase-cli/14.11.0/libexec/lib/node_modules/firebase-tools/node_modules/winston-transport/modern.js:103:17)
    at doWrite (/opt/homebrew/Cellar/firebase-cli/14.11.0/libexec/lib/node_modules/firebase-tools/node_modules/winston-transport/node_modules/readable-stream/lib/_stream_writable.js:390:139)
[error] 
[error] Error: An unexpected error has occurred.
[debug] [2026-07-03T10:44:03.303Z] Error: write EPIPE
    at afterWriteDispatched (node:internal/stream_base_commons:159:15)
    at writeGeneric (node:internal/stream_base_commons:150:3)
    at Socket._writeGeneric (node:net:1025:11)
    at Socket._write (node:net:1037:8)
    at writeOrBuffer (node:internal/streams/writable:570:12)
    at _write (node:internal/streams/writable:499:10)
    at Writable.write (node:internal/streams/writable:508:10)
    at Console.log (/opt/homebrew/Cellar/firebase-cli/14.11.0/libexec/lib/node_modules/firebase-tools/node_modules/winston/lib/winston/transports/console.js:87:23)
    at Console._write (/opt/homebrew/Cellar/firebase-cli/14.11.0/libexec/lib/node_modules/firebase-tools/node_modules/winston-transport/modern.js:103:17)
    at doWrite (/opt/homebrew/Cellar/firebase-cli/14.11.0/libexec/lib/node_modules/firebase-tools/node_modules/winston-transport/node_modules/readable-stream/lib/_stream_writable.js:390:139)
[error] 
[error] Error: An unexpected error has occurred.
[debug] [2026-07-03T10:44:03.303Z] Error: write EPIPE
    at afterWriteDispatched (node:internal/stream_base_commons:159:15)
    at writeGeneric (node:internal/stream_base_commons:150:3)
    at Socket._writeGeneric (node:net:1025:11)
    at Socket._write (node:net:1037:8)
    at writeOrBuffer (node:internal/streams/writable:570:12)
    at _write (node:internal/streams/writable:499:10)
    at Writable.write (node:internal/streams/writable:508:10)
    at Console.log (/opt/homebrew/Cellar/firebase-cli/14.11.0/libexec/lib/node_modules/firebase-tools/node_modules/winston/lib/winston/transports/console.js:87:23)
    at Console._write (/opt/homebrew/Cellar/firebase-cli/14.11.0/libexec/lib/node_modules/firebase-tools/node_modules/winston-transport/modern.js:103:17)
    at doWrite (/opt/homebrew/Cellar/firebase-cli/14.11.0/libexec/lib/node_modules/firebase-tools/node_modules/winston-transport/node_modules/readable-stream/lib/_stream_writable.js:390:139)
[error] 
[error] Error: An unexpected error has occurred.
[debug] [2026-07-03T10:44:03.303Z] Error: write EPIPE
    at afterWriteDispatched (node:internal/stream_base_commons:159:15)
    at writeGeneric (node:internal/stream_base_commons:150:3)
    at Socket._writeGeneric (node:net:1025:11)
    at Socket._write (node:net:1037:8)
    at writeOrBuffer (node:internal/streams/writable:570:12)
    at _write (node:internal/streams/writable:499:10)
    at Writable.write (node:internal/streams/writable:508:10)
    at Console.log (/opt/homebrew/Cellar/firebase-cli/14.11.0/libexec/lib/node_modules/firebase-tools/node_modules/winston/lib/winston/transports/console.js:87:23)
    at Console._write (/opt/homebrew/Cellar/firebase-cli/14.11.0/libexec/lib/node_modules/firebase-tools/node_modules/winston-transport/modern.js:103:17)
    at doWrite (/opt/homebrew/Cellar/firebase-cli/14.11.0/libexec/lib/node_modules/firebase-tools/node_modules/winston-transport/node_modules/readable-stream/lib/_stream_writable.js:390:139)
[error] 
[error] Error: An unexpected error has occurred.
[debug] [2026-07-03T10:44:03.303Z] Error: write EPIPE
    at afterWriteDispatched (node:internal/stream_base_commons:159:15)
    at writeGeneric (node:internal/stream_base_commons:150:3)
    at Socket._writeGeneric (node:net:1025:11)
    at Socket._write (node:net:1037:8)
    at writeOrBuffer (node:internal/streams/writable:570:12)
    at _write (node:internal/streams/writable:499:10)
    at Writable.write (node:internal/streams/writable:508:10)
    at Console.log (/opt/homebrew/Cellar/firebase-cli/14.11.0/libexec/lib/node_modules/firebase-tools/node_modules/winston/lib/winston/transports/console.js:87:23)
    at Console._write (/opt/homebrew/Cellar/firebase-cli/14.11.0/libexec/lib/node_modules/firebase-tools/node_modules/winston-transport/modern.js:103:17)
    at doWrite (/opt/homebrew/Cellar/firebase-cli/14.11.0/libexec/lib/node_modules/firebase-tools/node_modules/winston-transport/node_modules/readable-stream/lib/_stream_writable.js:390:139)
[error] 
[error] Error: An unexpected error has occurred.
[debug] [2026-07-03T10:44:03.303Z] Error: write EPIPE
    at afterWriteDispatched (node:internal/stream_base_commons:159:15)
    at writeGeneric (node:internal/stream_base_commons:150:3)
    at Socket._writeGeneric (node:net:1025:11)
    at Socket._write (node:net:1037:8)
    at writeOrBuffer (node:internal/streams/writable:570:12)
    at _write (node:internal/streams/writable:499:10)
    at Writable.write (node:internal/streams/writable:508:10)
    at Console.log (/opt/homebrew/Cellar/firebase-cli/14.11.0/libexec/lib/node_modules/firebase-tools/node_modules/winston/lib/winston/transports/console.js:87:23)
    at Console._write (/opt/homebrew/Cellar/firebase-cli/14.11.0/libexec/lib/node_modules/firebase-tools/node_modules/winston-transport/modern.js:103:17)
    at doWrite (/opt/homebrew/Cellar/firebase-cli/14.11.0/libexec/lib/node_modules/firebase-tools/node_modules/winston-transport/node_modules/readable-stream/lib/_stream_writable.js:390:139)
[error] 
[error] Error: An unexpected error has occurred.
[debug] [2026-07-03T10:44:03.303Z] Error: write EPIPE
    at afterWriteDispatched (node:internal/stream_base_commons:159:15)
    at writeGeneric (node:internal/stream_base_commons:150:3)
    at Socket._writeGeneric (node:net:1025:11)
    at Socket._write (node:net:1037:8)
    at writeOrBuffer (node:internal/streams/writable:570:12)
    at _write (node:internal/streams/writable:499:10)
    at Writable.write (node:internal/streams/writable:508:10)
    at Console.log (/opt/homebrew/Cellar/firebase-cli/14.11.0/libexec/lib/node_modules/firebase-tools/node_modules/winston/lib/winston/transports/console.js:87:23)
    at Console._write (/opt/homebrew/Cellar/firebase-cli/14.11.0/libexec/lib/node_modules/firebase-tools/node_modules/winston-transport/modern.js:103:17)
    at doWrite (/opt/homebrew/Cellar/firebase-cli/14.11.0/libexec/lib/node_modules/firebase-tools/node_modules/winston-transport/node_modules/readable-stream/lib/_stream_writable.js:390:139)
[error] 
[error] Error: An unexpected error has occurred.
[debug] [2026-07-03T10:44:03.303Z] Error: write EPIPE
    at afterWriteDispatched (node:internal/stream_base_commons:159:15)
    at writeGeneric (node:internal/stream_base_commons:150:3)
    at Socket._writeGeneric (node:net:1025:11)
    at Socket._write (node:net:1037:8)
    at writeOrBuffer (node:internal/streams/writable:570:12)
    at _write (node:internal/streams/writable:499:10)
    at Writable.write (node:internal/streams/writable:508:10)
    at Console.log (/opt/homebrew/Cellar/firebase-cli/14.11.0/libexec/lib/node_modules/firebase-tools/node_modules/winston/lib/winston/transports/console.js:87:23)
    at Console._write (/opt/homebrew/Cellar/firebase-cli/14.11.0/libexec/lib/node_modules/firebase-tools/node_modules/winston-transport/modern.js:103:17)
    at doWrite (/opt/homebrew/Cellar/firebase-cli/14.11.0/libexec/lib/node_modules/firebase-tools/node_modules/winston-transport/node_modules/readable-stream/lib/_stream_writable.js:390:139)
[error] 
[error] Error: An unexpected error has occurred.
[debug] [2026-07-03T10:44:03.303Z] Error: write EPIPE
    at afterWriteDispatched (node:internal/stream_base_commons:159:15)
    at writeGeneric (node:internal/stream_base_commons:150:3)
    at Socket._writeGeneric (node:net:1025:11)
    at Socket._write (node:net:1037:8)
    at writeOrBuffer (node:internal/streams/writable:570:12)
    at _write (node:internal/streams/writable:499:10)
    at Writable.write (node:internal/streams/writable:508:10)
    at Console.log (/opt/homebrew/Cellar/firebase-cli/14.11.0/libexec/lib/node_modules/firebase-tools/node_modules/winston/lib/winston/transports/console.js:87:23)
    at Console._write (/opt/homebrew/Cellar/firebase-cli/14.11.0/libexec/lib/node_modules/firebase-tools/node_modules/winston-transport/modern.js:103:17)
    at doWrite (/opt/homebrew/Cellar/firebase-cli/14.11.0/libexec/lib/node_modules/firebase-tools/node_modules/winston-transport/node_modules/readable-stream/lib/_stream_writable.js:390:139)
[error] 
[error] Error: An unexpected error has occurred.
[debug] [2026-07-03T10:44:03.304Z] Error: write EPIPE
    at afterWriteDispatched (node:internal/stream_base_commons:159:15)
    at writeGeneric (node:internal/stream_base_commons:150:3)
    at Socket._writeGeneric (node:net:1025:11)
    at Socket._write (node:net:1037:8)
    at writeOrBuffer (node:internal/streams/writable:570:12)
    at _write (node:internal/streams/writable:499:10)
    at Writable.write (node:internal/streams/writable:508:10)
    at Console.log (/opt/homebrew/Cellar/firebase-cli/14.11.0/libexec/lib/node_modules/firebase-tools/node_modules/winston/lib/winston/transports/console.js:87:23)
    at Console._write (/opt/homebrew/Cellar/firebase-cli/14.11.0/libexec/lib/node_modules/firebase-tools/node_modules/winston-transport/modern.js:103:17)
    at doWrite (/opt/homebrew/Cellar/firebase-cli/14.11.0/libexec/lib/node_modules/firebase-tools/node_modules/winston-transport/node_modules/readable-stream/lib/_stream_writable.js:390:139)
[error] 
[error] Error: An unexpected error has occurred.
[debug] [2026-07-03T10:44:03.304Z] Error: write EPIPE
    at afterWriteDispatched (node:internal/stream_base_commons:159:15)
    at writeGeneric (node:internal/stream_base_commons:150:3)
    at Socket._writeGeneric (node:net:1025:11)
    at Socket._write (node:net:1037:8)
    at writeOrBuffer (node:internal/streams/writable:570:12)
    at _write (node:internal/streams/writable:499:10)
    at Writable.write (node:internal/streams/writable:508:10)
    at Console.log (/opt/homebrew/Cellar/firebase-cli/14.11.0/libexec/lib/node_modules/firebase-tools/node_modules/winston/lib/winston/transports/console.js:87:23)
    at Console._write (/opt/homebrew/Cellar/firebase-cli/14.11.0/libexec/lib/node_modules/firebase-tools/node_modules/winston-transport/modern.js:103:17)
    at doWrite (/opt/homebrew/Cellar/firebase-cli/14.11.0/libexec/lib/node_modules/firebase-tools/node_modules/winston-transport/node_modules/readable-stream/lib/_stream_writable.js:390:139)
[error] 
[error] Error: An unexpected error has occurred.
[debug] [2026-07-03T10:44:03.304Z] Error: write EPIPE
    at afterWriteDispatched (node:internal/stream_base_commons:159:15)
    at writeGeneric (node:internal/stream_base_commons:150:3)
    at Socket._writeGeneric (node:net:1025:11)
    at Socket._write (node:net:1037:8)
    at writeOrBuffer (node:internal/streams/writable:570:12)
    at _write (node:internal/streams/writable:499:10)
    at Writable.write (node:internal/streams/writable:508:10)
    at Console.log (/opt/homebrew/Cellar/firebase-cli/14.11.0/libexec/lib/node_modules/firebase-tools/node_modules/winston/lib/winston/transports/console.js:87:23)
    at Console._write (/opt/homebrew/Cellar/firebase-cli/14.11.0/libexec/lib/node_modules/firebase-tools/node_modules/winston-transport/modern.js:103:17)
    at doWrite (/opt/homebrew/Cellar/firebase-cli/14.11.0/libexec/lib/node_modules/firebase-tools/node_modules/winston-transport/node_modules/readable-stream/lib/_stream_writable.js:390:139)
[error] 
[error] Error: An unexpected error has occurred.
[debug] [2026-07-03T10:44:03.304Z] Error: write EPIPE
    at afterWriteDispatched (node:internal/stream_base_commons:159:15)
    at writeGeneric (node:internal/stream_base_commons:150:3)
    at Socket._writeGeneric (node:net:1025:11)
    at Socket._write (node:net:1037:8)
    at writeOrBuffer (node:internal/streams/writable:570:12)
    at _write (node:internal/streams/writable:499:10)
    at Writable.write (node:internal/streams/writable:508:10)
    at Console.log (/opt/homebrew/Cellar/firebase-cli/14.11.0/libexec/lib/node_modules/firebase-tools/node_modules/winston/lib/winston/transports/console.js:87:23)
    at Console._write (/opt/homebrew/Cellar/firebase-cli/14.11.0/libexec/lib/node_modules/firebase-tools/node_modules/winston-transport/modern.js:103:17)
    at doWrite (/opt/homebrew/Cellar/firebase-cli/14.11.0/libexec/lib/node_modules/firebase-tools/node_modules/winston-transport/node_modules/readable-stream/lib/_stream_writable.js:390:139)
[error] 
[error] Error: An unexpected error has occurred.
[debug] [2026-07-03T10:44:03.304Z] Error: write EPIPE
    at afterWriteDispatched (node:internal/stream_base_commons:159:15)
    at writeGeneric (node:internal/stream_base_commons:150:3)
    at Socket._writeGeneric (node:net:1025:11)
    at Socket._write (node:net:1037:8)
    at writeOrBuffer (node:internal/streams/writable:570:12)
    at _write (node:internal/streams/writable:499:10)
    at Writable.write (node:internal/streams/writable:508:10)
    at Console.log (/opt/homebrew/Cellar/firebase-cli/14.11.0/libexec/lib/node_modules/firebase-tools/node_modules/winston/lib/winston/transports/console.js:87:23)
    at Console._write (/opt/homebrew/Cellar/firebase-cli/14.11.0/libexec/lib/node_modules/firebase-tools/node_modules/winston-transport/modern.js:103:17)
    at doWrite (/opt/homebrew/Cellar/firebase-cli/14.11.0/libexec/lib/node_modules/firebase-tools/node_modules/winston-transport/node_modules/readable-stream/lib/_stream_writable.js:390:139)
[error] 
[error] Error: An unexpected error has occurred.
[debug] [2026-07-03T10:44:03.304Z] Error: write EPIPE
    at afterWriteDispatched (node:internal/stream_base_commons:159:15)
    at writeGeneric (node:internal/stream_base_commons:150:3)
    at Socket._writeGeneric (node:net:1025:11)
    at Socket._write (node:net:1037:8)
    at writeOrBuffer (node:internal/streams/writable:570:12)
    at _write (node:internal/streams/writable:499:10)
    at Writable.write (node:internal/streams/writable:508:10)
    at Console.log (/opt/homebrew/Cellar/firebase-cli/14.11.0/libexec/lib/node_modules/firebase-tools/node_modules/winston/lib/winston/transports/console.js:87:23)
    at Console._write (/opt/homebrew/Cellar/firebase-cli/14.11.0/libexec/lib/node_modules/firebase-tools/node_modules/winston-transport/modern.js:103:17)
    at doWrite (/opt/homebrew/Cellar/firebase-cli/14.11.0/libexec/lib/node_modules/firebase-tools/node_modules/winston-transport/node_modules/readable-stream/lib/_stream_writable.js:390:139)
[error] 
